animal_id,session,choice,proportion,Choice,percentage
W051,326,1,0.4586894586894587,Right,45.87
W051,326,0,0.4444444444444444,Left,44.44
W051,326,2,0.09686609686609686,Violation,9.69
W051,327,1,0.4588744588744589,Right,45.89
W051,327,0,0.43722943722943725,Left,43.72
W051,327,2,0.1038961038961039,Violation,10.39
W051,328,0,0.4602272727272727,Left,46.02
W051,328,1,0.4431818181818182,Right,44.32
W051,328,2,0.09659090909090909,Violation,9.66
W051,329,1,0.4541984732824427,Right,45.42
W051,329,0,0.44656488549618323,Left,44.66
W051,329,2,0.09923664122137404,Violation,9.92
W051,330,1,0.47229551451187335,Right,47.23
W051,330,0,0.41688654353562005,Left,41.69
W051,330,2,0.11081794195250659,Violation,11.08
W051,331,0,0.4586206896551724,Left,45.86
W051,331,1,0.4,Right,40.0
W051,331,2,0.1413793103448276,Violation,14.14
W051,332,0,0.4859154929577465,Left,48.59
W051,332,1,0.4154929577464789,Right,41.55
W051,332,2,0.09859154929577464,Violation,9.86
W051,333,0,0.3951367781155015,Left,39.51
W051,333,1,0.3373860182370821,Right,33.74
W051,333,2,0.2674772036474164,Violation,26.75
W051,334,0,0.39552238805970147,Left,39.55
W051,334,1,0.39552238805970147,Right,39.55
W051,334,2,0.208955223880597,Violation,20.9
W051,339,1,0.4342105263157895,Right,43.42
W051,339,0,0.4144736842105263,Left,41.45
W051,339,2,0.1513157894736842,Violation,15.13
W051,340,1,0.450199203187251,Right,45.02
W051,340,0,0.4342629482071713,Left,43.43
W051,340,2,0.11553784860557768,Violation,11.55
W051,341,0,0.44493392070484583,Left,44.49
W051,341,1,0.3788546255506608,Right,37.89
W051,341,2,0.1762114537444934,Violation,17.62
W051,342,1,0.4790697674418605,Right,47.91
W051,342,0,0.3930232558139535,Left,39.3
W051,342,2,0.12790697674418605,Violation,12.79
W051,343,1,0.49159663865546216,Right,49.16
W051,343,0,0.44537815126050423,Left,44.54
W051,343,2,0.06302521008403361,Violation,6.3
W051,344,0,0.44772727272727275,Left,44.77
W051,344,1,0.4431818181818182,Right,44.32
W051,344,2,0.10909090909090909,Violation,10.91
W051,345,1,0.4858757062146893,Right,48.59
W051,345,0,0.4406779661016949,Left,44.07
W051,345,2,0.07344632768361582,Violation,7.34
W051,347,0,0.4388888888888889,Left,43.89
W051,347,1,0.4166666666666667,Right,41.67
W051,347,2,0.14444444444444443,Violation,14.44
W051,348,0,0.4855305466237942,Left,48.55
W051,348,1,0.4340836012861736,Right,43.41
W051,348,2,0.08038585209003216,Violation,8.04
W051,349,1,0.48293963254593175,Right,48.29
W051,349,0,0.4435695538057743,Left,44.36
W051,349,2,0.07349081364829396,Violation,7.35
W051,350,1,0.4954128440366973,Right,49.54
W051,350,0,0.42201834862385323,Left,42.2
W051,350,2,0.08256880733944955,Violation,8.26
W051,351,0,0.45555555555555555,Left,45.56
W051,351,1,0.4388888888888889,Right,43.89
W051,351,2,0.10555555555555556,Violation,10.56
W051,352,0,0.5,Left,50.0
W051,352,1,0.4351851851851852,Right,43.52
W051,352,2,0.06481481481481481,Violation,6.48
W051,353,1,0.465,Right,46.5
W051,353,0,0.4025,Left,40.25
W051,353,2,0.1325,Violation,13.25
W051,354,0,0.44871794871794873,Left,44.87
W051,354,1,0.44871794871794873,Right,44.87
W051,354,2,0.10256410256410256,Violation,10.26
W051,355,0,0.45038167938931295,Left,45.04
W051,355,1,0.4402035623409669,Right,44.02
W051,355,2,0.10941475826972011,Violation,10.94
W051,356,0,0.43564356435643564,Left,43.56
W051,356,1,0.43234323432343236,Right,43.23
W051,356,2,0.132013201320132,Violation,13.2
W051,357,0,0.476056338028169,Left,47.61
W051,357,1,0.4169014084507042,Right,41.69
W051,357,2,0.10704225352112676,Violation,10.7
W051,358,0,0.4265927977839335,Left,42.66
W051,358,1,0.407202216066482,Right,40.72
W051,358,2,0.16620498614958448,Violation,16.62
W051,359,1,0.45348837209302323,Right,45.35
W051,359,0,0.43023255813953487,Left,43.02
W051,359,2,0.11627906976744186,Violation,11.63
W051,360,0,0.4557291666666667,Left,45.57
W051,360,1,0.4244791666666667,Right,42.45
W051,360,2,0.11979166666666667,Violation,11.98
W051,361,0,0.4669811320754717,Left,46.7
W051,361,1,0.42924528301886794,Right,42.92
W051,361,2,0.10377358490566038,Violation,10.38
W051,362,1,0.4594594594594595,Right,45.95
W051,362,0,0.44963144963144963,Left,44.96
W051,362,2,0.09090909090909091,Violation,9.09
W051,363,1,0.45979899497487436,Right,45.98
W051,363,0,0.4045226130653266,Left,40.45
W051,363,2,0.135678391959799,Violation,13.57
W051,364,1,0.4491725768321513,Right,44.92
W051,364,0,0.41843971631205673,Left,41.84
W051,364,2,0.13238770685579196,Violation,13.24
W051,365,1,0.44972067039106145,Right,44.97
W051,365,0,0.43575418994413406,Left,43.58
W051,365,2,0.11452513966480447,Violation,11.45
W051,366,1,0.43859649122807015,Right,43.86
W051,366,0,0.41854636591478694,Left,41.85
W051,366,2,0.14285714285714285,Violation,14.29
W051,367,1,0.4561933534743202,Right,45.62
W051,367,0,0.44410876132930516,Left,44.41
W051,367,2,0.09969788519637462,Violation,9.97
W051,368,0,0.4144144144144144,Left,41.44
W051,368,1,0.4144144144144144,Right,41.44
W051,368,2,0.17117117117117117,Violation,17.12
W051,369,1,0.47246376811594204,Right,47.25
W051,369,0,0.45217391304347826,Left,45.22
W051,369,2,0.07536231884057971,Violation,7.54
W051,370,1,0.46475195822454307,Right,46.48
W051,370,0,0.4073107049608355,Left,40.73
W051,370,2,0.1279373368146214,Violation,12.79
W051,371,0,0.45145631067961167,Left,45.15
W051,371,1,0.441747572815534,Right,44.17
W051,371,2,0.10679611650485436,Violation,10.68
W051,373,1,0.46503496503496505,Right,46.5
W051,373,0,0.44405594405594406,Left,44.41
W051,373,2,0.09090909090909091,Violation,9.09
W051,374,1,0.4806451612903226,Right,48.06
W051,374,0,0.4032258064516129,Left,40.32
W051,374,2,0.11612903225806452,Violation,11.61
W051,375,1,0.4097222222222222,Right,40.97
W051,375,0,0.3958333333333333,Left,39.58
W051,375,2,0.19444444444444445,Violation,19.44
W051,376,0,0.42670157068062825,Left,42.67
W051,376,1,0.4031413612565445,Right,40.31
W051,376,2,0.17015706806282724,Violation,17.02
W051,377,1,0.4160206718346253,Right,41.6
W051,377,0,0.4134366925064599,Left,41.34
W051,377,2,0.17054263565891473,Violation,17.05
W051,378,1,0.4252199413489736,Right,42.52
W051,378,0,0.39296187683284456,Left,39.3
W051,378,2,0.18181818181818182,Violation,18.18
W051,379,1,0.392018779342723,Right,39.2
W051,379,0,0.38497652582159625,Left,38.5
W051,379,2,0.22300469483568075,Violation,22.3
W051,380,0,0.43874643874643876,Left,43.87
W051,380,1,0.42165242165242167,Right,42.17
W051,380,2,0.1396011396011396,Violation,13.96
W051,381,1,0.4368421052631579,Right,43.68
W051,381,0,0.3868421052631579,Left,38.68
W051,381,2,0.1763157894736842,Violation,17.63
W051,382,1,0.4375,Right,43.75
W051,382,0,0.4276315789473684,Left,42.76
W051,382,2,0.13486842105263158,Violation,13.49
W051,383,0,0.45565749235474007,Left,45.57
W051,383,1,0.42813455657492355,Right,42.81
W051,383,2,0.1162079510703364,Violation,11.62
W051,384,1,0.4808259587020649,Right,48.08
W051,384,0,0.41002949852507375,Left,41.0
W051,384,2,0.10914454277286136,Violation,10.91
W051,385,1,0.4214876033057851,Right,42.15
W051,385,0,0.3939393939393939,Left,39.39
W051,385,2,0.18457300275482094,Violation,18.46
W051,386,0,0.4463768115942029,Left,44.64
W051,386,1,0.43478260869565216,Right,43.48
W051,386,2,0.11884057971014493,Violation,11.88
W051,387,0,0.42592592592592593,Left,42.59
W051,387,1,0.4104938271604938,Right,41.05
W051,387,2,0.16358024691358025,Violation,16.36
W051,388,0,0.4421052631578947,Left,44.21
W051,388,1,0.40789473684210525,Right,40.79
W051,388,2,0.15,Violation,15.0
W051,389,1,0.45689655172413796,Right,45.69
W051,389,0,0.4396551724137931,Left,43.97
W051,389,2,0.10344827586206896,Violation,10.34
W051,390,0,0.4894366197183099,Left,48.94
W051,390,1,0.397887323943662,Right,39.79
W051,390,2,0.11267605633802817,Violation,11.27
W051,391,0,0.4584527220630373,Left,45.85
W051,391,1,0.44126074498567336,Right,44.13
W051,391,2,0.10028653295128939,Violation,10.03
W051,392,0,0.44970414201183434,Left,44.97
W051,392,1,0.40828402366863903,Right,40.83
W051,392,2,0.14201183431952663,Violation,14.2
W051,393,0,0.46629213483146065,Left,46.63
W051,393,1,0.41853932584269665,Right,41.85
W051,393,2,0.1151685393258427,Violation,11.52
W051,394,0,0.41156462585034015,Left,41.16
W051,394,1,0.391156462585034,Right,39.12
W051,394,2,0.19727891156462585,Violation,19.73
W051,395,0,0.4148936170212766,Left,41.49
W051,395,1,0.41134751773049644,Right,41.13
W051,395,2,0.17375886524822695,Violation,17.38
W051,396,1,0.45051194539249145,Right,45.05
W051,396,0,0.40273037542662116,Left,40.27
W051,396,2,0.14675767918088736,Violation,14.68
W051,397,0,0.4248927038626609,Left,42.49
W051,397,1,0.4206008583690987,Right,42.06
W051,397,2,0.15450643776824036,Violation,15.45
W051,398,1,0.47513812154696133,Right,47.51
W051,398,0,0.43646408839779005,Left,43.65
W051,398,2,0.08839779005524862,Violation,8.84
W051,399,1,0.44047619047619047,Right,44.05
W051,399,0,0.43154761904761907,Left,43.15
W051,399,2,0.12797619047619047,Violation,12.8
W051,400,1,0.44473684210526315,Right,44.47
W051,400,0,0.42894736842105263,Left,42.89
W051,400,2,0.12631578947368421,Violation,12.63
W051,401,1,0.4369747899159664,Right,43.7
W051,401,0,0.43137254901960786,Left,43.14
W051,401,2,0.13165266106442577,Violation,13.17
W051,402,0,0.4813753581661891,Left,48.14
W051,402,1,0.4469914040114613,Right,44.7
W051,402,2,0.07163323782234957,Violation,7.16
W051,403,1,0.46462264150943394,Right,46.46
W051,403,0,0.42452830188679247,Left,42.45
W051,403,2,0.11084905660377359,Violation,11.08
W051,404,1,0.46153846153846156,Right,46.15
W051,404,0,0.4246153846153846,Left,42.46
W051,404,2,0.11384615384615385,Violation,11.38
W051,405,1,0.4506172839506173,Right,45.06
W051,405,0,0.36728395061728397,Left,36.73
W051,405,2,0.18209876543209877,Violation,18.21
W051,406,1,0.46782178217821785,Right,46.78
W051,406,0,0.39851485148514854,Left,39.85
W051,406,2,0.13366336633663367,Violation,13.37
W051,407,1,0.45098039215686275,Right,45.1
W051,407,0,0.4425770308123249,Left,44.26
W051,407,2,0.10644257703081232,Violation,10.64
W051,408,1,0.4601226993865031,Right,46.01
W051,408,0,0.4233128834355828,Left,42.33
W051,408,2,0.1165644171779141,Violation,11.66
W051,409,1,0.42073170731707316,Right,42.07
W051,409,0,0.39939024390243905,Left,39.94
W051,409,2,0.1798780487804878,Violation,17.99
W051,410,0,0.4586206896551724,Left,45.86
W051,410,1,0.3758620689655172,Right,37.59
W051,410,2,0.16551724137931034,Violation,16.55
W051,411,0,0.4208754208754209,Left,42.09
W051,411,1,0.39730639730639733,Right,39.73
W051,411,2,0.18181818181818182,Violation,18.18
W051,412,1,0.41901408450704225,Right,41.9
W051,412,0,0.40492957746478875,Left,40.49
W051,412,2,0.176056338028169,Violation,17.61
W051,413,0,0.4482758620689655,Left,44.83
W051,413,1,0.41379310344827586,Right,41.38
W051,413,2,0.13793103448275862,Violation,13.79
W051,414,1,0.4106583072100313,Right,41.07
W051,414,0,0.36363636363636365,Left,36.36
W051,414,2,0.22570532915360503,Violation,22.57
W051,415,1,0.44038929440389296,Right,44.04
W051,415,0,0.36739659367396593,Left,36.74
W051,415,2,0.1922141119221411,Violation,19.22
W051,416,1,0.43342776203966005,Right,43.34
W051,416,0,0.4192634560906516,Left,41.93
W051,416,2,0.14730878186968838,Violation,14.73
W051,417,1,0.4567901234567901,Right,45.68
W051,417,0,0.404320987654321,Left,40.43
W051,417,2,0.1388888888888889,Violation,13.89
W051,418,0,0.4565916398713826,Left,45.66
W051,418,1,0.43729903536977494,Right,43.73
W051,418,2,0.10610932475884244,Violation,10.61
W051,419,1,0.46153846153846156,Right,46.15
W051,419,0,0.42857142857142855,Left,42.86
W051,419,2,0.10989010989010989,Violation,10.99
W051,420,1,0.3906633906633907,Right,39.07
W051,420,0,0.36855036855036855,Left,36.86
W051,420,2,0.24078624078624078,Violation,24.08
W051,421,1,0.4827586206896552,Right,48.28
W051,421,0,0.40344827586206894,Left,40.34
W051,421,2,0.11379310344827587,Violation,11.38
W051,422,1,0.40412979351032446,Right,40.41
W051,422,0,0.3952802359882006,Left,39.53
W051,422,2,0.20058997050147492,Violation,20.06
W051,423,1,0.43015521064301554,Right,43.02
W051,423,0,0.38137472283813745,Left,38.14
W051,423,2,0.188470066518847,Violation,18.85
W051,424,1,0.43832020997375326,Right,43.83
W051,424,0,0.4094488188976378,Left,40.94
W051,424,2,0.15223097112860892,Violation,15.22
W051,425,0,0.45014245014245013,Left,45.01
W051,425,1,0.4415954415954416,Right,44.16
W051,425,2,0.10826210826210826,Violation,10.83
W051,426,1,0.4385150812064965,Right,43.85
W051,426,0,0.37819025522041766,Left,37.82
W051,426,2,0.18329466357308585,Violation,18.33
W051,427,1,0.3947990543735225,Right,39.48
W051,427,0,0.37825059101654845,Left,37.83
W051,427,2,0.22695035460992907,Violation,22.7
W051,428,0,0.43844492440604754,Left,43.84
W051,428,1,0.4146868250539957,Right,41.47
W051,428,2,0.1468682505399568,Violation,14.69
W051,429,0,0.4394736842105263,Left,43.95
W051,429,1,0.42105263157894735,Right,42.11
W051,429,2,0.1394736842105263,Violation,13.95
W051,430,0,0.45416666666666666,Left,45.42
W051,430,1,0.44583333333333336,Right,44.58
W051,430,2,0.1,Violation,10.0
W051,431,0,0.4405594405594406,Left,44.06
W051,431,1,0.4370629370629371,Right,43.71
W051,431,2,0.12237762237762238,Violation,12.24
W051,432,1,0.4317343173431734,Right,43.17
W051,432,0,0.39114391143911437,Left,39.11
W051,432,2,0.17712177121771217,Violation,17.71
W051,433,1,0.42891566265060244,Right,42.89
W051,433,0,0.39036144578313253,Left,39.04
W051,433,2,0.18072289156626506,Violation,18.07
W051,434,1,0.4506024096385542,Right,45.06
W051,434,0,0.41927710843373495,Left,41.93
W051,434,2,0.13012048192771083,Violation,13.01
W051,435,1,0.4513888888888889,Right,45.14
W051,435,0,0.38425925925925924,Left,38.43
W051,435,2,0.16435185185185186,Violation,16.44
W051,436,0,0.41163793103448276,Left,41.16
W051,436,1,0.38362068965517243,Right,38.36
W051,436,2,0.20474137931034483,Violation,20.47
W051,437,1,0.4720930232558139,Right,47.21
W051,437,0,0.42093023255813955,Left,42.09
W051,437,2,0.10697674418604651,Violation,10.7
W051,438,1,0.43628509719222464,Right,43.63
W051,438,0,0.4017278617710583,Left,40.17
W051,438,2,0.16198704103671707,Violation,16.2
W051,439,1,0.44038929440389296,Right,44.04
W051,439,0,0.39659367396593675,Left,39.66
W051,439,2,0.1630170316301703,Violation,16.3
W051,440,1,0.45305164319248825,Right,45.31
W051,440,0,0.41784037558685444,Left,41.78
W051,440,2,0.12910798122065728,Violation,12.91
W051,441,1,0.43874643874643876,Right,43.87
W051,441,0,0.4017094017094017,Left,40.17
W051,441,2,0.15954415954415954,Violation,15.95
W051,442,0,0.42574257425742573,Left,42.57
W051,442,1,0.42326732673267325,Right,42.33
W051,442,2,0.15099009900990099,Violation,15.1
W051,443,0,0.44630071599045346,Left,44.63
W051,443,1,0.4105011933174224,Right,41.05
W051,443,2,0.1431980906921241,Violation,14.32
W051,444,0,0.42790697674418604,Left,42.79
W051,444,1,0.4046511627906977,Right,40.47
W051,444,2,0.16744186046511628,Violation,16.74
W051,445,0,0.44299674267100975,Left,44.3
W051,445,1,0.42671009771986973,Right,42.67
W051,445,2,0.13029315960912052,Violation,13.03
W051,446,1,0.4119718309859155,Right,41.2
W051,446,0,0.3908450704225352,Left,39.08
W051,446,2,0.19718309859154928,Violation,19.72
W051,447,1,0.45454545454545453,Right,45.45
W051,447,0,0.4079822616407982,Left,40.8
W051,447,2,0.13747228381374724,Violation,13.75
W051,448,1,0.4578313253012048,Right,45.78
W051,448,0,0.4126506024096386,Left,41.27
W051,448,2,0.12951807228915663,Violation,12.95
W051,449,0,0.4497354497354497,Left,44.97
W051,449,1,0.42592592592592593,Right,42.59
W051,449,2,0.12433862433862433,Violation,12.43
W051,450,1,0.4014778325123153,Right,40.15
W051,450,0,0.3374384236453202,Left,33.74
W051,450,2,0.26108374384236455,Violation,26.11
W051,451,0,0.41450777202072536,Left,41.45
W051,451,1,0.39896373056994816,Right,39.9
W051,451,2,0.18652849740932642,Violation,18.65
W051,452,0,0.44495412844036697,Left,44.5
W051,452,1,0.42201834862385323,Right,42.2
W051,452,2,0.13302752293577982,Violation,13.3
W051,453,1,0.4434389140271493,Right,44.34
W051,453,0,0.42081447963800905,Left,42.08
W051,453,2,0.13574660633484162,Violation,13.57
W051,454,1,0.46958637469586373,Right,46.96
W051,454,0,0.36496350364963503,Left,36.5
W051,454,2,0.1654501216545012,Violation,16.55
W051,455,1,0.4576271186440678,Right,45.76
W051,455,0,0.4350282485875706,Left,43.5
W051,455,2,0.10734463276836158,Violation,10.73
W051,456,1,0.39603960396039606,Right,39.6
W051,456,0,0.33663366336633666,Left,33.66
W051,456,2,0.26732673267326734,Violation,26.73
W051,457,0,0.4473007712082262,Left,44.73
W051,457,1,0.44473007712082263,Right,44.47
W051,457,2,0.10796915167095116,Violation,10.8
W051,458,1,0.46275395033860045,Right,46.28
W051,458,0,0.4401805869074492,Left,44.02
W051,458,2,0.09706546275395034,Violation,9.71
W051,459,1,0.46403712296983757,Right,46.4
W051,459,0,0.43387470997679817,Left,43.39
W051,459,2,0.10208816705336426,Violation,10.21
W051,460,0,0.45093457943925236,Left,45.09
W051,460,1,0.45093457943925236,Right,45.09
W051,460,2,0.09813084112149532,Violation,9.81
W051,461,1,0.4447592067988669,Right,44.48
W051,461,0,0.39943342776203966,Left,39.94
W051,461,2,0.1558073654390935,Violation,15.58
W051,462,1,0.45325779036827196,Right,45.33
W051,462,0,0.42776203966005666,Left,42.78
W051,462,2,0.11898016997167139,Violation,11.9
W051,464,1,0.4619718309859155,Right,46.2
W051,464,0,0.4394366197183099,Left,43.94
W051,464,2,0.09859154929577464,Violation,9.86
W051,465,1,0.45544554455445546,Right,45.54
W051,465,0,0.4306930693069307,Left,43.07
W051,465,2,0.11386138613861387,Violation,11.39
W051,466,1,0.48364485981308414,Right,48.36
W051,466,0,0.42757009345794394,Left,42.76
W051,466,2,0.08878504672897196,Violation,8.88
W051,467,1,0.4640198511166253,Right,46.4
W051,467,0,0.43672456575682383,Left,43.67
W051,467,2,0.09925558312655088,Violation,9.93
W051,468,1,0.4629080118694362,Right,46.29
W051,468,0,0.41543026706231456,Left,41.54
W051,468,2,0.12166172106824925,Violation,12.17
W051,469,1,0.4607329842931937,Right,46.07
W051,469,0,0.4319371727748691,Left,43.19
W051,469,2,0.10732984293193717,Violation,10.73
W051,470,1,0.44675925925925924,Right,44.68
W051,470,0,0.38657407407407407,Left,38.66
W051,470,2,0.16666666666666666,Violation,16.67
W051,471,0,0.4642857142857143,Left,46.43
W051,471,1,0.45714285714285713,Right,45.71
W051,471,2,0.07857142857142857,Violation,7.86
W051,472,1,0.37701149425287356,Right,37.7
W051,472,0,0.37471264367816093,Left,37.47
W051,472,2,0.2482758620689655,Violation,24.83
W051,473,1,0.4371069182389937,Right,43.71
W051,473,0,0.4119496855345912,Left,41.19
W051,473,2,0.1509433962264151,Violation,15.09
W051,474,1,0.3955056179775281,Right,39.55
W051,474,0,0.34606741573033706,Left,34.61
W051,474,2,0.25842696629213485,Violation,25.84
W051,475,1,0.42391304347826086,Right,42.39
W051,475,0,0.41304347826086957,Left,41.3
W051,475,2,0.16304347826086957,Violation,16.3
W051,476,1,0.4227941176470588,Right,42.28
W051,476,0,0.40441176470588236,Left,40.44
W051,476,2,0.17279411764705882,Violation,17.28
W051,477,1,0.4229390681003584,Right,42.29
W051,477,0,0.4157706093189964,Left,41.58
W051,477,2,0.16129032258064516,Violation,16.13
W051,478,0,0.358974358974359,Left,35.9
W051,478,1,0.358974358974359,Right,35.9
W051,478,2,0.28205128205128205,Violation,28.21
W051,479,0,0.42424242424242425,Left,42.42
W051,479,1,0.4217171717171717,Right,42.17
W051,479,2,0.15404040404040403,Violation,15.4
W051,480,1,0.44529262086513993,Right,44.53
W051,480,0,0.43256997455470736,Left,43.26
W051,480,2,0.12213740458015267,Violation,12.21
W051,481,1,0.4482758620689655,Right,44.83
W051,481,0,0.3891625615763547,Left,38.92
W051,481,2,0.1625615763546798,Violation,16.26
W051,482,1,0.49759615384615385,Right,49.76
W051,482,0,0.42788461538461536,Left,42.79
W051,482,2,0.07451923076923077,Violation,7.45
W051,483,1,0.4811594202898551,Right,48.12
W051,483,0,0.4289855072463768,Left,42.9
W051,483,2,0.08985507246376812,Violation,8.99
W051,484,1,0.4258064516129032,Right,42.58
W051,484,0,0.4,Left,40.0
W051,484,2,0.17419354838709677,Violation,17.42
W051,485,0,0.4258064516129032,Left,42.58
W051,485,1,0.3967741935483871,Right,39.68
W051,485,2,0.1774193548387097,Violation,17.74
W051,486,1,0.47368421052631576,Right,47.37
W051,486,0,0.4138755980861244,Left,41.39
W051,486,2,0.11244019138755981,Violation,11.24
W051,487,0,0.45560747663551404,Left,45.56
W051,487,1,0.4205607476635514,Right,42.06
W051,487,2,0.12383177570093458,Violation,12.38
W051,488,1,0.47961630695443647,Right,47.96
W051,488,0,0.4052757793764988,Left,40.53
W051,488,2,0.11510791366906475,Violation,11.51
W051,489,1,0.43315508021390375,Right,43.32
W051,489,0,0.4304812834224599,Left,43.05
W051,489,2,0.13636363636363635,Violation,13.64
W051,490,0,0.46511627906976744,Left,46.51
W051,490,1,0.3953488372093023,Right,39.53
W051,490,2,0.13953488372093023,Violation,13.95
W051,491,1,0.45154185022026433,Right,45.15
W051,491,0,0.43392070484581496,Left,43.39
W051,491,2,0.1145374449339207,Violation,11.45
W051,492,0,0.44786729857819907,Left,44.79
W051,492,1,0.44786729857819907,Right,44.79
W051,492,2,0.10426540284360189,Violation,10.43
W051,493,0,0.45598194130925507,Left,45.6
W051,493,1,0.435665914221219,Right,43.57
W051,493,2,0.10835214446952596,Violation,10.84
W051,494,1,0.46246973365617433,Right,46.25
W051,494,0,0.43099273607748184,Left,43.1
W051,494,2,0.10653753026634383,Violation,10.65
W051,495,0,0.4223433242506812,Left,42.23
W051,495,1,0.4141689373297003,Right,41.42
W051,495,2,0.16348773841961853,Violation,16.35
W051,496,1,0.47877358490566035,Right,47.88
W051,496,0,0.4033018867924528,Left,40.33
W051,496,2,0.1179245283018868,Violation,11.79
W051,497,0,0.48770491803278687,Left,48.77
W051,497,1,0.4180327868852459,Right,41.8
W051,497,2,0.0942622950819672,Violation,9.43
W051,498,1,0.4105011933174224,Right,41.05
W051,498,0,0.3818615751789976,Left,38.19
W051,498,2,0.20763723150357996,Violation,20.76
W051,499,1,0.45278969957081544,Right,45.28
W051,499,0,0.41201716738197425,Left,41.2
W051,499,2,0.1351931330472103,Violation,13.52
W051,500,0,0.475,Left,47.5
W051,500,1,0.3975,Right,39.75
W051,500,2,0.1275,Violation,12.75
W051,501,1,0.4238875878220141,Right,42.39
W051,501,0,0.38875878220140514,Left,38.88
W051,501,2,0.1873536299765808,Violation,18.74
W051,502,0,0.46017699115044247,Left,46.02
W051,502,1,0.4336283185840708,Right,43.36
W051,502,2,0.10619469026548672,Violation,10.62
W051,503,0,0.4245614035087719,Left,42.46
W051,503,1,0.4245614035087719,Right,42.46
W051,503,2,0.15087719298245614,Violation,15.09
W051,504,1,0.44886363636363635,Right,44.89
W051,504,0,0.4147727272727273,Left,41.48
W051,504,2,0.13636363636363635,Violation,13.64
W051,505,1,0.42606516290726815,Right,42.61
W051,505,0,0.42355889724310775,Left,42.36
W051,505,2,0.15037593984962405,Violation,15.04
W051,506,1,0.4475703324808184,Right,44.76
W051,506,0,0.3836317135549872,Left,38.36
W051,506,2,0.16879795396419436,Violation,16.88
W051,507,1,0.4449877750611247,Right,44.5
W051,507,0,0.4058679706601467,Left,40.59
W051,507,2,0.1491442542787286,Violation,14.91
W051,508,0,0.4357142857142857,Left,43.57
W051,508,1,0.42142857142857143,Right,42.14
W051,508,2,0.14285714285714285,Violation,14.29
W051,509,1,0.43130990415335463,Right,43.13
W051,509,0,0.40894568690095845,Left,40.89
W051,509,2,0.1597444089456869,Violation,15.97
W051,510,0,0.42452830188679247,Left,42.45
W051,510,1,0.42452830188679247,Right,42.45
W051,510,2,0.1509433962264151,Violation,15.09
W051,511,1,0.4603960396039604,Right,46.04
W051,511,0,0.40594059405940597,Left,40.59
W051,511,2,0.13366336633663367,Violation,13.37
W051,512,0,0.3901639344262295,Left,39.02
W051,512,1,0.3836065573770492,Right,38.36
W051,512,2,0.2262295081967213,Violation,22.62
W051,513,0,0.4725274725274725,Left,47.25
W051,513,1,0.43956043956043955,Right,43.96
W051,513,2,0.08791208791208792,Violation,8.79
W051,514,1,0.4114671163575042,Right,41.15
W051,514,0,0.40134907251264756,Left,40.13
W051,514,2,0.18718381112984822,Violation,18.72
W051,515,1,0.44251626898047725,Right,44.25
W051,515,0,0.4121475054229935,Left,41.21
W051,515,2,0.14533622559652928,Violation,14.53
W051,517,0,0.4099099099099099,Left,40.99
W051,517,1,0.4099099099099099,Right,40.99
W051,517,2,0.18018018018018017,Violation,18.02
W051,518,0,0.4240506329113924,Left,42.41
W051,518,1,0.41139240506329117,Right,41.14
W051,518,2,0.16455696202531644,Violation,16.46
W051,519,0,0.43283582089552236,Left,43.28
W051,519,1,0.4228855721393035,Right,42.29
W051,519,2,0.14427860696517414,Violation,14.43
W051,520,1,0.43612334801762115,Right,43.61
W051,520,0,0.3832599118942731,Left,38.33
W051,520,2,0.18061674008810572,Violation,18.06
W051,521,0,0.4582278481012658,Left,45.82
W051,521,1,0.44556962025316454,Right,44.56
W051,521,2,0.09620253164556962,Violation,9.62
W051,522,0,0.4626865671641791,Left,46.27
W051,522,1,0.36318407960199006,Right,36.32
W051,522,2,0.17412935323383086,Violation,17.41
W051,523,0,0.4558303886925795,Left,45.58
W051,523,1,0.43109540636042404,Right,43.11
W051,523,2,0.11307420494699646,Violation,11.31
W051,524,1,0.44508670520231214,Right,44.51
W051,524,0,0.42485549132947975,Left,42.49
W051,524,2,0.13005780346820808,Violation,13.01
W051,525,0,0.45408163265306123,Left,45.41
W051,525,1,0.43112244897959184,Right,43.11
W051,525,2,0.11479591836734694,Violation,11.48
W051,526,0,0.47103274559193953,Left,47.1
W051,526,1,0.4080604534005038,Right,40.81
W051,526,2,0.12090680100755667,Violation,12.09
W051,527,0,0.4316546762589928,Left,43.17
W051,527,1,0.3381294964028777,Right,33.81
W051,527,2,0.2302158273381295,Violation,23.02
W051,528,0,0.36363636363636365,Left,36.36
W051,528,2,0.33766233766233766,Violation,33.77
W051,528,1,0.2987012987012987,Right,29.87
W051,529,0,0.4424778761061947,Left,44.25
W051,529,1,0.3746312684365782,Right,37.46
W051,529,2,0.18289085545722714,Violation,18.29
W051,530,0,0.4186046511627907,Left,41.86
W051,530,1,0.4160206718346253,Right,41.6
W051,530,2,0.165374677002584,Violation,16.54
W051,531,0,0.4224343675417661,Left,42.24
W051,531,1,0.4128878281622912,Right,41.29
W051,531,2,0.16467780429594273,Violation,16.47
W051,532,1,0.47368421052631576,Right,47.37
W051,532,0,0.43107769423558895,Left,43.11
W051,532,2,0.09523809523809523,Violation,9.52
W051,533,1,0.4583333333333333,Right,45.83
W051,533,0,0.4114583333333333,Left,41.15
W051,533,2,0.13020833333333334,Violation,13.02
W051,534,1,0.4316702819956616,Right,43.17
W051,534,0,0.403470715835141,Left,40.35
W051,534,2,0.1648590021691974,Violation,16.49
W051,535,1,0.46380697050938335,Right,46.38
W051,535,0,0.41823056300268097,Left,41.82
W051,535,2,0.11796246648793565,Violation,11.8
W051,536,0,0.4489795918367347,Left,44.9
W051,536,1,0.4139941690962099,Right,41.4
W051,536,2,0.13702623906705538,Violation,13.7
W051,537,1,0.4869791666666667,Right,48.7
W051,537,0,0.4114583333333333,Left,41.15
W051,537,2,0.1015625,Violation,10.16
W051,538,1,0.4617117117117117,Right,46.17
W051,538,0,0.41216216216216217,Left,41.22
W051,538,2,0.12612612612612611,Violation,12.61
W051,539,1,0.44493392070484583,Right,44.49
W051,539,0,0.4251101321585903,Left,42.51
W051,539,2,0.1299559471365639,Violation,13.0
W051,540,1,0.4595959595959596,Right,45.96
W051,540,0,0.4217171717171717,Left,42.17
W051,540,2,0.11868686868686869,Violation,11.87
W051,541,1,0.43612334801762115,Right,43.61
W051,541,0,0.42290748898678415,Left,42.29
W051,541,2,0.14096916299559473,Violation,14.1
W051,542,1,0.4318181818181818,Right,43.18
W051,542,0,0.42045454545454547,Left,42.05
W051,542,2,0.14772727272727273,Violation,14.77
W051,543,1,0.45901639344262296,Right,45.9
W051,543,0,0.3989071038251366,Left,39.89
W051,543,2,0.14207650273224043,Violation,14.21
W051,544,0,0.4327354260089686,Left,43.27
W051,544,1,0.4282511210762332,Right,42.83
W051,544,2,0.13901345291479822,Violation,13.9
W051,545,1,0.48614609571788414,Right,48.61
W051,545,0,0.42065491183879095,Left,42.07
W051,545,2,0.09319899244332494,Violation,9.32
W051,546,1,0.4226579520697168,Right,42.27
W051,546,0,0.420479302832244,Left,42.05
W051,546,2,0.1568627450980392,Violation,15.69
W051,547,1,0.4875283446712018,Right,48.75
W051,547,0,0.4308390022675737,Left,43.08
W051,547,2,0.08163265306122448,Violation,8.16
W051,548,1,0.47113163972286376,Right,47.11
W051,548,0,0.4387990762124711,Left,43.88
W051,548,2,0.09006928406466513,Violation,9.01
W051,549,1,0.4813753581661891,Right,48.14
W051,549,0,0.4183381088825215,Left,41.83
W051,549,2,0.10028653295128939,Violation,10.03
W051,550,1,0.47160493827160493,Right,47.16
W051,550,0,0.3950617283950617,Left,39.51
W051,550,2,0.13333333333333333,Violation,13.33
W051,551,1,0.4699792960662526,Right,47.0
W051,551,0,0.37060041407867494,Left,37.06
W051,551,2,0.15942028985507245,Violation,15.94
W051,552,1,0.44547563805104406,Right,44.55
W051,552,0,0.4431554524361949,Left,44.32
W051,552,2,0.11136890951276102,Violation,11.14
W051,553,1,0.477326968973747,Right,47.73
W051,553,0,0.4295942720763723,Left,42.96
W051,553,2,0.09307875894988067,Violation,9.31
W051,554,1,0.419953596287703,Right,42.0
W051,554,0,0.40835266821345706,Left,40.84
W051,554,2,0.1716937354988399,Violation,17.17
W051,555,1,0.43675417661097854,Right,43.68
W051,555,0,0.431980906921241,Left,43.2
W051,555,2,0.13126491646778043,Violation,13.13
W051,556,1,0.42024539877300615,Right,42.02
W051,556,0,0.40797546012269936,Left,40.8
W051,556,2,0.17177914110429449,Violation,17.18
W051,557,0,0.40431266846361186,Left,40.43
W051,557,1,0.39622641509433965,Right,39.62
W051,557,2,0.19946091644204852,Violation,19.95
W051,558,1,0.42857142857142855,Right,42.86
W051,558,0,0.41581632653061223,Left,41.58
W051,558,2,0.1556122448979592,Violation,15.56
W051,559,0,0.4659090909090909,Left,46.59
W051,559,1,0.42954545454545456,Right,42.95
W051,559,2,0.10454545454545454,Violation,10.45
W051,560,1,0.4668141592920354,Right,46.68
W051,560,0,0.4557522123893805,Left,45.58
W051,560,2,0.07743362831858407,Violation,7.74
W051,561,0,0.4358288770053476,Left,43.58
W051,561,1,0.4037433155080214,Right,40.37
W051,561,2,0.16042780748663102,Violation,16.04
W051,562,1,0.4718162839248434,Right,47.18
W051,562,0,0.42171189979123175,Left,42.17
W051,562,2,0.10647181628392484,Violation,10.65
W051,563,0,0.45558739255014324,Left,45.56
W051,563,1,0.4355300859598854,Right,43.55
W051,563,2,0.10888252148997135,Violation,10.89
W051,564,1,0.46733668341708545,Right,46.73
W051,564,0,0.4045226130653266,Left,40.45
W051,564,2,0.12814070351758794,Violation,12.81
W051,565,1,0.4226415094339623,Right,42.26
W051,565,0,0.3849056603773585,Left,38.49
W051,565,2,0.19245283018867926,Violation,19.25
W051,566,1,0.4593406593406593,Right,45.93
W051,566,0,0.3758241758241758,Left,37.58
W051,566,2,0.16483516483516483,Violation,16.48
W051,567,0,0.4444444444444444,Left,44.44
W051,567,1,0.43186582809224316,Right,43.19
W051,567,2,0.12368972746331237,Violation,12.37
W051,568,0,0.45555555555555555,Left,45.56
W051,568,1,0.32222222222222224,Right,32.22
W051,568,2,0.2222222222222222,Violation,22.22
W051,569,1,0.4516728624535316,Right,45.17
W051,569,0,0.4256505576208178,Left,42.57
W051,569,2,0.12267657992565056,Violation,12.27
W051,570,1,0.4258241758241758,Right,42.58
W051,570,0,0.4010989010989011,Left,40.11
W051,570,2,0.17307692307692307,Violation,17.31
W051,571,0,0.40481927710843374,Left,40.48
W051,571,1,0.4,Right,40.0
W051,571,2,0.19518072289156627,Violation,19.52
W051,572,1,0.43317972350230416,Right,43.32
W051,572,0,0.4032258064516129,Left,40.32
W051,572,2,0.16359447004608296,Violation,16.36
W051,573,1,0.45601851851851855,Right,45.6
W051,573,0,0.41898148148148145,Left,41.9
W051,573,2,0.125,Violation,12.5
W051,574,1,0.46206896551724136,Right,46.21
W051,574,0,0.4413793103448276,Left,44.14
W051,574,2,0.09655172413793103,Violation,9.66
W051,575,1,0.49160671462829736,Right,49.16
W051,575,0,0.434052757793765,Left,43.41
W051,575,2,0.07434052757793765,Violation,7.43
W051,576,1,0.48,Right,48.0
W051,576,0,0.43777777777777777,Left,43.78
W051,576,2,0.08222222222222222,Violation,8.22
W051,577,0,0.47115384615384615,Left,47.12
W051,577,1,0.4198717948717949,Right,41.99
W051,577,2,0.10897435897435898,Violation,10.9
W051,578,1,0.45647058823529413,Right,45.65
W051,578,0,0.4164705882352941,Left,41.65
W051,578,2,0.12705882352941175,Violation,12.71
W051,579,1,0.47789473684210526,Right,47.79
W051,579,0,0.42105263157894735,Left,42.11
W051,579,2,0.10105263157894737,Violation,10.11
W051,580,1,0.47649572649572647,Right,47.65
W051,580,0,0.43803418803418803,Left,43.8
W051,580,2,0.08547008547008547,Violation,8.55
W051,581,1,0.49134199134199136,Right,49.13
W051,581,0,0.4264069264069264,Left,42.64
W051,581,2,0.08225108225108226,Violation,8.23
W051,582,1,0.49878934624697335,Right,49.88
W051,582,0,0.43099273607748184,Left,43.1
W051,582,2,0.07021791767554479,Violation,7.02
W051,583,0,0.46255506607929514,Left,46.26
W051,583,1,0.4581497797356828,Right,45.81
W051,583,2,0.07929515418502203,Violation,7.93
W051,584,0,0.47843137254901963,Left,47.84
W051,584,1,0.42745098039215684,Right,42.75
W051,584,2,0.09411764705882353,Violation,9.41
W051,585,1,0.46064814814814814,Right,46.06
W051,585,0,0.4583333333333333,Left,45.83
W051,585,2,0.08101851851851852,Violation,8.1
W051,586,1,0.4514851485148515,Right,45.15
W051,586,0,0.39801980198019804,Left,39.8
W051,586,2,0.1504950495049505,Violation,15.05
W051,587,0,0.4658119658119658,Left,46.58
W051,587,1,0.4337606837606838,Right,43.38
W051,587,2,0.10042735042735043,Violation,10.04
W051,588,0,0.46813186813186813,Left,46.81
W051,588,1,0.42857142857142855,Right,42.86
W051,588,2,0.10329670329670329,Violation,10.33
W051,589,0,0.4570230607966457,Left,45.7
W051,589,1,0.429769392033543,Right,42.98
W051,589,2,0.11320754716981132,Violation,11.32
W051,590,1,0.48643006263048016,Right,48.64
W051,590,0,0.4279749478079332,Left,42.8
W051,590,2,0.08559498956158663,Violation,8.56
W051,591,0,0.45336225596529284,Left,45.34
W051,591,1,0.42950108459869846,Right,42.95
W051,591,2,0.11713665943600868,Violation,11.71
W051,592,1,0.48329621380846327,Right,48.33
W051,592,0,0.4053452115812918,Left,40.53
W051,592,2,0.111358574610245,Violation,11.14
W051,593,1,0.4804928131416838,Right,48.05
W051,593,0,0.39014373716632444,Left,39.01
W051,593,2,0.1293634496919918,Violation,12.94
W051,594,0,0.41916167664670656,Left,41.92
W051,594,1,0.40119760479041916,Right,40.12
W051,594,2,0.17964071856287425,Violation,17.96
W051,595,0,0.45161290322580644,Left,45.16
W051,595,1,0.42338709677419356,Right,42.34
W051,595,2,0.125,Violation,12.5
W051,596,0,0.4407484407484408,Left,44.07
W051,596,1,0.4303534303534304,Right,43.04
W051,596,2,0.1288981288981289,Violation,12.89
W051,597,1,0.45454545454545453,Right,45.45
W051,597,0,0.3814229249011858,Left,38.14
W051,597,2,0.16403162055335968,Violation,16.4
W051,598,0,0.43465045592705165,Left,43.47
W051,598,1,0.4072948328267477,Right,40.73
W051,598,2,0.1580547112462006,Violation,15.81
W051,599,1,0.4357682619647355,Right,43.58
W051,599,0,0.3954659949622166,Left,39.55
W051,599,2,0.16876574307304787,Violation,16.88
W051,600,1,0.41260162601626016,Right,41.26
W051,600,0,0.3861788617886179,Left,38.62
W051,600,2,0.20121951219512196,Violation,20.12
W051,601,1,0.42921348314606744,Right,42.92
W051,601,0,0.4202247191011236,Left,42.02
W051,601,2,0.15056179775280898,Violation,15.06
W060,248,0,0.45564516129032256,Left,45.56
W060,248,1,0.38306451612903225,Right,38.31
W060,248,2,0.16129032258064516,Violation,16.13
W060,249,1,0.48639455782312924,Right,48.64
W060,249,0,0.40816326530612246,Left,40.82
W060,249,2,0.1054421768707483,Violation,10.54
W060,250,0,0.46178343949044587,Left,46.18
W060,250,1,0.445859872611465,Right,44.59
W060,250,2,0.09235668789808917,Violation,9.24
W060,251,0,0.4479166666666667,Left,44.79
W060,251,1,0.4479166666666667,Right,44.79
W060,251,2,0.10416666666666667,Violation,10.42
W060,252,1,0.4652014652014652,Right,46.52
W060,252,0,0.42857142857142855,Left,42.86
W060,252,2,0.10622710622710622,Violation,10.62
W060,253,1,0.44808743169398907,Right,44.81
W060,253,0,0.4098360655737705,Left,40.98
W060,253,2,0.14207650273224043,Violation,14.21
W060,254,0,0.480225988700565,Left,48.02
W060,254,1,0.4067796610169492,Right,40.68
W060,254,2,0.11299435028248588,Violation,11.3
W060,255,0,0.34375,Left,34.38
W060,255,1,0.328125,Right,32.81
W060,255,2,0.328125,Violation,32.81
W060,256,1,0.4612546125461255,Right,46.13
W060,256,0,0.43911439114391143,Left,43.91
W060,256,2,0.0996309963099631,Violation,9.96
W060,257,0,0.46518105849582175,Left,46.52
W060,257,1,0.46518105849582175,Right,46.52
W060,257,2,0.06963788300835655,Violation,6.96
W060,258,1,0.4940119760479042,Right,49.4
W060,258,0,0.4161676646706587,Left,41.62
W060,258,2,0.08982035928143713,Violation,8.98
W060,259,0,0.4894366197183099,Left,48.94
W060,259,1,0.4225352112676056,Right,42.25
W060,259,2,0.0880281690140845,Violation,8.8
W060,260,0,0.44274809160305345,Left,44.27
W060,260,1,0.4122137404580153,Right,41.22
W060,260,2,0.1450381679389313,Violation,14.5
W060,261,0,0.45569620253164556,Left,45.57
W060,261,1,0.4278481012658228,Right,42.78
W060,261,2,0.11645569620253164,Violation,11.65
W060,262,1,0.45454545454545453,Right,45.45
W060,262,0,0.4258373205741627,Left,42.58
W060,262,2,0.11961722488038277,Violation,11.96
W060,263,1,0.4781021897810219,Right,47.81
W060,263,0,0.38321167883211676,Left,38.32
W060,263,2,0.1386861313868613,Violation,13.87
W060,264,0,0.4832904884318766,Left,48.33
W060,264,1,0.4267352185089974,Right,42.67
W060,264,2,0.08997429305912596,Violation,9.0
W060,265,1,0.4820359281437126,Right,48.2
W060,265,0,0.45209580838323354,Left,45.21
W060,265,2,0.0658682634730539,Violation,6.59
W060,266,1,0.46984126984126984,Right,46.98
W060,266,0,0.44126984126984126,Left,44.13
W060,266,2,0.08888888888888889,Violation,8.89
W060,267,1,0.45493562231759654,Right,45.49
W060,267,0,0.4248927038626609,Left,42.49
W060,267,2,0.12017167381974249,Violation,12.02
W060,268,1,0.4601063829787234,Right,46.01
W060,268,0,0.45478723404255317,Left,45.48
W060,268,2,0.0851063829787234,Violation,8.51
W060,269,1,0.5298507462686567,Right,52.99
W060,269,0,0.3880597014925373,Left,38.81
W060,269,2,0.08208955223880597,Violation,8.21
W060,270,1,0.46226415094339623,Right,46.23
W060,270,0,0.4276729559748428,Left,42.77
W060,270,2,0.11006289308176101,Violation,11.01
W060,271,1,0.45317220543806647,Right,45.32
W060,271,0,0.4471299093655589,Left,44.71
W060,271,2,0.09969788519637462,Violation,9.97
W060,272,0,0.47214854111405835,Left,47.21
W060,272,1,0.4509283819628647,Right,45.09
W060,272,2,0.07692307692307693,Violation,7.69
W060,273,1,0.547112462006079,Right,54.71
W060,273,0,0.3981762917933131,Left,39.82
W060,273,2,0.0547112462006079,Violation,5.47
W060,274,1,0.4740484429065744,Right,47.4
W060,274,0,0.4359861591695502,Left,43.6
W060,274,2,0.08996539792387544,Violation,9.0
W060,275,1,0.4622093023255814,Right,46.22
W060,275,0,0.42441860465116277,Left,42.44
W060,275,2,0.11337209302325581,Violation,11.34
W060,276,1,0.4742014742014742,Right,47.42
W060,276,0,0.43243243243243246,Left,43.24
W060,276,2,0.09336609336609336,Violation,9.34
W060,277,1,0.4723404255319149,Right,47.23
W060,277,0,0.44680851063829785,Left,44.68
W060,277,2,0.08085106382978724,Violation,8.09
W060,278,1,0.49162011173184356,Right,49.16
W060,278,0,0.4106145251396648,Left,41.06
W060,278,2,0.09776536312849161,Violation,9.78
W060,279,0,0.48484848484848486,Left,48.48
W060,279,1,0.4217171717171717,Right,42.17
W060,279,2,0.09343434343434344,Violation,9.34
W060,280,0,0.46303501945525294,Left,46.3
W060,280,1,0.43190661478599224,Right,43.19
W060,280,2,0.10505836575875487,Violation,10.51
W060,281,0,0.4774774774774775,Left,47.75
W060,281,1,0.4099099099099099,Right,40.99
W060,281,2,0.11261261261261261,Violation,11.26
W060,282,0,0.4698275862068966,Left,46.98
W060,282,1,0.41810344827586204,Right,41.81
W060,282,2,0.11206896551724138,Violation,11.21
W060,283,1,0.4716312056737589,Right,47.16
W060,283,0,0.425531914893617,Left,42.55
W060,283,2,0.10283687943262411,Violation,10.28
W060,284,1,0.48132780082987553,Right,48.13
W060,284,0,0.43983402489626555,Left,43.98
W060,284,2,0.07883817427385892,Violation,7.88
W060,285,0,0.4785276073619632,Left,47.85
W060,285,1,0.4447852760736196,Right,44.48
W060,285,2,0.07668711656441718,Violation,7.67
W060,286,1,0.4670487106017192,Right,46.7
W060,286,0,0.45558739255014324,Left,45.56
W060,286,2,0.07736389684813753,Violation,7.74
W060,287,1,0.494949494949495,Right,49.49
W060,287,0,0.4208754208754209,Left,42.09
W060,287,2,0.08417508417508418,Violation,8.42
W060,288,1,0.4594594594594595,Right,45.95
W060,288,0,0.40540540540540543,Left,40.54
W060,288,2,0.13513513513513514,Violation,13.51
W060,289,1,0.4658753709198813,Right,46.59
W060,289,0,0.4391691394658754,Left,43.92
W060,289,2,0.09495548961424333,Violation,9.5
W060,290,1,0.4823943661971831,Right,48.24
W060,290,0,0.426056338028169,Left,42.61
W060,290,2,0.09154929577464789,Violation,9.15
W060,291,1,0.4536082474226804,Right,45.36
W060,291,0,0.44329896907216493,Left,44.33
W060,291,2,0.10309278350515463,Violation,10.31
W060,292,0,0.46808510638297873,Left,46.81
W060,292,1,0.46099290780141844,Right,46.1
W060,292,2,0.07092198581560284,Violation,7.09
W060,293,1,0.4532967032967033,Right,45.33
W060,293,0,0.4230769230769231,Left,42.31
W060,293,2,0.12362637362637363,Violation,12.36
W060,294,1,0.4765625,Right,47.66
W060,294,0,0.4375,Left,43.75
W060,294,2,0.0859375,Violation,8.59
W060,295,1,0.5109489051094891,Right,51.09
W060,295,0,0.4197080291970803,Left,41.97
W060,295,2,0.06934306569343066,Violation,6.93
W060,296,1,0.44666666666666666,Right,44.67
W060,296,0,0.44333333333333336,Left,44.33
W060,296,2,0.11,Violation,11.0
W060,297,1,0.45384615384615384,Right,45.38
W060,297,0,0.4461538461538462,Left,44.62
W060,297,2,0.1,Violation,10.0
W060,298,0,0.46648793565683644,Left,46.65
W060,298,1,0.4450402144772118,Right,44.5
W060,298,2,0.08847184986595175,Violation,8.85
W060,299,0,0.47315436241610737,Left,47.32
W060,299,1,0.4395973154362416,Right,43.96
W060,299,2,0.087248322147651,Violation,8.72
W060,300,0,0.4878048780487805,Left,48.78
W060,300,1,0.43597560975609756,Right,43.6
W060,300,2,0.07621951219512195,Violation,7.62
W060,301,0,0.4959016393442623,Left,49.59
W060,301,1,0.3975409836065574,Right,39.75
W060,301,2,0.10655737704918032,Violation,10.66
W060,302,1,0.45075757575757575,Right,45.08
W060,302,0,0.4356060606060606,Left,43.56
W060,302,2,0.11363636363636363,Violation,11.36
W060,303,1,0.4855305466237942,Right,48.55
W060,303,0,0.40192926045016075,Left,40.19
W060,303,2,0.11254019292604502,Violation,11.25
W060,304,1,0.3936781609195402,Right,39.37
W060,304,0,0.3563218390804598,Left,35.63
W060,304,2,0.25,Violation,25.0
W060,305,1,0.4199029126213592,Right,41.99
W060,305,0,0.41504854368932037,Left,41.5
W060,305,2,0.1650485436893204,Violation,16.5
W060,306,0,0.42786069651741293,Left,42.79
W060,306,1,0.42039800995024873,Right,42.04
W060,306,2,0.1517412935323383,Violation,15.17
W060,307,0,0.465564738292011,Left,46.56
W060,307,1,0.418732782369146,Right,41.87
W060,307,2,0.11570247933884298,Violation,11.57
W060,308,1,0.5264705882352941,Right,52.65
W060,308,0,0.4088235294117647,Left,40.88
W060,308,2,0.06470588235294118,Violation,6.47
W060,309,1,0.48746518105849584,Right,48.75
W060,309,0,0.42896935933147634,Left,42.9
W060,309,2,0.08356545961002786,Violation,8.36
W060,310,1,0.47680412371134023,Right,47.68
W060,310,0,0.4329896907216495,Left,43.3
W060,310,2,0.09020618556701031,Violation,9.02
W060,311,0,0.4806451612903226,Left,48.06
W060,311,1,0.4129032258064516,Right,41.29
W060,311,2,0.1064516129032258,Violation,10.65
W060,312,0,0.4928774928774929,Left,49.29
W060,312,1,0.43874643874643876,Right,43.87
W060,312,2,0.06837606837606838,Violation,6.84
W060,313,1,0.4646153846153846,Right,46.46
W060,313,0,0.44,Left,44.0
W060,313,2,0.09538461538461539,Violation,9.54
W060,314,0,0.46264367816091956,Left,46.26
W060,314,1,0.45689655172413796,Right,45.69
W060,314,2,0.08045977011494253,Violation,8.05
W060,315,1,0.48,Right,48.0
W060,315,0,0.4228571428571429,Left,42.29
W060,315,2,0.09714285714285714,Violation,9.71
W060,316,0,0.5175644028103045,Left,51.76
W060,316,1,0.4098360655737705,Right,40.98
W060,316,2,0.07259953161592506,Violation,7.26
W060,317,1,0.46,Right,46.0
W060,317,0,0.43142857142857144,Left,43.14
W060,317,2,0.10857142857142857,Violation,10.86
W060,318,1,0.4387755102040816,Right,43.88
W060,318,0,0.43537414965986393,Left,43.54
W060,318,2,0.12585034013605442,Violation,12.59
W060,319,1,0.4851258581235698,Right,48.51
W060,319,0,0.40503432494279173,Left,40.5
W060,319,2,0.10983981693363844,Violation,10.98
W060,320,0,0.48427672955974843,Left,48.43
W060,320,1,0.41823899371069184,Right,41.82
W060,320,2,0.09748427672955975,Violation,9.75
W060,321,1,0.4537313432835821,Right,45.37
W060,321,0,0.42388059701492536,Left,42.39
W060,321,2,0.12238805970149254,Violation,12.24
W060,322,1,0.49575070821529743,Right,49.58
W060,322,0,0.4164305949008499,Left,41.64
W060,322,2,0.08781869688385269,Violation,8.78
W060,323,1,0.4576271186440678,Right,45.76
W060,323,0,0.423728813559322,Left,42.37
W060,323,2,0.11864406779661017,Violation,11.86
W060,326,1,0.44473684210526315,Right,44.47
W060,326,0,0.41578947368421054,Left,41.58
W060,326,2,0.1394736842105263,Violation,13.95
W060,327,1,0.4584615384615385,Right,45.85
W060,327,0,0.40615384615384614,Left,40.62
W060,327,2,0.13538461538461538,Violation,13.54
W060,328,1,0.40399002493765584,Right,40.4
W060,328,0,0.38403990024937656,Left,38.4
W060,328,2,0.2119700748129676,Violation,21.2
W060,330,1,0.44011976047904194,Right,44.01
W060,330,0,0.4161676646706587,Left,41.62
W060,330,2,0.1437125748502994,Violation,14.37
W060,331,1,0.424,Right,42.4
W060,331,0,0.376,Left,37.6
W060,331,2,0.2,Violation,20.0
W060,332,1,0.48739495798319327,Right,48.74
W060,332,0,0.35294117647058826,Left,35.29
W060,332,2,0.15966386554621848,Violation,15.97
W060,333,1,0.34285714285714286,Right,34.29
W060,333,0,0.3333333333333333,Left,33.33
W060,333,2,0.3238095238095238,Violation,32.38
W060,334,1,0.44025157232704404,Right,44.03
W060,334,0,0.4371069182389937,Left,43.71
W060,334,2,0.12264150943396226,Violation,12.26
W060,335,1,0.4532710280373832,Right,45.33
W060,335,0,0.3878504672897196,Left,38.79
W060,335,2,0.1588785046728972,Violation,15.89
W060,336,1,0.46285714285714286,Right,46.29
W060,336,0,0.41714285714285715,Left,41.71
W060,336,2,0.12,Violation,12.0
W060,337,1,0.475,Right,47.5
W060,337,0,0.415625,Left,41.56
W060,337,2,0.109375,Violation,10.94
W060,338,0,0.38064516129032255,Left,38.06
W060,338,1,0.38064516129032255,Right,38.06
W060,338,2,0.23870967741935484,Violation,23.87
W060,339,0,0.4217171717171717,Left,42.17
W060,339,1,0.4015151515151515,Right,40.15
W060,339,2,0.17676767676767677,Violation,17.68
W060,340,0,0.42578125,Left,42.58
W060,340,1,0.41015625,Right,41.02
W060,340,2,0.1640625,Violation,16.41
W060,341,1,0.4343220338983051,Right,43.43
W060,341,0,0.4300847457627119,Left,43.01
W060,341,2,0.13559322033898305,Violation,13.56
W060,342,0,0.4316546762589928,Left,43.17
W060,342,1,0.4244604316546763,Right,42.45
W060,342,2,0.14388489208633093,Violation,14.39
W060,343,1,0.45555555555555555,Right,45.56
W060,343,0,0.4111111111111111,Left,41.11
W060,343,2,0.13333333333333333,Violation,13.33
W060,344,0,0.4337899543378995,Left,43.38
W060,344,1,0.4200913242009132,Right,42.01
W060,344,2,0.1461187214611872,Violation,14.61
W060,345,1,0.4495677233429395,Right,44.96
W060,345,0,0.40634005763688763,Left,40.63
W060,345,2,0.1440922190201729,Violation,14.41
W060,346,1,0.4380664652567976,Right,43.81
W060,346,0,0.4259818731117825,Left,42.6
W060,346,2,0.13595166163141995,Violation,13.6
W060,347,1,0.4827586206896552,Right,48.28
W060,347,0,0.4051724137931034,Left,40.52
W060,347,2,0.11206896551724138,Violation,11.21
W060,348,1,0.45714285714285713,Right,45.71
W060,348,0,0.430952380952381,Left,43.1
W060,348,2,0.11190476190476191,Violation,11.19
W060,349,0,0.4621676891615542,Left,46.22
W060,349,1,0.4396728016359918,Right,43.97
W060,349,2,0.09815950920245399,Violation,9.82
W060,350,1,0.4557823129251701,Right,45.58
W060,350,0,0.445578231292517,Left,44.56
W060,350,2,0.09863945578231292,Violation,9.86
W060,351,0,0.47186147186147187,Left,47.19
W060,351,1,0.43506493506493504,Right,43.51
W060,351,2,0.09307359307359307,Violation,9.31
W060,352,1,0.453781512605042,Right,45.38
W060,352,0,0.39775910364145656,Left,39.78
W060,352,2,0.1484593837535014,Violation,14.85
W060,353,0,0.44420600858369097,Left,44.42
W060,353,1,0.3776824034334764,Right,37.77
W060,353,2,0.1781115879828326,Violation,17.81
W060,354,1,0.45714285714285713,Right,45.71
W060,354,0,0.42448979591836733,Left,42.45
W060,354,2,0.11836734693877551,Violation,11.84
W060,355,1,0.43383947939262474,Right,43.38
W060,355,0,0.41865509761388287,Left,41.87
W060,355,2,0.1475054229934924,Violation,14.75
W060,356,1,0.475,Right,47.5
W060,356,0,0.41944444444444445,Left,41.94
W060,356,2,0.10555555555555556,Violation,10.56
W060,357,0,0.4482758620689655,Left,44.83
W060,357,1,0.39655172413793105,Right,39.66
W060,357,2,0.15517241379310345,Violation,15.52
W060,358,0,0.4079822616407982,Left,40.8
W060,358,1,0.4057649667405765,Right,40.58
W060,358,2,0.18625277161862527,Violation,18.63
W060,359,0,0.378698224852071,Left,37.87
W060,359,1,0.33136094674556216,Right,33.14
W060,359,2,0.28994082840236685,Violation,28.99
W060,360,1,0.4149377593360996,Right,41.49
W060,360,0,0.35892116182572614,Left,35.89
W060,360,2,0.22614107883817428,Violation,22.61
W060,361,0,0.41935483870967744,Left,41.94
W060,361,1,0.4129032258064516,Right,41.29
W060,361,2,0.16774193548387098,Violation,16.77
W060,362,0,0.4321705426356589,Left,43.22
W060,362,1,0.4321705426356589,Right,43.22
W060,362,2,0.13565891472868216,Violation,13.57
W060,363,1,0.4597156398104265,Right,45.97
W060,363,0,0.4218009478672986,Left,42.18
W060,363,2,0.11848341232227488,Violation,11.85
W060,364,0,0.45430809399477806,Left,45.43
W060,364,1,0.4412532637075718,Right,44.13
W060,364,2,0.10443864229765012,Violation,10.44
W060,365,0,0.4405940594059406,Left,44.06
W060,365,1,0.4306930693069307,Right,43.07
W060,365,2,0.12871287128712872,Violation,12.87
W060,366,1,0.4697986577181208,Right,46.98
W060,366,0,0.4563758389261745,Left,45.64
W060,366,2,0.0738255033557047,Violation,7.38
W060,367,0,0.4494949494949495,Left,44.95
W060,367,1,0.44191919191919193,Right,44.19
W060,367,2,0.10858585858585859,Violation,10.86
W060,368,1,0.4265402843601896,Right,42.65
W060,368,0,0.42496050552922593,Left,42.5
W060,368,2,0.1484992101105845,Violation,14.85
W060,369,0,0.4391691394658754,Left,43.92
W060,369,1,0.4332344213649852,Right,43.32
W060,369,2,0.12759643916913946,Violation,12.76
W060,370,0,0.4426751592356688,Left,44.27
W060,370,1,0.4267515923566879,Right,42.68
W060,370,2,0.1305732484076433,Violation,13.06
W060,371,1,0.45454545454545453,Right,45.45
W060,371,0,0.4256198347107438,Left,42.56
W060,371,2,0.11983471074380166,Violation,11.98
W060,372,1,0.4392059553349876,Right,43.92
W060,372,0,0.4292803970223325,Left,42.93
W060,372,2,0.1315136476426799,Violation,13.15
W060,373,0,0.4391025641025641,Left,43.91
W060,373,1,0.4166666666666667,Right,41.67
W060,373,2,0.14423076923076922,Violation,14.42
W060,374,1,0.4530120481927711,Right,45.3
W060,374,0,0.40481927710843374,Left,40.48
W060,374,2,0.14216867469879518,Violation,14.22
W060,375,1,0.4713114754098361,Right,47.13
W060,375,0,0.4139344262295082,Left,41.39
W060,375,2,0.11475409836065574,Violation,11.48
W060,376,0,0.46629213483146065,Left,46.63
W060,376,1,0.43258426966292135,Right,43.26
W060,376,2,0.10112359550561797,Violation,10.11
W060,377,1,0.44537815126050423,Right,44.54
W060,377,0,0.38095238095238093,Left,38.1
W060,377,2,0.17366946778711484,Violation,17.37
W060,378,1,0.43820224719101125,Right,43.82
W060,378,0,0.4044943820224719,Left,40.45
W060,378,2,0.15730337078651685,Violation,15.73
W060,379,1,0.4362017804154303,Right,43.62
W060,379,0,0.41543026706231456,Left,41.54
W060,379,2,0.14836795252225518,Violation,14.84
W060,380,1,0.4657534246575342,Right,46.58
W060,380,0,0.3926940639269406,Left,39.27
W060,380,2,0.1415525114155251,Violation,14.16
W060,381,0,0.4281150159744409,Left,42.81
W060,381,1,0.4057507987220447,Right,40.58
W060,381,2,0.16613418530351437,Violation,16.61
W060,382,0,0.40476190476190477,Left,40.48
W060,382,1,0.3958333333333333,Right,39.58
W060,382,2,0.19940476190476192,Violation,19.94
W060,383,1,0.41363636363636364,Right,41.36
W060,383,0,0.37727272727272726,Left,37.73
W060,383,2,0.20909090909090908,Violation,20.91
W060,384,1,0.43187066974595845,Right,43.19
W060,384,0,0.40877598152424943,Left,40.88
W060,384,2,0.15935334872979215,Violation,15.94
W060,385,0,0.43309002433090027,Left,43.31
W060,385,1,0.39416058394160586,Right,39.42
W060,385,2,0.17274939172749393,Violation,17.27
W060,386,0,0.42391304347826086,Left,42.39
W060,386,1,0.41847826086956524,Right,41.85
W060,386,2,0.15760869565217392,Violation,15.76
W060,387,1,0.46062992125984253,Right,46.06
W060,387,0,0.4409448818897638,Left,44.09
W060,387,2,0.0984251968503937,Violation,9.84
W060,388,1,0.4682080924855491,Right,46.82
W060,388,0,0.43352601156069365,Left,43.35
W060,388,2,0.09826589595375723,Violation,9.83
W060,389,1,0.4337899543378995,Right,43.38
W060,389,0,0.4155251141552511,Left,41.55
W060,389,2,0.1506849315068493,Violation,15.07
W060,390,0,0.43887775551102204,Left,43.89
W060,390,1,0.43887775551102204,Right,43.89
W060,390,2,0.12224448897795591,Violation,12.22
W060,391,1,0.4472934472934473,Right,44.73
W060,391,0,0.4415954415954416,Left,44.16
W060,391,2,0.1111111111111111,Violation,11.11
W060,392,1,0.5016501650165016,Right,50.17
W060,392,0,0.3927392739273927,Left,39.27
W060,392,2,0.10561056105610561,Violation,10.56
W060,393,0,0.4298245614035088,Left,42.98
W060,393,1,0.4166666666666667,Right,41.67
W060,393,2,0.15350877192982457,Violation,15.35
W060,394,0,0.4152542372881356,Left,41.53
W060,394,1,0.3983050847457627,Right,39.83
W060,394,2,0.1864406779661017,Violation,18.64
W060,395,0,0.4326086956521739,Left,43.26
W060,395,1,0.43043478260869567,Right,43.04
W060,395,2,0.13695652173913042,Violation,13.7
W060,396,0,0.4838709677419355,Left,48.39
W060,396,1,0.4258064516129032,Right,42.58
W060,396,2,0.09032258064516129,Violation,9.03
W060,397,1,0.431924882629108,Right,43.19
W060,397,0,0.4061032863849765,Left,40.61
W060,397,2,0.1619718309859155,Violation,16.2
W060,398,1,0.4717948717948718,Right,47.18
W060,398,0,0.4205128205128205,Left,42.05
W060,398,2,0.1076923076923077,Violation,10.77
W060,399,1,0.4840085287846482,Right,48.4
W060,399,0,0.4349680170575693,Left,43.5
W060,399,2,0.08102345415778252,Violation,8.1
W060,400,1,0.44,Right,44.0
W060,400,0,0.3709090909090909,Left,37.09
W060,400,2,0.1890909090909091,Violation,18.91
W060,401,0,0.46808510638297873,Left,46.81
W060,401,1,0.4308510638297872,Right,43.09
W060,401,2,0.10106382978723404,Violation,10.11
W060,402,1,0.4419047619047619,Right,44.19
W060,402,0,0.4342857142857143,Left,43.43
W060,402,2,0.12380952380952381,Violation,12.38
W060,403,1,0.45278450363196127,Right,45.28
W060,403,0,0.44794188861985473,Left,44.79
W060,403,2,0.09927360774818401,Violation,9.93
W060,404,1,0.4494047619047619,Right,44.94
W060,404,0,0.44642857142857145,Left,44.64
W060,404,2,0.10416666666666667,Violation,10.42
W060,405,1,0.4567901234567901,Right,45.68
W060,405,0,0.4403292181069959,Left,44.03
W060,405,2,0.102880658436214,Violation,10.29
W060,406,0,0.45592705167173253,Left,45.59
W060,406,1,0.44984802431610943,Right,44.98
W060,406,2,0.09422492401215805,Violation,9.42
W060,407,1,0.42412451361867703,Right,42.41
W060,407,0,0.38910505836575876,Left,38.91
W060,407,2,0.1867704280155642,Violation,18.68
W060,408,1,0.4581818181818182,Right,45.82
W060,408,0,0.4290909090909091,Left,42.91
W060,408,2,0.11272727272727273,Violation,11.27
W060,409,0,0.47890818858560796,Left,47.89
W060,409,1,0.40694789081885857,Right,40.69
W060,409,2,0.1141439205955335,Violation,11.41
W060,410,0,0.4904632152588556,Left,49.05
W060,410,1,0.40054495912806537,Right,40.05
W060,410,2,0.10899182561307902,Violation,10.9
W060,411,0,0.4551282051282051,Left,45.51
W060,411,1,0.4188034188034188,Right,41.88
W060,411,2,0.12606837606837606,Violation,12.61
W060,412,0,0.4714285714285714,Left,47.14
W060,412,1,0.4489795918367347,Right,44.9
W060,412,2,0.07959183673469387,Violation,7.96
W060,413,1,0.42990654205607476,Right,42.99
W060,413,0,0.411214953271028,Left,41.12
W060,413,2,0.1588785046728972,Violation,15.89
W060,414,0,0.44562899786780386,Left,44.56
W060,414,1,0.42217484008528783,Right,42.22
W060,414,2,0.13219616204690832,Violation,13.22
W060,415,1,0.4486486486486487,Right,44.86
W060,415,0,0.4189189189189189,Left,41.89
W060,415,2,0.13243243243243244,Violation,13.24
W060,416,1,0.4485981308411215,Right,44.86
W060,416,0,0.42990654205607476,Left,42.99
W060,416,2,0.12149532710280374,Violation,12.15
W060,417,1,0.45208333333333334,Right,45.21
W060,417,0,0.42916666666666664,Left,42.92
W060,417,2,0.11875,Violation,11.88
W060,418,1,0.452431289640592,Right,45.24
W060,418,0,0.4334038054968288,Left,43.34
W060,418,2,0.11416490486257928,Violation,11.42
W060,419,0,0.46175637393767704,Left,46.18
W060,419,1,0.40793201133144474,Right,40.79
W060,419,2,0.13031161473087818,Violation,13.03
W060,420,0,0.4535211267605634,Left,45.35
W060,420,1,0.4225352112676056,Right,42.25
W060,420,2,0.12394366197183099,Violation,12.39
W060,421,1,0.4660493827160494,Right,46.6
W060,421,0,0.4012345679012346,Left,40.12
W060,421,2,0.13271604938271606,Violation,13.27
W060,422,0,0.4119601328903654,Left,41.2
W060,422,1,0.4119601328903654,Right,41.2
W060,422,2,0.1760797342192691,Violation,17.61
W060,423,0,0.43522012578616354,Left,43.52
W060,423,1,0.39622641509433965,Right,39.62
W060,423,2,0.16855345911949685,Violation,16.86
W060,424,0,0.4466145833333333,Left,44.66
W060,424,1,0.4114583333333333,Right,41.15
W060,424,2,0.14192708333333334,Violation,14.19
W060,425,1,0.40497076023391815,Right,40.5
W060,425,0,0.40350877192982454,Left,40.35
W060,425,2,0.1915204678362573,Violation,19.15
W060,426,2,0.3684210526315789,Violation,36.84
W060,426,0,0.3368421052631579,Left,33.68
W060,426,1,0.29473684210526313,Right,29.47
W060,427,0,0.41708542713567837,Left,41.71
W060,427,1,0.36683417085427134,Right,36.68
W060,427,2,0.21608040201005024,Violation,21.61
W060,428,1,0.4253246753246753,Right,42.53
W060,428,0,0.38961038961038963,Left,38.96
W060,428,2,0.18506493506493507,Violation,18.51
W060,429,0,0.4163424124513619,Left,41.63
W060,429,1,0.32684824902723736,Right,32.68
W060,429,2,0.25680933852140075,Violation,25.68
W060,430,1,0.40625,Right,40.62
W060,430,0,0.3705357142857143,Left,37.05
W060,430,2,0.22321428571428573,Violation,22.32
W060,431,0,0.4175084175084175,Left,41.75
W060,431,1,0.3602693602693603,Right,36.03
W060,431,2,0.2222222222222222,Violation,22.22
W060,432,1,0.39080459770114945,Right,39.08
W060,432,0,0.3793103448275862,Left,37.93
W060,432,2,0.22988505747126436,Violation,22.99
W060,433,1,0.421875,Right,42.19
W060,433,0,0.39453125,Left,39.45
W060,433,2,0.18359375,Violation,18.36
W060,434,0,0.4317343173431734,Left,43.17
W060,434,1,0.3948339483394834,Right,39.48
W060,434,2,0.17343173431734318,Violation,17.34
W060,435,0,0.3835616438356164,Left,38.36
W060,435,1,0.3698630136986301,Right,36.99
W060,435,2,0.2465753424657534,Violation,24.66
W060,436,1,0.4019138755980861,Right,40.19
W060,436,0,0.32057416267942584,Left,32.06
W060,436,2,0.27751196172248804,Violation,27.75
W060,437,0,0.38095238095238093,Left,38.1
W060,437,1,0.37037037037037035,Right,37.04
W060,437,2,0.24867724867724866,Violation,24.87
W060,438,0,0.38571428571428573,Left,38.57
W060,438,1,0.32857142857142857,Right,32.86
W060,438,2,0.2857142857142857,Violation,28.57
W060,439,1,0.4220532319391635,Right,42.21
W060,439,0,0.3916349809885932,Left,39.16
W060,439,2,0.18631178707224336,Violation,18.63
W060,440,0,0.3935018050541516,Left,39.35
W060,440,1,0.37906137184115524,Right,37.91
W060,440,2,0.22743682310469315,Violation,22.74
W060,441,1,0.3994413407821229,Right,39.94
W060,441,0,0.3575418994413408,Left,35.75
W060,441,2,0.2430167597765363,Violation,24.3
W060,442,0,0.3861788617886179,Left,38.62
W060,442,1,0.3617886178861789,Right,36.18
W060,442,2,0.25203252032520324,Violation,25.2
W060,443,1,0.41346153846153844,Right,41.35
W060,443,0,0.3782051282051282,Left,37.82
W060,443,2,0.20833333333333334,Violation,20.83
W060,444,0,0.3923076923076923,Left,39.23
W060,444,1,0.36923076923076925,Right,36.92
W060,444,2,0.23846153846153847,Violation,23.85
W060,445,1,0.4175824175824176,Right,41.76
W060,445,0,0.3772893772893773,Left,37.73
W060,445,2,0.20512820512820512,Violation,20.51
W060,446,0,0.3737024221453287,Left,37.37
W060,446,1,0.356401384083045,Right,35.64
W060,446,2,0.2698961937716263,Violation,26.99
W060,447,0,0.3802083333333333,Left,38.02
W060,447,1,0.34375,Right,34.38
W060,447,2,0.2760416666666667,Violation,27.6
W060,448,0,0.4289544235924933,Left,42.9
W060,448,1,0.4128686327077748,Right,41.29
W060,448,2,0.1581769436997319,Violation,15.82
W060,449,0,0.4194373401534527,Left,41.94
W060,449,1,0.39641943734015345,Right,39.64
W060,449,2,0.18414322250639387,Violation,18.41
W060,450,0,0.4144144144144144,Left,41.44
W060,450,1,0.40765765765765766,Right,40.77
W060,450,2,0.17792792792792791,Violation,17.79
W060,451,1,0.44680851063829785,Right,44.68
W060,451,0,0.3829787234042553,Left,38.3
W060,451,2,0.1702127659574468,Violation,17.02
W060,452,0,0.41379310344827586,Left,41.38
W060,452,1,0.3866995073891626,Right,38.67
W060,452,2,0.19950738916256158,Violation,19.95
W060,453,0,0.4447513812154696,Left,44.48
W060,453,1,0.3756906077348066,Right,37.57
W060,453,2,0.17955801104972377,Violation,17.96
W060,454,0,0.4297520661157025,Left,42.98
W060,454,1,0.4049586776859504,Right,40.5
W060,454,2,0.1652892561983471,Violation,16.53
W060,455,1,0.4117647058823529,Right,41.18
W060,455,0,0.4037433155080214,Left,40.37
W060,455,2,0.18449197860962566,Violation,18.45
W060,456,1,0.45226130653266333,Right,45.23
W060,456,0,0.3768844221105528,Left,37.69
W060,456,2,0.1708542713567839,Violation,17.09
W060,457,0,0.46522781774580335,Left,46.52
W060,457,1,0.41247002398081534,Right,41.25
W060,457,2,0.1223021582733813,Violation,12.23
W060,458,0,0.4755784061696658,Left,47.56
W060,458,1,0.4318766066838046,Right,43.19
W060,458,2,0.09254498714652956,Violation,9.25
W060,459,0,0.42857142857142855,Left,42.86
W060,459,1,0.42436974789915966,Right,42.44
W060,459,2,0.14705882352941177,Violation,14.71
W060,460,0,0.44717444717444715,Left,44.72
W060,460,1,0.40294840294840295,Right,40.29
W060,460,2,0.14987714987714987,Violation,14.99
W060,461,0,0.4603174603174603,Left,46.03
W060,461,1,0.4253968253968254,Right,42.54
W060,461,2,0.11428571428571428,Violation,11.43
W060,462,0,0.40540540540540543,Left,40.54
W060,462,1,0.4009009009009009,Right,40.09
W060,462,2,0.19369369369369369,Violation,19.37
W060,463,0,0.48089171974522293,Left,48.09
W060,463,1,0.410828025477707,Right,41.08
W060,463,2,0.10828025477707007,Violation,10.83
W060,464,0,0.4583333333333333,Left,45.83
W060,464,1,0.4479166666666667,Right,44.79
W060,464,2,0.09375,Violation,9.38
W060,465,0,0.4220532319391635,Left,42.21
W060,465,1,0.40304182509505704,Right,40.3
W060,465,2,0.17490494296577946,Violation,17.49
W060,466,0,0.43820224719101125,Left,43.82
W060,466,1,0.40224719101123596,Right,40.22
W060,466,2,0.15955056179775282,Violation,15.96
W060,467,0,0.4483870967741935,Left,44.84
W060,467,1,0.3967741935483871,Right,39.68
W060,467,2,0.15483870967741936,Violation,15.48
W060,468,0,0.4806201550387597,Left,48.06
W060,468,1,0.3643410852713178,Right,36.43
W060,468,2,0.15503875968992248,Violation,15.5
W060,469,0,0.4444444444444444,Left,44.44
W060,469,1,0.41975308641975306,Right,41.98
W060,469,2,0.13580246913580246,Violation,13.58
W060,470,1,0.44234404536862004,Right,44.23
W060,470,0,0.4120982986767486,Left,41.21
W060,470,2,0.14555765595463138,Violation,14.56
W060,471,1,0.44086021505376344,Right,44.09
W060,471,0,0.43727598566308246,Left,43.73
W060,471,2,0.12186379928315412,Violation,12.19
W060,472,1,0.44420600858369097,Right,44.42
W060,472,0,0.40987124463519314,Left,40.99
W060,472,2,0.1459227467811159,Violation,14.59
W060,473,1,0.4293193717277487,Right,42.93
W060,473,0,0.4005235602094241,Left,40.05
W060,473,2,0.17015706806282724,Violation,17.02
W060,474,1,0.421505376344086,Right,42.15
W060,474,0,0.4129032258064516,Left,41.29
W060,474,2,0.16559139784946236,Violation,16.56
W060,475,0,0.47840531561461797,Left,47.84
W060,475,1,0.4019933554817276,Right,40.2
W060,475,2,0.11960132890365449,Violation,11.96
W060,476,0,0.47305389221556887,Left,47.31
W060,476,1,0.437125748502994,Right,43.71
W060,476,2,0.08982035928143713,Violation,8.98
W060,477,0,0.43559718969555034,Left,43.56
W060,477,1,0.4168618266978923,Right,41.69
W060,477,2,0.14754098360655737,Violation,14.75
W060,478,0,0.44556962025316454,Left,44.56
W060,478,1,0.41265822784810124,Right,41.27
W060,478,2,0.14177215189873418,Violation,14.18
W060,479,1,0.44652908067542213,Right,44.65
W060,479,0,0.41275797373358347,Left,41.28
W060,479,2,0.14071294559099437,Violation,14.07
W060,480,0,0.4340425531914894,Left,43.4
W060,480,1,0.4319148936170213,Right,43.19
W060,480,2,0.13404255319148936,Violation,13.4
W060,481,0,0.4514285714285714,Left,45.14
W060,481,1,0.4057142857142857,Right,40.57
W060,481,2,0.14285714285714285,Violation,14.29
W060,482,0,0.4718498659517426,Left,47.18
W060,482,1,0.4316353887399464,Right,43.16
W060,482,2,0.09651474530831099,Violation,9.65
W060,483,1,0.4632352941176471,Right,46.32
W060,483,0,0.4338235294117647,Left,43.38
W060,483,2,0.10294117647058823,Violation,10.29
W060,484,0,0.4042904290429043,Left,40.43
W060,484,1,0.3976897689768977,Right,39.77
W060,484,2,0.19801980198019803,Violation,19.8
W060,485,0,0.4774193548387097,Left,47.74
W060,485,1,0.45161290322580644,Right,45.16
W060,485,2,0.07096774193548387,Violation,7.1
W060,486,0,0.47237076648841353,Left,47.24
W060,486,1,0.42602495543672014,Right,42.6
W060,486,2,0.10160427807486631,Violation,10.16
W060,487,1,0.460431654676259,Right,46.04
W060,487,0,0.39568345323741005,Left,39.57
W060,487,2,0.14388489208633093,Violation,14.39
W065,101,1,0.3728813559322034,Right,37.29
W065,101,0,0.3615819209039548,Left,36.16
W065,101,2,0.2655367231638418,Violation,26.55
W065,102,1,0.425,Right,42.5
W065,102,0,0.35,Left,35.0
W065,102,2,0.225,Violation,22.5
W065,103,0,0.35691318327974275,Left,35.69
W065,103,2,0.33762057877813506,Violation,33.76
W065,103,1,0.3054662379421222,Right,30.55
W065,104,1,0.4134366925064599,Right,41.34
W065,104,0,0.3178294573643411,Left,31.78
W065,104,2,0.268733850129199,Violation,26.87
W065,105,1,0.39313984168865435,Right,39.31
W065,105,2,0.33773087071240104,Violation,33.77
W065,105,0,0.2691292875989446,Left,26.91
W065,106,0,0.4274193548387097,Left,42.74
W065,106,1,0.40591397849462363,Right,40.59
W065,106,2,0.16666666666666666,Violation,16.67
W065,107,0,0.375,Left,37.5
W065,107,1,0.35060975609756095,Right,35.06
W065,107,2,0.27439024390243905,Violation,27.44
W065,108,0,0.38578680203045684,Left,38.58
W065,108,1,0.3350253807106599,Right,33.5
W065,108,2,0.27918781725888325,Violation,27.92
W065,109,0,0.38188976377952755,Left,38.19
W065,109,1,0.3700787401574803,Right,37.01
W065,109,2,0.24803149606299213,Violation,24.8
W065,110,1,0.40993788819875776,Right,40.99
W065,110,0,0.39751552795031053,Left,39.75
W065,110,2,0.19254658385093168,Violation,19.25
W065,111,1,0.38823529411764707,Right,38.82
W065,111,2,0.31176470588235294,Violation,31.18
W065,111,0,0.3,Left,30.0
W065,112,1,0.39655172413793105,Right,39.66
W065,112,0,0.39080459770114945,Left,39.08
W065,112,2,0.21264367816091953,Violation,21.26
W065,113,1,0.3737864077669903,Right,37.38
W065,113,0,0.3640776699029126,Left,36.41
W065,113,2,0.2621359223300971,Violation,26.21
W065,114,1,0.3654618473895582,Right,36.55
W065,114,0,0.3614457831325301,Left,36.14
W065,114,2,0.27309236947791166,Violation,27.31
W065,115,0,0.4020618556701031,Left,40.21
W065,115,1,0.34536082474226804,Right,34.54
W065,115,2,0.25257731958762886,Violation,25.26
W065,116,1,0.45365853658536587,Right,45.37
W065,116,0,0.4,Left,40.0
W065,116,2,0.14634146341463414,Violation,14.63
W065,117,1,0.4316546762589928,Right,43.17
W065,117,0,0.34532374100719426,Left,34.53
W065,117,2,0.22302158273381295,Violation,22.3
W065,118,1,0.39800995024875624,Right,39.8
W065,118,0,0.35323383084577115,Left,35.32
W065,118,2,0.24875621890547264,Violation,24.88
W065,119,1,0.41379310344827586,Right,41.38
W065,119,0,0.39408866995073893,Left,39.41
W065,119,2,0.1921182266009852,Violation,19.21
W065,120,1,0.3992673992673993,Right,39.93
W065,120,0,0.39194139194139194,Left,39.19
W065,120,2,0.2087912087912088,Violation,20.88
W065,121,1,0.4014336917562724,Right,40.14
W065,121,0,0.3906810035842294,Left,39.07
W065,121,2,0.2078853046594982,Violation,20.79
W065,122,1,0.39057239057239057,Right,39.06
W065,122,0,0.3872053872053872,Left,38.72
W065,122,2,0.2222222222222222,Violation,22.22
W065,123,1,0.405,Right,40.5
W065,123,0,0.35,Left,35.0
W065,123,2,0.245,Violation,24.5
W065,124,0,0.3649122807017544,Left,36.49
W065,124,1,0.3543859649122807,Right,35.44
W065,124,2,0.2807017543859649,Violation,28.07
W065,125,1,0.4115755627009646,Right,41.16
W065,125,0,0.3665594855305466,Left,36.66
W065,125,2,0.22186495176848875,Violation,22.19
W065,126,1,0.39057239057239057,Right,39.06
W065,126,0,0.36363636363636365,Left,36.36
W065,126,2,0.24579124579124578,Violation,24.58
W065,127,1,0.4430379746835443,Right,44.3
W065,127,0,0.35443037974683544,Left,35.44
W065,127,2,0.20253164556962025,Violation,20.25
W065,128,1,0.4606741573033708,Right,46.07
W065,128,0,0.3792134831460674,Left,37.92
W065,128,2,0.1601123595505618,Violation,16.01
W065,129,0,0.44571428571428573,Left,44.57
W065,129,1,0.4114285714285714,Right,41.14
W065,129,2,0.14285714285714285,Violation,14.29
W065,130,1,0.3974358974358974,Right,39.74
W065,130,0,0.34935897435897434,Left,34.94
W065,130,2,0.2532051282051282,Violation,25.32
W065,131,1,0.39880952380952384,Right,39.88
W065,131,0,0.36607142857142855,Left,36.61
W065,131,2,0.23511904761904762,Violation,23.51
W065,132,1,0.40460526315789475,Right,40.46
W065,132,0,0.3651315789473684,Left,36.51
W065,132,2,0.23026315789473684,Violation,23.03
W065,133,1,0.4588744588744589,Right,45.89
W065,133,0,0.44155844155844154,Left,44.16
W065,133,2,0.09956709956709957,Violation,9.96
W065,134,1,0.4332129963898917,Right,43.32
W065,134,0,0.3574007220216607,Left,35.74
W065,134,2,0.20938628158844766,Violation,20.94
W065,135,0,0.4155844155844156,Left,41.56
W065,135,1,0.37012987012987014,Right,37.01
W065,135,2,0.21428571428571427,Violation,21.43
W065,136,0,0.3607142857142857,Left,36.07
W065,136,1,0.33214285714285713,Right,33.21
W065,136,2,0.30714285714285716,Violation,30.71
W065,137,0,0.4482758620689655,Left,44.83
W065,137,1,0.4166666666666667,Right,41.67
W065,137,2,0.13505747126436782,Violation,13.51
W065,138,0,0.42216358839050133,Left,42.22
W065,138,1,0.38258575197889183,Right,38.26
W065,138,2,0.19525065963060687,Violation,19.53
W065,139,0,0.4519774011299435,Left,45.2
W065,139,1,0.4124293785310734,Right,41.24
W065,139,2,0.13559322033898305,Violation,13.56
W065,140,0,0.4398496240601504,Left,43.98
W065,140,1,0.41729323308270677,Right,41.73
W065,140,2,0.14285714285714285,Violation,14.29
W065,141,1,0.463302752293578,Right,46.33
W065,141,0,0.3944954128440367,Left,39.45
W065,141,2,0.14220183486238533,Violation,14.22
W065,142,0,0.39330543933054396,Left,39.33
W065,142,1,0.37656903765690375,Right,37.66
W065,142,2,0.2301255230125523,Violation,23.01
W065,143,1,0.4309859154929577,Right,43.1
W065,143,0,0.38591549295774646,Left,38.59
W065,143,2,0.18309859154929578,Violation,18.31
W065,144,0,0.4294117647058823,Left,42.94
W065,144,1,0.40588235294117647,Right,40.59
W065,144,2,0.16470588235294117,Violation,16.47
W065,145,0,0.3961218836565097,Left,39.61
W065,145,1,0.39058171745152354,Right,39.06
W065,145,2,0.21329639889196675,Violation,21.33
W065,146,0,0.4344262295081967,Left,43.44
W065,146,1,0.430327868852459,Right,43.03
W065,146,2,0.13524590163934427,Violation,13.52
W065,147,1,0.4311594202898551,Right,43.12
W065,147,0,0.42028985507246375,Left,42.03
W065,147,2,0.14855072463768115,Violation,14.86
W065,148,1,0.4642857142857143,Right,46.43
W065,148,0,0.4007936507936508,Left,40.08
W065,148,2,0.1349206349206349,Violation,13.49
W065,149,1,0.43333333333333335,Right,43.33
W065,149,0,0.40555555555555556,Left,40.56
W065,149,2,0.16111111111111112,Violation,16.11
W065,150,0,0.4271356783919598,Left,42.71
W065,150,1,0.40703517587939697,Right,40.7
W065,150,2,0.1658291457286432,Violation,16.58
W065,151,1,0.42021276595744683,Right,42.02
W065,151,0,0.3670212765957447,Left,36.7
W065,151,2,0.2127659574468085,Violation,21.28
W065,152,1,0.3662551440329218,Right,36.63
W065,152,2,0.3292181069958848,Violation,32.92
W065,152,0,0.3045267489711934,Left,30.45
W065,153,0,0.4349775784753363,Left,43.5
W065,153,1,0.39461883408071746,Right,39.46
W065,153,2,0.17040358744394618,Violation,17.04
W065,154,1,0.40298507462686567,Right,40.3
W065,154,0,0.39800995024875624,Left,39.8
W065,154,2,0.19900497512437812,Violation,19.9
W065,155,1,0.3898305084745763,Right,38.98
W065,155,0,0.3644067796610169,Left,36.44
W065,155,2,0.2457627118644068,Violation,24.58
W065,156,0,0.375,Left,37.5
W065,156,1,0.3346774193548387,Right,33.47
W065,156,2,0.2903225806451613,Violation,29.03
W065,157,1,0.42021276595744683,Right,42.02
W065,157,0,0.3617021276595745,Left,36.17
W065,157,2,0.21808510638297873,Violation,21.81
W065,158,1,0.4386792452830189,Right,43.87
W065,158,0,0.38207547169811323,Left,38.21
W065,158,2,0.1792452830188679,Violation,17.92
W065,159,2,0.3944636678200692,Violation,39.45
W065,159,0,0.3044982698961938,Left,30.45
W065,159,1,0.30103806228373703,Right,30.1
W065,160,0,0.41452991452991456,Left,41.45
W065,160,1,0.3888888888888889,Right,38.89
W065,160,2,0.19658119658119658,Violation,19.66
W065,161,1,0.3935483870967742,Right,39.35
W065,161,0,0.36774193548387096,Left,36.77
W065,161,2,0.23870967741935484,Violation,23.87
W065,162,1,0.41434262948207173,Right,41.43
W065,162,0,0.4063745019920319,Left,40.64
W065,162,2,0.17928286852589642,Violation,17.93
W065,163,1,0.45,Right,45.0
W065,163,0,0.37857142857142856,Left,37.86
W065,163,2,0.17142857142857143,Violation,17.14
W065,164,1,0.40816326530612246,Right,40.82
W065,164,0,0.38095238095238093,Left,38.1
W065,164,2,0.2108843537414966,Violation,21.09
W065,165,0,0.4114285714285714,Left,41.14
W065,165,1,0.38285714285714284,Right,38.29
W065,165,2,0.2057142857142857,Violation,20.57
W065,166,2,0.3900709219858156,Violation,39.01
W065,166,1,0.3120567375886525,Right,31.21
W065,166,0,0.2978723404255319,Left,29.79
W065,167,1,0.4087301587301587,Right,40.87
W065,167,0,0.3253968253968254,Left,32.54
W065,167,2,0.26587301587301587,Violation,26.59
W065,168,1,0.42105263157894735,Right,42.11
W065,168,0,0.3684210526315789,Left,36.84
W065,168,2,0.21052631578947367,Violation,21.05
W065,169,0,0.41346153846153844,Left,41.35
W065,169,1,0.3076923076923077,Right,30.77
W065,169,2,0.27884615384615385,Violation,27.88
W065,170,0,0.4171779141104294,Left,41.72
W065,170,1,0.3803680981595092,Right,38.04
W065,170,2,0.20245398773006135,Violation,20.25
W065,171,1,0.4307692307692308,Right,43.08
W065,171,0,0.41025641025641024,Left,41.03
W065,171,2,0.15897435897435896,Violation,15.9
W065,172,1,0.4090909090909091,Right,40.91
W065,172,0,0.38311688311688313,Left,38.31
W065,172,2,0.2077922077922078,Violation,20.78
W065,173,1,0.3769230769230769,Right,37.69
W065,173,0,0.3346153846153846,Left,33.46
W065,173,2,0.28846153846153844,Violation,28.85
W065,174,1,0.4219409282700422,Right,42.19
W065,174,0,0.39662447257383965,Left,39.66
W065,174,2,0.18143459915611815,Violation,18.14
W065,175,1,0.41836734693877553,Right,41.84
W065,175,0,0.3673469387755102,Left,36.73
W065,175,2,0.21428571428571427,Violation,21.43
W065,176,1,0.4375,Right,43.75
W065,176,0,0.4010416666666667,Left,40.1
W065,176,2,0.16145833333333334,Violation,16.15
W065,177,1,0.436046511627907,Right,43.6
W065,177,0,0.3546511627906977,Left,35.47
W065,177,2,0.20930232558139536,Violation,20.93
W065,178,0,0.41743119266055045,Left,41.74
W065,178,1,0.39908256880733944,Right,39.91
W065,178,2,0.1834862385321101,Violation,18.35
W065,179,1,0.37349397590361444,Right,37.35
W065,179,0,0.3172690763052209,Left,31.73
W065,179,2,0.3092369477911647,Violation,30.92
W065,180,0,0.4084507042253521,Left,40.85
W065,180,1,0.38967136150234744,Right,38.97
W065,180,2,0.20187793427230047,Violation,20.19
W065,181,0,0.38513513513513514,Left,38.51
W065,181,1,0.33783783783783783,Right,33.78
W065,181,2,0.27702702702702703,Violation,27.7
W065,182,1,0.4553191489361702,Right,45.53
W065,182,0,0.4127659574468085,Left,41.28
W065,182,2,0.13191489361702127,Violation,13.19
W065,183,1,0.4332129963898917,Right,43.32
W065,183,0,0.3898916967509025,Left,38.99
W065,183,2,0.17689530685920576,Violation,17.69
W065,184,1,0.37453183520599254,Right,37.45
W065,184,0,0.3408239700374532,Left,34.08
W065,184,2,0.2846441947565543,Violation,28.46
W065,185,0,0.44396551724137934,Left,44.4
W065,185,1,0.375,Right,37.5
W065,185,2,0.1810344827586207,Violation,18.1
W065,186,1,0.3992673992673993,Right,39.93
W065,186,0,0.3553113553113553,Left,35.53
W065,186,2,0.2454212454212454,Violation,24.54
W065,187,1,0.4306930693069307,Right,43.07
W065,187,0,0.3811881188118812,Left,38.12
W065,187,2,0.18811881188118812,Violation,18.81
W065,188,1,0.41784037558685444,Right,41.78
W065,188,0,0.39436619718309857,Left,39.44
W065,188,2,0.18779342723004694,Violation,18.78
W065,189,1,0.40229885057471265,Right,40.23
W065,189,0,0.3620689655172414,Left,36.21
W065,189,2,0.23563218390804597,Violation,23.56
W065,190,1,0.4362934362934363,Right,43.63
W065,190,0,0.3590733590733591,Left,35.91
W065,190,2,0.20463320463320464,Violation,20.46
W065,191,1,0.42105263157894735,Right,42.11
W065,191,0,0.34210526315789475,Left,34.21
W065,191,2,0.23684210526315788,Violation,23.68
W065,192,1,0.41379310344827586,Right,41.38
W065,192,0,0.34099616858237547,Left,34.1
W065,192,2,0.24521072796934865,Violation,24.52
W065,193,1,0.390625,Right,39.06
W065,193,0,0.3411458333333333,Left,34.11
W065,193,2,0.2682291666666667,Violation,26.82
W065,194,0,0.3872053872053872,Left,38.72
W065,194,1,0.3838383838383838,Right,38.38
W065,194,2,0.22895622895622897,Violation,22.9
W065,195,1,0.3911290322580645,Right,39.11
W065,195,0,0.32661290322580644,Left,32.66
W065,195,2,0.28225806451612906,Violation,28.23
W065,196,1,0.4444444444444444,Right,44.44
W065,196,0,0.3813813813813814,Left,38.14
W065,196,2,0.17417417417417416,Violation,17.42
W065,197,1,0.44086021505376344,Right,44.09
W065,197,0,0.36917562724014336,Left,36.92
W065,197,2,0.18996415770609318,Violation,19.0
W065,198,0,0.39501779359430605,Left,39.5
W065,198,1,0.3879003558718861,Right,38.79
W065,198,2,0.21708185053380782,Violation,21.71
W065,199,0,0.4497816593886463,Left,44.98
W065,199,1,0.4192139737991266,Right,41.92
W065,199,2,0.13100436681222707,Violation,13.1
W065,200,2,0.3524229074889868,Violation,35.24
W065,200,1,0.32599118942731276,Right,32.6
W065,200,0,0.32158590308370044,Left,32.16
W065,201,1,0.3836065573770492,Right,38.36
W065,201,0,0.35737704918032787,Left,35.74
W065,201,2,0.25901639344262295,Violation,25.9
W065,202,1,0.3915094339622642,Right,39.15
W065,202,0,0.3632075471698113,Left,36.32
W065,202,2,0.24528301886792453,Violation,24.53
W065,203,1,0.44694533762057875,Right,44.69
W065,203,0,0.34726688102893893,Left,34.73
W065,203,2,0.2057877813504823,Violation,20.58
W065,204,1,0.42272727272727273,Right,42.27
W065,204,0,0.39090909090909093,Left,39.09
W065,204,2,0.18636363636363637,Violation,18.64
W065,205,1,0.4241379310344828,Right,42.41
W065,205,0,0.3620689655172414,Left,36.21
W065,205,2,0.21379310344827587,Violation,21.38
W065,206,1,0.3673469387755102,Right,36.73
W065,206,0,0.3333333333333333,Left,33.33
W065,206,2,0.29931972789115646,Violation,29.93
W065,207,2,0.5338983050847458,Violation,53.39
W065,207,0,0.2457627118644068,Left,24.58
W065,207,1,0.22033898305084745,Right,22.03
W065,208,2,0.417910447761194,Violation,41.79
W065,208,1,0.31343283582089554,Right,31.34
W065,208,0,0.26865671641791045,Left,26.87
W065,209,1,0.42788461538461536,Right,42.79
W065,209,0,0.34134615384615385,Left,34.13
W065,209,2,0.23076923076923078,Violation,23.08
W065,211,1,0.3861671469740634,Right,38.62
W065,211,0,0.3314121037463977,Left,33.14
W065,211,2,0.2824207492795389,Violation,28.24
W065,212,0,0.3677685950413223,Left,36.78
W065,212,1,0.36363636363636365,Right,36.36
W065,212,2,0.26859504132231404,Violation,26.86
W065,213,1,0.44841269841269843,Right,44.84
W065,213,0,0.3531746031746032,Left,35.32
W065,213,2,0.1984126984126984,Violation,19.84
W065,214,0,0.3977272727272727,Left,39.77
W065,214,1,0.3806818181818182,Right,38.07
W065,214,2,0.2215909090909091,Violation,22.16
W065,215,1,0.41284403669724773,Right,41.28
W065,215,0,0.3669724770642202,Left,36.7
W065,215,2,0.22018348623853212,Violation,22.02
W065,216,1,0.44155844155844154,Right,44.16
W065,216,0,0.37662337662337664,Left,37.66
W065,216,2,0.18181818181818182,Violation,18.18
W065,217,0,0.4429223744292237,Left,44.29
W065,217,1,0.4063926940639269,Right,40.64
W065,217,2,0.1506849315068493,Violation,15.07
W065,218,0,0.3942307692307692,Left,39.42
W065,218,1,0.36538461538461536,Right,36.54
W065,218,2,0.2403846153846154,Violation,24.04
W065,219,1,0.40404040404040403,Right,40.4
W065,219,0,0.398989898989899,Left,39.9
W065,219,2,0.19696969696969696,Violation,19.7
W065,220,1,0.4449152542372881,Right,44.49
W065,220,0,0.4067796610169492,Left,40.68
W065,220,2,0.1483050847457627,Violation,14.83
W065,221,1,0.41706161137440756,Right,41.71
W065,221,0,0.4028436018957346,Left,40.28
W065,221,2,0.18009478672985782,Violation,18.01
W065,222,0,0.38943894389438943,Left,38.94
W065,222,1,0.35973597359735976,Right,35.97
W065,222,2,0.2508250825082508,Violation,25.08
W065,223,0,0.40892193308550184,Left,40.89
W065,223,1,0.39776951672862454,Right,39.78
W065,223,2,0.19330855018587362,Violation,19.33
W065,224,1,0.4230769230769231,Right,42.31
W065,224,0,0.38461538461538464,Left,38.46
W065,224,2,0.19230769230769232,Violation,19.23
W065,225,1,0.3669724770642202,Right,36.7
W065,225,0,0.3486238532110092,Left,34.86
W065,225,2,0.28440366972477066,Violation,28.44
W065,226,1,0.4015544041450777,Right,40.16
W065,226,0,0.3549222797927461,Left,35.49
W065,226,2,0.24352331606217617,Violation,24.35
W065,227,1,0.4095744680851064,Right,40.96
W065,227,0,0.40425531914893614,Left,40.43
W065,227,2,0.18617021276595744,Violation,18.62
W065,228,0,0.46511627906976744,Left,46.51
W065,228,1,0.43410852713178294,Right,43.41
W065,228,2,0.10077519379844961,Violation,10.08
W065,229,0,0.44886363636363635,Left,44.89
W065,229,1,0.40625,Right,40.62
W065,229,2,0.14488636363636365,Violation,14.49
W065,230,1,0.40524781341107874,Right,40.52
W065,230,0,0.36443148688046645,Left,36.44
W065,230,2,0.2303206997084548,Violation,23.03
W065,231,1,0.4232209737827715,Right,42.32
W065,231,0,0.3408239700374532,Left,34.08
W065,231,2,0.23595505617977527,Violation,23.6
W065,232,1,0.39385474860335196,Right,39.39
W065,232,0,0.33798882681564246,Left,33.8
W065,232,2,0.2681564245810056,Violation,26.82
W065,233,1,0.3474320241691843,Right,34.74
W065,233,0,0.3323262839879154,Left,33.23
W065,233,2,0.3202416918429003,Violation,32.02
W065,234,1,0.35051546391752575,Right,35.05
W065,234,2,0.32646048109965636,Violation,32.65
W065,234,0,0.3230240549828179,Left,32.3
W065,235,0,0.3994252873563218,Left,39.94
W065,235,1,0.3793103448275862,Right,37.93
W065,235,2,0.22126436781609196,Violation,22.13
W065,236,1,0.3727810650887574,Right,37.28
W065,236,0,0.33727810650887574,Left,33.73
W065,236,2,0.28994082840236685,Violation,28.99
W065,237,0,0.40752351097178685,Left,40.75
W065,237,1,0.38557993730407525,Right,38.56
W065,237,2,0.20689655172413793,Violation,20.69
W065,238,0,0.3892857142857143,Left,38.93
W065,238,1,0.3535714285714286,Right,35.36
W065,238,2,0.2571428571428571,Violation,25.71
W065,239,0,0.41304347826086957,Left,41.3
W065,239,1,0.40217391304347827,Right,40.22
W065,239,2,0.18478260869565216,Violation,18.48
W065,240,1,0.38869257950530034,Right,38.87
W065,240,0,0.33568904593639576,Left,33.57
W065,240,2,0.2756183745583039,Violation,27.56
W065,241,2,0.3527397260273973,Violation,35.27
W065,241,1,0.3356164383561644,Right,33.56
W065,241,0,0.3116438356164384,Left,31.16
W065,242,1,0.3879003558718861,Right,38.79
W065,242,0,0.3416370106761566,Left,34.16
W065,242,2,0.2704626334519573,Violation,27.05
W065,243,1,0.3482758620689655,Right,34.83
W065,243,0,0.3275862068965517,Left,32.76
W065,243,2,0.32413793103448274,Violation,32.41
W065,244,1,0.42105263157894735,Right,42.11
W065,244,0,0.4,Left,40.0
W065,244,2,0.17894736842105263,Violation,17.89
W065,245,1,0.35294117647058826,Right,35.29
W065,245,0,0.3315508021390374,Left,33.16
W065,245,2,0.3155080213903743,Violation,31.55
W065,246,2,0.3963963963963964,Violation,39.64
W065,246,0,0.3063063063063063,Left,30.63
W065,246,1,0.2972972972972973,Right,29.73
W065,247,2,0.41762452107279696,Violation,41.76
W065,247,1,0.3371647509578544,Right,33.72
W065,247,0,0.24521072796934865,Left,24.52
W065,248,2,0.36153846153846153,Violation,36.15
W065,248,1,0.34615384615384615,Right,34.62
W065,248,0,0.2923076923076923,Left,29.23
W065,249,1,0.36419753086419754,Right,36.42
W065,249,2,0.345679012345679,Violation,34.57
W065,249,0,0.29012345679012347,Left,29.01
W065,250,1,0.3931297709923664,Right,39.31
W065,250,0,0.37786259541984735,Left,37.79
W065,250,2,0.22900763358778625,Violation,22.9
W065,251,1,0.35344827586206895,Right,35.34
W065,251,2,0.3275862068965517,Violation,32.76
W065,251,0,0.31896551724137934,Left,31.9
W065,252,0,0.35294117647058826,Left,35.29
W065,252,1,0.33088235294117646,Right,33.09
W065,252,2,0.3161764705882353,Violation,31.62
W065,253,2,0.3687150837988827,Violation,36.87
W065,253,1,0.329608938547486,Right,32.96
W065,253,0,0.3016759776536313,Left,30.17
W065,254,1,0.34444444444444444,Right,34.44
W065,254,0,0.3388888888888889,Left,33.89
W065,254,2,0.31666666666666665,Violation,31.67
W065,255,1,0.4206896551724138,Right,42.07
W065,255,0,0.296551724137931,Left,29.66
W065,255,2,0.2827586206896552,Violation,28.28
W065,256,1,0.34615384615384615,Right,34.62
W065,256,0,0.33516483516483514,Left,33.52
W065,256,2,0.31868131868131866,Violation,31.87
W065,257,1,0.34913793103448276,Right,34.91
W065,257,0,0.3275862068965517,Left,32.76
W065,257,2,0.3232758620689655,Violation,32.33
W065,258,1,0.3607305936073059,Right,36.07
W065,258,0,0.3424657534246575,Left,34.25
W065,258,2,0.2968036529680365,Violation,29.68
W065,259,2,0.3894736842105263,Violation,38.95
W065,259,1,0.33157894736842103,Right,33.16
W065,259,0,0.2789473684210526,Left,27.89
W065,260,1,0.3574660633484163,Right,35.75
W065,260,0,0.3438914027149321,Left,34.39
W065,260,2,0.2986425339366516,Violation,29.86
W065,261,0,0.375,Left,37.5
W065,261,1,0.365,Right,36.5
W065,261,2,0.26,Violation,26.0
W065,262,2,0.3880597014925373,Violation,38.81
W065,262,1,0.3208955223880597,Right,32.09
W065,262,0,0.291044776119403,Left,29.1
W065,263,1,0.3706896551724138,Right,37.07
W065,263,0,0.33189655172413796,Left,33.19
W065,263,2,0.2974137931034483,Violation,29.74
W065,264,1,0.37579617834394907,Right,37.58
W065,264,0,0.3375796178343949,Left,33.76
W065,264,2,0.28662420382165604,Violation,28.66
W065,265,1,0.422680412371134,Right,42.27
W065,265,0,0.35738831615120276,Left,35.74
W065,265,2,0.21993127147766323,Violation,21.99
W065,266,0,0.4005305039787798,Left,40.05
W065,266,1,0.3793103448275862,Right,37.93
W065,266,2,0.22015915119363394,Violation,22.02
W065,267,1,0.4223300970873786,Right,42.23
W065,267,0,0.39805825242718446,Left,39.81
W065,267,2,0.1796116504854369,Violation,17.96
W065,268,0,0.39490445859872614,Left,39.49
W065,268,1,0.3630573248407643,Right,36.31
W065,268,2,0.24203821656050956,Violation,24.2
W065,269,0,0.4271523178807947,Left,42.72
W065,269,1,0.38079470198675497,Right,38.08
W065,269,2,0.19205298013245034,Violation,19.21
W065,270,1,0.4108527131782946,Right,41.09
W065,270,0,0.32945736434108525,Left,32.95
W065,270,2,0.2596899224806202,Violation,25.97
W065,271,0,0.3450479233226837,Left,34.5
W065,271,1,0.3450479233226837,Right,34.5
W065,271,2,0.30990415335463256,Violation,30.99
W065,272,0,0.3758620689655172,Left,37.59
W065,272,1,0.3758620689655172,Right,37.59
W065,272,2,0.2482758620689655,Violation,24.83
W065,273,1,0.3810810810810811,Right,38.11
W065,273,0,0.3675675675675676,Left,36.76
W065,273,2,0.25135135135135134,Violation,25.14
W065,274,0,0.378125,Left,37.81
W065,274,1,0.371875,Right,37.19
W065,274,2,0.25,Violation,25.0
W065,275,0,0.3880597014925373,Left,38.81
W065,275,1,0.3582089552238806,Right,35.82
W065,275,2,0.2537313432835821,Violation,25.37
W065,276,0,0.4010989010989011,Left,40.11
W065,276,1,0.38461538461538464,Right,38.46
W065,276,2,0.21428571428571427,Violation,21.43
W065,277,1,0.3786407766990291,Right,37.86
W065,277,0,0.3592233009708738,Left,35.92
W065,277,2,0.2621359223300971,Violation,26.21
W065,278,0,0.34911242603550297,Left,34.91
W065,278,1,0.33727810650887574,Right,33.73
W065,278,2,0.3136094674556213,Violation,31.36
W065,279,1,0.411371237458194,Right,41.14
W065,279,0,0.34782608695652173,Left,34.78
W065,279,2,0.2408026755852843,Violation,24.08
W065,280,0,0.3728813559322034,Left,37.29
W065,280,1,0.3700564971751412,Right,37.01
W065,280,2,0.2570621468926554,Violation,25.71
W065,281,0,0.4,Left,40.0
W065,281,1,0.390625,Right,39.06
W065,281,2,0.209375,Violation,20.94
W065,282,1,0.36962750716332377,Right,36.96
W065,282,0,0.3553008595988539,Left,35.53
W065,282,2,0.27507163323782235,Violation,27.51
W065,283,1,0.4241486068111455,Right,42.41
W065,283,0,0.39628482972136225,Left,39.63
W065,283,2,0.17956656346749225,Violation,17.96
W065,284,0,0.3916083916083916,Left,39.16
W065,284,1,0.3776223776223776,Right,37.76
W065,284,2,0.23076923076923078,Violation,23.08
W065,285,0,0.3675889328063241,Left,36.76
W065,285,1,0.33992094861660077,Right,33.99
W065,285,2,0.2924901185770751,Violation,29.25
W065,286,1,0.35451505016722407,Right,35.45
W065,286,0,0.34782608695652173,Left,34.78
W065,286,2,0.2976588628762542,Violation,29.77
W065,287,1,0.41139240506329117,Right,41.14
W065,287,0,0.3227848101265823,Left,32.28
W065,287,2,0.26582278481012656,Violation,26.58
W065,288,2,0.4719626168224299,Violation,47.2
W065,288,1,0.27102803738317754,Right,27.1
W065,288,0,0.2570093457943925,Left,25.7
W065,289,2,0.47058823529411764,Violation,47.06
W065,289,0,0.27058823529411763,Left,27.06
W065,289,1,0.25882352941176473,Right,25.88
W065,290,1,0.3418181818181818,Right,34.18
W065,290,0,0.33090909090909093,Left,33.09
W065,290,2,0.32727272727272727,Violation,32.73
W065,291,2,0.3788546255506608,Violation,37.89
W065,291,1,0.3436123348017621,Right,34.36
W065,291,0,0.2775330396475771,Left,27.75
W065,292,1,0.3557692307692308,Right,35.58
W065,292,0,0.32371794871794873,Left,32.37
W065,292,2,0.32051282051282054,Violation,32.05
W065,293,2,0.44242424242424244,Violation,44.24
W065,293,1,0.30303030303030304,Right,30.3
W065,293,0,0.2545454545454545,Left,25.45
W065,294,1,0.35602094240837695,Right,35.6
W065,294,2,0.3403141361256545,Violation,34.03
W065,294,0,0.3036649214659686,Left,30.37
W065,295,1,0.35267857142857145,Right,35.27
W065,295,2,0.33035714285714285,Violation,33.04
W065,295,0,0.3169642857142857,Left,31.7
W065,296,2,0.39285714285714285,Violation,39.29
W065,296,1,0.35714285714285715,Right,35.71
W065,296,0,0.25,Left,25.0
W065,297,1,0.4125560538116592,Right,41.26
W065,297,0,0.37668161434977576,Left,37.67
W065,297,2,0.21076233183856502,Violation,21.08
W065,298,1,0.40350877192982454,Right,40.35
W065,298,0,0.3508771929824561,Left,35.09
W065,298,2,0.24561403508771928,Violation,24.56
W065,299,0,0.38235294117647056,Left,38.24
W065,299,1,0.3235294117647059,Right,32.35
W065,299,2,0.29411764705882354,Violation,29.41
W065,300,1,0.36904761904761907,Right,36.9
W065,300,0,0.3531746031746032,Left,35.32
W065,300,2,0.2777777777777778,Violation,27.78
W065,301,1,0.39330543933054396,Right,39.33
W065,301,0,0.38493723849372385,Left,38.49
W065,301,2,0.2217573221757322,Violation,22.18
W065,302,1,0.4018264840182648,Right,40.18
W065,302,0,0.3744292237442922,Left,37.44
W065,302,2,0.2237442922374429,Violation,22.37
W065,303,1,0.4469026548672566,Right,44.69
W065,303,0,0.3407079646017699,Left,34.07
W065,303,2,0.21238938053097345,Violation,21.24
W065,304,1,0.40816326530612246,Right,40.82
W065,304,0,0.3673469387755102,Left,36.73
W065,304,2,0.22448979591836735,Violation,22.45
W065,305,1,0.3869047619047619,Right,38.69
W065,305,0,0.3630952380952381,Left,36.31
W065,305,2,0.25,Violation,25.0
W065,306,1,0.40606060606060607,Right,40.61
W065,306,0,0.3515151515151515,Left,35.15
W065,306,2,0.24242424242424243,Violation,24.24
W065,307,0,0.3671875,Left,36.72
W065,307,1,0.32421875,Right,32.42
W065,307,2,0.30859375,Violation,30.86
W065,308,1,0.4074074074074074,Right,40.74
W065,308,0,0.35802469135802467,Left,35.8
W065,308,2,0.2345679012345679,Violation,23.46
W065,309,0,0.4101796407185629,Left,41.02
W065,309,1,0.3652694610778443,Right,36.53
W065,309,2,0.2245508982035928,Violation,22.46
W065,310,0,0.4007220216606498,Left,40.07
W065,310,1,0.36101083032490977,Right,36.1
W065,310,2,0.23826714801444043,Violation,23.83
W065,311,1,0.4006734006734007,Right,40.07
W065,311,0,0.3872053872053872,Left,38.72
W065,311,2,0.21212121212121213,Violation,21.21
W065,312,0,0.3807531380753138,Left,38.08
W065,312,1,0.3682008368200837,Right,36.82
W065,312,2,0.2510460251046025,Violation,25.1
W065,313,0,0.4249084249084249,Left,42.49
W065,313,1,0.41025641025641024,Right,41.03
W065,313,2,0.16483516483516483,Violation,16.48
W065,314,0,0.3757062146892655,Left,37.57
W065,314,1,0.3587570621468927,Right,35.88
W065,314,2,0.2655367231638418,Violation,26.55
W065,315,0,0.37857142857142856,Left,37.86
W065,315,1,0.3607142857142857,Right,36.07
W065,315,2,0.26071428571428573,Violation,26.07
W065,316,0,0.39015151515151514,Left,39.02
W065,316,1,0.3712121212121212,Right,37.12
W065,316,2,0.23863636363636365,Violation,23.86
W065,317,1,0.4057377049180328,Right,40.57
W065,317,0,0.36065573770491804,Left,36.07
W065,317,2,0.2336065573770492,Violation,23.36
W065,318,1,0.4444444444444444,Right,44.44
W065,318,0,0.3567251461988304,Left,35.67
W065,318,2,0.19883040935672514,Violation,19.88
W065,319,0,0.3684210526315789,Left,36.84
W065,319,1,0.3562753036437247,Right,35.63
W065,319,2,0.27530364372469635,Violation,27.53
W065,320,0,0.38596491228070173,Left,38.6
W065,320,1,0.3216374269005848,Right,32.16
W065,320,2,0.29239766081871343,Violation,29.24
W065,321,1,0.4132231404958678,Right,41.32
W065,321,0,0.35537190082644626,Left,35.54
W065,321,2,0.23140495867768596,Violation,23.14
W065,322,0,0.39473684210526316,Left,39.47
W065,322,1,0.35526315789473684,Right,35.53
W065,322,2,0.25,Violation,25.0
W065,323,0,0.4083044982698962,Left,40.83
W065,323,1,0.3875432525951557,Right,38.75
W065,323,2,0.2041522491349481,Violation,20.42
W065,324,1,0.40955631399317405,Right,40.96
W065,324,0,0.3993174061433447,Left,39.93
W065,324,2,0.19112627986348124,Violation,19.11
W065,325,1,0.43209876543209874,Right,43.21
W065,325,0,0.37037037037037035,Left,37.04
W065,325,2,0.19753086419753085,Violation,19.75
W065,326,0,0.39185750636132316,Left,39.19
W065,326,1,0.36895674300254455,Right,36.9
W065,326,2,0.23918575063613232,Violation,23.92
W065,327,1,0.44025157232704404,Right,44.03
W065,327,0,0.33647798742138363,Left,33.65
W065,327,2,0.22327044025157233,Violation,22.33
W065,328,1,0.4389438943894389,Right,43.89
W065,328,0,0.36633663366336633,Left,36.63
W065,328,2,0.19471947194719472,Violation,19.47
W065,329,1,0.39855072463768115,Right,39.86
W065,329,0,0.38405797101449274,Left,38.41
W065,329,2,0.21739130434782608,Violation,21.74
W065,330,0,0.3898305084745763,Left,38.98
W065,330,1,0.3474576271186441,Right,34.75
W065,330,2,0.2627118644067797,Violation,26.27
W065,331,2,0.34294871794871795,Violation,34.29
W065,331,1,0.3333333333333333,Right,33.33
W065,331,0,0.32371794871794873,Left,32.37
W065,332,0,0.37244897959183676,Left,37.24
W065,332,1,0.35714285714285715,Right,35.71
W065,332,2,0.27040816326530615,Violation,27.04
W065,333,1,0.3699421965317919,Right,36.99
W065,333,0,0.315028901734104,Left,31.5
W065,333,2,0.315028901734104,Violation,31.5
W065,334,1,0.4227405247813411,Right,42.27
W065,334,0,0.3848396501457726,Left,38.48
W065,334,2,0.1924198250728863,Violation,19.24
W065,335,0,0.3891213389121339,Left,38.91
W065,335,1,0.38493723849372385,Right,38.49
W065,335,2,0.22594142259414227,Violation,22.59
W065,336,2,0.4845360824742268,Violation,48.45
W065,336,0,0.27835051546391754,Left,27.84
W065,336,1,0.23711340206185566,Right,23.71
W065,337,1,0.39271255060728744,Right,39.27
W065,337,0,0.3441295546558704,Left,34.41
W065,337,2,0.2631578947368421,Violation,26.32
W065,338,0,0.4076655052264808,Left,40.77
W065,338,1,0.3310104529616725,Right,33.1
W065,338,2,0.2613240418118467,Violation,26.13
W065,339,0,0.3902439024390244,Left,39.02
W065,339,1,0.35609756097560974,Right,35.61
W065,339,2,0.25365853658536586,Violation,25.37
W065,340,1,0.3879003558718861,Right,38.79
W065,340,0,0.35231316725978645,Left,35.23
W065,340,2,0.2597864768683274,Violation,25.98
W065,341,0,0.4,Left,40.0
W065,341,1,0.3423076923076923,Right,34.23
W065,341,2,0.25769230769230766,Violation,25.77
W065,342,1,0.36694677871148457,Right,36.69
W065,342,0,0.3641456582633053,Left,36.41
W065,342,2,0.2689075630252101,Violation,26.89
W065,343,1,0.4375,Right,43.75
W065,343,0,0.3693181818181818,Left,36.93
W065,343,2,0.19318181818181818,Violation,19.32
W065,344,0,0.4304461942257218,Left,43.04
W065,344,1,0.4120734908136483,Right,41.21
W065,344,2,0.15748031496062992,Violation,15.75
W065,345,1,0.4481132075471698,Right,44.81
W065,345,0,0.33490566037735847,Left,33.49
W065,345,2,0.2169811320754717,Violation,21.7
W065,346,0,0.36443148688046645,Left,36.44
W065,346,1,0.3177842565597668,Right,31.78
W065,346,2,0.3177842565597668,Violation,31.78
W065,347,1,0.42857142857142855,Right,42.86
W065,347,0,0.2857142857142857,Left,28.57
W065,347,2,0.2857142857142857,Violation,28.57
W065,348,1,0.3697916666666667,Right,36.98
W065,348,0,0.3359375,Left,33.59
W065,348,2,0.2942708333333333,Violation,29.43
W065,349,1,0.4086687306501548,Right,40.87
W065,349,0,0.35294117647058826,Left,35.29
W065,349,2,0.23839009287925697,Violation,23.84
W065,350,1,0.4186046511627907,Right,41.86
W065,350,0,0.3798449612403101,Left,37.98
W065,350,2,0.20155038759689922,Violation,20.16
W065,351,1,0.408,Right,40.8
W065,351,0,0.4053333333333333,Left,40.53
W065,351,2,0.18666666666666668,Violation,18.67
W065,352,0,0.39636363636363636,Left,39.64
W065,352,1,0.38181818181818183,Right,38.18
W065,352,2,0.22181818181818183,Violation,22.18
W065,353,1,0.3741496598639456,Right,37.41
W065,353,2,0.35374149659863946,Violation,35.37
W065,353,0,0.272108843537415,Left,27.21
W065,354,0,0.39209726443769,Left,39.21
W065,354,1,0.3860182370820669,Right,38.6
W065,354,2,0.22188449848024316,Violation,22.19
W065,355,1,0.43,Right,43.0
W065,355,0,0.37333333333333335,Left,37.33
W065,355,2,0.19666666666666666,Violation,19.67
W065,356,1,0.41042345276872966,Right,41.04
W065,356,0,0.39087947882736157,Left,39.09
W065,356,2,0.1986970684039088,Violation,19.87
W065,357,0,0.41346153846153844,Left,41.35
W065,357,1,0.36538461538461536,Right,36.54
W065,357,2,0.22115384615384615,Violation,22.12
W065,358,1,0.3488372093023256,Right,34.88
W065,358,0,0.33554817275747506,Left,33.55
W065,358,2,0.31561461794019935,Violation,31.56
W065,359,0,0.38910505836575876,Left,38.91
W065,359,1,0.31906614785992216,Right,31.91
W065,359,2,0.2918287937743191,Violation,29.18
W065,360,1,0.40233236151603496,Right,40.23
W065,360,0,0.37900874635568516,Left,37.9
W065,360,2,0.21865889212827988,Violation,21.87
W065,361,2,0.4423076923076923,Violation,44.23
W065,361,1,0.3125,Right,31.25
W065,361,0,0.24519230769230768,Left,24.52
W065,362,1,0.3937677053824363,Right,39.38
W065,362,0,0.3654390934844193,Left,36.54
W065,362,2,0.24079320113314448,Violation,24.08
W065,363,1,0.3501199040767386,Right,35.01
W065,363,0,0.3405275779376499,Left,34.05
W065,363,2,0.30935251798561153,Violation,30.94
W065,364,1,0.41818181818181815,Right,41.82
W065,364,0,0.38181818181818183,Left,38.18
W065,364,2,0.2,Violation,20.0
W065,365,1,0.4028985507246377,Right,40.29
W065,365,0,0.39420289855072466,Left,39.42
W065,365,2,0.2028985507246377,Violation,20.29
W065,366,1,0.38904899135446686,Right,38.9
W065,366,0,0.31412103746397696,Left,31.41
W065,366,2,0.2968299711815562,Violation,29.68
W065,367,0,0.3728813559322034,Left,37.29
W065,367,1,0.34382566585956414,Right,34.38
W065,367,2,0.28329297820823246,Violation,28.33
W065,368,0,0.4077922077922078,Left,40.78
W065,368,1,0.3922077922077922,Right,39.22
W065,368,2,0.2,Violation,20.0
W065,369,0,0.37425149700598803,Left,37.43
W065,369,1,0.3592814371257485,Right,35.93
W065,369,2,0.26646706586826346,Violation,26.65
W065,370,0,0.4146919431279621,Left,41.47
W065,370,1,0.3862559241706161,Right,38.63
W065,370,2,0.1990521327014218,Violation,19.91
W065,371,2,0.3763440860215054,Violation,37.63
W065,371,1,0.3548387096774194,Right,35.48
W065,371,0,0.26881720430107525,Left,26.88
W065,372,1,0.3562874251497006,Right,35.63
W065,372,0,0.32335329341317365,Left,32.34
W065,372,2,0.3203592814371258,Violation,32.04
W065,373,2,0.4887005649717514,Violation,48.87
W065,373,0,0.2655367231638418,Left,26.55
W065,373,1,0.2457627118644068,Right,24.58
W065,374,1,0.375,Right,37.5
W065,374,0,0.3254310344827586,Left,32.54
W065,374,2,0.2995689655172414,Violation,29.96
W065,375,1,0.4043062200956938,Right,40.43
W065,375,0,0.39952153110047844,Left,39.95
W065,375,2,0.19617224880382775,Violation,19.62
W065,376,0,0.4263565891472868,Left,42.64
W065,376,1,0.330749354005168,Right,33.07
W065,376,2,0.24289405684754523,Violation,24.29
W065,377,0,0.3807829181494662,Left,38.08
W065,377,1,0.3665480427046263,Right,36.65
W065,377,2,0.2526690391459075,Violation,25.27
W065,378,1,0.3672922252010724,Right,36.73
W065,378,0,0.32439678284182305,Left,32.44
W065,378,2,0.30831099195710454,Violation,30.83
W065,379,2,0.3680203045685279,Violation,36.8
W065,379,1,0.33248730964467005,Right,33.25
W065,379,0,0.29949238578680204,Left,29.95
W065,380,2,0.3974630021141649,Violation,39.75
W065,380,1,0.3023255813953488,Right,30.23
W065,380,0,0.30021141649048627,Left,30.02
W065,381,0,0.39775910364145656,Left,39.78
W065,381,1,0.35014005602240894,Right,35.01
W065,381,2,0.25210084033613445,Violation,25.21
W065,382,1,0.3738532110091743,Right,37.39
W065,382,0,0.32798165137614677,Left,32.8
W065,382,2,0.2981651376146789,Violation,29.82
W065,383,1,0.363013698630137,Right,36.3
W065,383,0,0.3561643835616438,Left,35.62
W065,383,2,0.2808219178082192,Violation,28.08
W065,384,1,0.3870967741935484,Right,38.71
W065,384,0,0.36228287841191065,Left,36.23
W065,384,2,0.2506203473945409,Violation,25.06
W065,385,2,0.4225,Violation,42.25
W065,385,0,0.29,Left,29.0
W065,385,1,0.2875,Right,28.75
W065,386,2,0.34523809523809523,Violation,34.52
W065,386,0,0.3357142857142857,Left,33.57
W065,386,1,0.319047619047619,Right,31.9
W065,387,2,0.46348314606741575,Violation,46.35
W065,387,1,0.2949438202247191,Right,29.49
W065,387,0,0.24157303370786518,Left,24.16
W065,388,2,0.36363636363636365,Violation,36.36
W065,388,1,0.32142857142857145,Right,32.14
W065,388,0,0.31493506493506496,Left,31.49
W065,389,2,0.4403409090909091,Violation,44.03
W065,389,1,0.29261363636363635,Right,29.26
W065,389,0,0.26704545454545453,Left,26.7
W065,390,2,0.4429065743944637,Violation,44.29
W065,390,1,0.3079584775086505,Right,30.8
W065,390,0,0.2491349480968858,Left,24.91
W065,391,2,0.5721925133689839,Violation,57.22
W065,391,0,0.23529411764705882,Left,23.53
W065,391,1,0.1925133689839572,Right,19.25
W065,392,1,0.3512304250559284,Right,35.12
W065,392,2,0.34451901565995524,Violation,34.45
W065,392,0,0.3042505592841163,Left,30.43
W065,393,2,0.42724458204334365,Violation,42.72
W065,393,1,0.29721362229102166,Right,29.72
W065,393,0,0.2755417956656347,Left,27.55
W065,394,2,0.52,Violation,52.0
W065,394,0,0.255,Left,25.5
W065,394,1,0.225,Right,22.5
W065,395,2,0.40186915887850466,Violation,40.19
W065,395,0,0.308411214953271,Left,30.84
W065,395,1,0.2897196261682243,Right,28.97
W065,396,2,0.5510204081632653,Violation,55.1
W065,396,1,0.25,Right,25.0
W065,396,0,0.1989795918367347,Left,19.9
W066,286,1,0.4125874125874126,Right,41.26
W066,286,0,0.3986013986013986,Left,39.86
W066,286,2,0.1888111888111888,Violation,18.88
W066,287,0,0.41295546558704455,Left,41.3
W066,287,1,0.38461538461538464,Right,38.46
W066,287,2,0.20242914979757085,Violation,20.24
W066,288,1,0.45112781954887216,Right,45.11
W066,288,0,0.37969924812030076,Left,37.97
W066,288,2,0.16917293233082706,Violation,16.92
W066,289,0,0.4409937888198758,Left,44.1
W066,289,1,0.43478260869565216,Right,43.48
W066,289,2,0.12422360248447205,Violation,12.42
W066,290,1,0.4444444444444444,Right,44.44
W066,290,0,0.4222222222222222,Left,42.22
W066,290,2,0.13333333333333333,Violation,13.33
W066,291,0,0.3828996282527881,Left,38.29
W066,291,1,0.3754646840148699,Right,37.55
W066,291,2,0.241635687732342,Violation,24.16
W066,292,0,0.4147465437788018,Left,41.47
W066,292,1,0.4055299539170507,Right,40.55
W066,292,2,0.17972350230414746,Violation,17.97
W066,293,1,0.4152542372881356,Right,41.53
W066,293,0,0.3389830508474576,Left,33.9
W066,293,2,0.2457627118644068,Violation,24.58
W066,294,1,0.39914163090128757,Right,39.91
W066,294,0,0.38197424892703863,Left,38.2
W066,294,2,0.21888412017167383,Violation,21.89
W066,295,0,0.4254545454545455,Left,42.55
W066,295,1,0.4109090909090909,Right,41.09
W066,295,2,0.16363636363636364,Violation,16.36
W066,296,0,0.38509316770186336,Left,38.51
W066,296,1,0.35093167701863354,Right,35.09
W066,296,2,0.2639751552795031,Violation,26.4
W066,297,1,0.4084507042253521,Right,40.85
W066,297,0,0.39436619718309857,Left,39.44
W066,297,2,0.19718309859154928,Violation,19.72
W066,298,1,0.38699690402476783,Right,38.7
W066,298,0,0.38080495356037153,Left,38.08
W066,298,2,0.23219814241486067,Violation,23.22
W066,299,1,0.43260188087774293,Right,43.26
W066,299,0,0.3448275862068966,Left,34.48
W066,299,2,0.2225705329153605,Violation,22.26
W066,300,1,0.42045454545454547,Right,42.05
W066,300,0,0.4128787878787879,Left,41.29
W066,300,2,0.16666666666666666,Violation,16.67
W066,301,1,0.41641337386018235,Right,41.64
W066,301,0,0.3768996960486322,Left,37.69
W066,301,2,0.2066869300911854,Violation,20.67
W066,302,1,0.4497816593886463,Right,44.98
W066,302,0,0.34934497816593885,Left,34.93
W066,302,2,0.20087336244541484,Violation,20.09
W066,303,0,0.40441176470588236,Left,40.44
W066,303,1,0.3860294117647059,Right,38.6
W066,303,2,0.20955882352941177,Violation,20.96
W066,304,0,0.416289592760181,Left,41.63
W066,304,1,0.4072398190045249,Right,40.72
W066,304,2,0.17647058823529413,Violation,17.65
W066,305,0,0.4057142857142857,Left,40.57
W066,305,1,0.3942857142857143,Right,39.43
W066,305,2,0.2,Violation,20.0
W066,306,1,0.42201834862385323,Right,42.2
W066,306,0,0.40825688073394495,Left,40.83
W066,306,2,0.16972477064220184,Violation,16.97
W066,307,1,0.4380952380952381,Right,43.81
W066,307,0,0.31746031746031744,Left,31.75
W066,307,2,0.24444444444444444,Violation,24.44
W066,308,1,0.40932642487046633,Right,40.93
W066,308,0,0.39378238341968913,Left,39.38
W066,308,2,0.19689119170984457,Violation,19.69
W066,309,0,0.40375586854460094,Left,40.38
W066,309,1,0.3755868544600939,Right,37.56
W066,309,2,0.22065727699530516,Violation,22.07
W066,310,1,0.416403785488959,Right,41.64
W066,310,0,0.38485804416403785,Left,38.49
W066,310,2,0.19873817034700317,Violation,19.87
W066,311,0,0.3829113924050633,Left,38.29
W066,311,1,0.37341772151898733,Right,37.34
W066,311,2,0.24367088607594936,Violation,24.37
W066,312,0,0.42249240121580545,Left,42.25
W066,312,1,0.3768996960486322,Right,37.69
W066,312,2,0.2006079027355623,Violation,20.06
W066,313,1,0.39275766016713093,Right,39.28
W066,313,0,0.38997214484679665,Left,39.0
W066,313,2,0.21727019498607242,Violation,21.73
W066,314,0,0.42032967032967034,Left,42.03
W066,314,1,0.41208791208791207,Right,41.21
W066,314,2,0.16758241758241757,Violation,16.76
W066,315,1,0.4297520661157025,Right,42.98
W066,315,0,0.3925619834710744,Left,39.26
W066,315,2,0.17768595041322313,Violation,17.77
W066,316,1,0.4375,Right,43.75
W066,316,0,0.40625,Left,40.62
W066,316,2,0.15625,Violation,15.62
W066,317,0,0.3953488372093023,Left,39.53
W066,317,1,0.3953488372093023,Right,39.53
W066,317,2,0.20930232558139536,Violation,20.93
W066,318,1,0.39148936170212767,Right,39.15
W066,318,0,0.3446808510638298,Left,34.47
W066,318,2,0.26382978723404255,Violation,26.38
W066,319,0,0.3715415019762846,Left,37.15
W066,319,1,0.36363636363636365,Right,36.36
W066,319,2,0.2648221343873518,Violation,26.48
W066,320,1,0.4312977099236641,Right,43.13
W066,320,0,0.366412213740458,Left,36.64
W066,320,2,0.20229007633587787,Violation,20.23
W066,321,1,0.36666666666666664,Right,36.67
W066,321,0,0.3606060606060606,Left,36.06
W066,321,2,0.2727272727272727,Violation,27.27
W066,322,0,0.40893470790378006,Left,40.89
W066,322,1,0.39862542955326463,Right,39.86
W066,322,2,0.19243986254295534,Violation,19.24
W066,323,1,0.40718562874251496,Right,40.72
W066,323,0,0.3263473053892216,Left,32.63
W066,323,2,0.26646706586826346,Violation,26.65
W066,324,1,0.422360248447205,Right,42.24
W066,324,0,0.37888198757763975,Left,37.89
W066,324,2,0.19875776397515527,Violation,19.88
W066,325,0,0.4563758389261745,Left,45.64
W066,325,1,0.40939597315436244,Right,40.94
W066,325,2,0.1342281879194631,Violation,13.42
W066,326,1,0.4444444444444444,Right,44.44
W066,326,0,0.375,Left,37.5
W066,326,2,0.18055555555555555,Violation,18.06
W066,327,1,0.41012658227848103,Right,41.01
W066,327,0,0.39746835443037976,Left,39.75
W066,327,2,0.19240506329113924,Violation,19.24
W066,328,1,0.4198717948717949,Right,41.99
W066,328,0,0.3814102564102564,Left,38.14
W066,328,2,0.1987179487179487,Violation,19.87
W066,329,1,0.3898809523809524,Right,38.99
W066,329,0,0.3601190476190476,Left,36.01
W066,329,2,0.25,Violation,25.0
W066,330,1,0.42127659574468085,Right,42.13
W066,330,0,0.3659574468085106,Left,36.6
W066,330,2,0.2127659574468085,Violation,21.28
W066,331,0,0.3853211009174312,Left,38.53
W066,331,1,0.3669724770642202,Right,36.7
W066,331,2,0.24770642201834864,Violation,24.77
W066,332,1,0.403030303030303,Right,40.3
W066,332,0,0.396969696969697,Left,39.7
W066,332,2,0.2,Violation,20.0
W066,333,1,0.41304347826086957,Right,41.3
W066,333,0,0.37681159420289856,Left,37.68
W066,333,2,0.21014492753623187,Violation,21.01
W066,334,1,0.4171270718232044,Right,41.71
W066,334,0,0.3784530386740331,Left,37.85
W066,334,2,0.20441988950276244,Violation,20.44
W066,335,1,0.4236760124610592,Right,42.37
W066,335,0,0.40186915887850466,Left,40.19
W066,335,2,0.17445482866043613,Violation,17.45
W066,336,1,0.4109195402298851,Right,41.09
W066,336,0,0.3706896551724138,Left,37.07
W066,336,2,0.21839080459770116,Violation,21.84
W066,337,0,0.3755274261603376,Left,37.55
W066,337,1,0.3628691983122363,Right,36.29
W066,337,2,0.2616033755274262,Violation,26.16
W066,338,0,0.39322033898305087,Left,39.32
W066,338,1,0.3389830508474576,Right,33.9
W066,338,2,0.2677966101694915,Violation,26.78
W066,339,0,0.39244186046511625,Left,39.24
W066,339,1,0.35174418604651164,Right,35.17
W066,339,2,0.2558139534883721,Violation,25.58
W066,340,0,0.39950980392156865,Left,39.95
W066,340,1,0.375,Right,37.5
W066,340,2,0.22549019607843138,Violation,22.55
W066,341,1,0.3806146572104019,Right,38.06
W066,341,0,0.37115839243498816,Left,37.12
W066,341,2,0.24822695035460993,Violation,24.82
W066,342,1,0.41509433962264153,Right,41.51
W066,342,0,0.3471698113207547,Left,34.72
W066,342,2,0.23773584905660378,Violation,23.77
W066,343,2,0.3546325878594249,Violation,35.46
W066,343,1,0.34185303514376997,Right,34.19
W066,343,0,0.3035143769968051,Left,30.35
W066,344,1,0.3775811209439528,Right,37.76
W066,344,0,0.3687315634218289,Left,36.87
W066,344,2,0.2536873156342183,Violation,25.37
W066,345,2,0.36363636363636365,Violation,36.36
W066,345,1,0.32670454545454547,Right,32.67
W066,345,0,0.3096590909090909,Left,30.97
W066,346,0,0.39141414141414144,Left,39.14
W066,346,1,0.35858585858585856,Right,35.86
W066,346,2,0.25,Violation,25.0
W066,347,1,0.3532608695652174,Right,35.33
W066,347,2,0.32608695652173914,Violation,32.61
W066,347,0,0.32065217391304346,Left,32.07
W066,348,1,0.39661016949152544,Right,39.66
W066,348,0,0.3898305084745763,Left,38.98
W066,348,2,0.2135593220338983,Violation,21.36
W066,349,1,0.43866171003717475,Right,43.87
W066,349,0,0.3903345724907063,Left,39.03
W066,349,2,0.17100371747211895,Violation,17.1
W066,350,1,0.42160278745644597,Right,42.16
W066,350,0,0.3902439024390244,Left,39.02
W066,350,2,0.18815331010452963,Violation,18.82
W066,351,1,0.3898809523809524,Right,38.99
W066,351,0,0.38095238095238093,Left,38.1
W066,351,2,0.22916666666666666,Violation,22.92
W066,352,1,0.4236111111111111,Right,42.36
W066,352,0,0.3680555555555556,Left,36.81
W066,352,2,0.20833333333333334,Violation,20.83
W066,353,1,0.44244604316546765,Right,44.24
W066,353,0,0.4172661870503597,Left,41.73
W066,353,2,0.14028776978417265,Violation,14.03
W066,354,1,0.37815126050420167,Right,37.82
W066,354,0,0.3403361344537815,Left,34.03
W066,354,2,0.2815126050420168,Violation,28.15
W066,355,0,0.38113207547169814,Left,38.11
W066,355,1,0.37358490566037733,Right,37.36
W066,355,2,0.24528301886792453,Violation,24.53
W066,356,0,0.40860215053763443,Left,40.86
W066,356,1,0.3924731182795699,Right,39.25
W066,356,2,0.1989247311827957,Violation,19.89
W066,357,1,0.3893129770992366,Right,38.93
W066,357,0,0.3549618320610687,Left,35.5
W066,357,2,0.25572519083969464,Violation,25.57
W066,358,0,0.3870967741935484,Left,38.71
W066,358,1,0.38064516129032255,Right,38.06
W066,358,2,0.23225806451612904,Violation,23.23
W066,359,1,0.4228395061728395,Right,42.28
W066,359,0,0.3734567901234568,Left,37.35
W066,359,2,0.2037037037037037,Violation,20.37
W066,360,0,0.3951048951048951,Left,39.51
W066,360,1,0.3916083916083916,Right,39.16
W066,360,2,0.21328671328671328,Violation,21.33
W066,361,0,0.41496598639455784,Left,41.5
W066,361,1,0.41156462585034015,Right,41.16
W066,361,2,0.17346938775510204,Violation,17.35
W066,362,0,0.42971887550200805,Left,42.97
W066,362,1,0.39357429718875503,Right,39.36
W066,362,2,0.17670682730923695,Violation,17.67
W066,363,0,0.4444444444444444,Left,44.44
W066,363,1,0.4420289855072464,Right,44.2
W066,363,2,0.11352657004830918,Violation,11.35
W066,364,1,0.44052863436123346,Right,44.05
W066,364,0,0.3700440528634361,Left,37.0
W066,364,2,0.1894273127753304,Violation,18.94
W066,365,0,0.4090909090909091,Left,40.91
W066,365,1,0.359504132231405,Right,35.95
W066,365,2,0.23140495867768596,Violation,23.14
W066,366,1,0.4024390243902439,Right,40.24
W066,366,0,0.34959349593495936,Left,34.96
W066,366,2,0.24796747967479674,Violation,24.8
W066,367,1,0.3952569169960474,Right,39.53
W066,367,0,0.37549407114624506,Left,37.55
W066,367,2,0.22924901185770752,Violation,22.92
W066,368,0,0.379746835443038,Left,37.97
W066,368,1,0.379746835443038,Right,37.97
W066,368,2,0.24050632911392406,Violation,24.05
W066,369,0,0.3838120104438642,Left,38.38
W066,369,1,0.3394255874673629,Right,33.94
W066,369,2,0.27676240208877284,Violation,27.68
W066,370,1,0.43656716417910446,Right,43.66
W066,370,0,0.35074626865671643,Left,35.07
W066,370,2,0.2126865671641791,Violation,21.27
W066,371,1,0.375,Right,37.5
W066,371,0,0.34274193548387094,Left,34.27
W066,371,2,0.28225806451612906,Violation,28.23
W066,372,0,0.36792452830188677,Left,36.79
W066,372,1,0.33962264150943394,Right,33.96
W066,372,2,0.29245283018867924,Violation,29.25
W066,373,1,0.3888888888888889,Right,38.89
W066,373,0,0.35802469135802467,Left,35.8
W066,373,2,0.25308641975308643,Violation,25.31
W066,374,0,0.4124087591240876,Left,41.24
W066,374,1,0.3613138686131387,Right,36.13
W066,374,2,0.22627737226277372,Violation,22.63
W066,375,0,0.3569553805774278,Left,35.7
W066,375,1,0.3569553805774278,Right,35.7
W066,375,2,0.28608923884514437,Violation,28.61
W066,376,0,0.3948220064724919,Left,39.48
W066,376,1,0.36893203883495146,Right,36.89
W066,376,2,0.23624595469255663,Violation,23.62
W066,377,1,0.3706293706293706,Right,37.06
W066,377,0,0.35664335664335667,Left,35.66
W066,377,2,0.2727272727272727,Violation,27.27
W066,378,1,0.391812865497076,Right,39.18
W066,378,0,0.3538011695906433,Left,35.38
W066,378,2,0.2543859649122807,Violation,25.44
W066,379,1,0.3908355795148248,Right,39.08
W066,379,0,0.3611859838274933,Left,36.12
W066,379,2,0.24797843665768193,Violation,24.8
W066,380,1,0.4125874125874126,Right,41.26
W066,380,0,0.34965034965034963,Left,34.97
W066,380,2,0.23776223776223776,Violation,23.78
W066,381,2,0.5205183585313174,Violation,52.05
W066,381,1,0.2505399568034557,Right,25.05
W066,381,0,0.22894168466522677,Left,22.89
W066,382,2,0.3504531722054381,Violation,35.05
W066,382,0,0.3474320241691843,Left,34.74
W066,382,1,0.3021148036253776,Right,30.21
W066,383,2,0.3704663212435233,Violation,37.05
W066,383,1,0.3238341968911917,Right,32.38
W066,383,0,0.30569948186528495,Left,30.57
W066,384,0,0.41689373297002724,Left,41.69
W066,384,1,0.40054495912806537,Right,40.05
W066,384,2,0.18256130790190736,Violation,18.26
W066,385,0,0.4201954397394137,Left,42.02
W066,385,1,0.3713355048859935,Right,37.13
W066,385,2,0.20846905537459284,Violation,20.85
W066,386,1,0.43376623376623374,Right,43.38
W066,386,0,0.37922077922077924,Left,37.92
W066,386,2,0.18701298701298702,Violation,18.7
W066,387,0,0.4180064308681672,Left,41.8
W066,387,1,0.3987138263665595,Right,39.87
W066,387,2,0.1832797427652733,Violation,18.33
W066,388,1,0.42779291553133514,Right,42.78
W066,388,0,0.4223433242506812,Left,42.23
W066,388,2,0.14986376021798364,Violation,14.99
W066,389,0,0.3926553672316384,Left,39.27
W066,389,1,0.384180790960452,Right,38.42
W066,389,2,0.2231638418079096,Violation,22.32
W066,390,0,0.39233038348082594,Left,39.23
W066,390,1,0.3893805309734513,Right,38.94
W066,390,2,0.2182890855457227,Violation,21.83
W066,391,1,0.40175953079178883,Right,40.18
W066,391,0,0.3519061583577713,Left,35.19
W066,391,2,0.24633431085043989,Violation,24.63
W066,392,1,0.415929203539823,Right,41.59
W066,392,0,0.3775811209439528,Left,37.76
W066,392,2,0.20648967551622419,Violation,20.65
W066,393,1,0.4276729559748428,Right,42.77
W066,393,0,0.4056603773584906,Left,40.57
W066,393,2,0.16666666666666666,Violation,16.67
W066,394,0,0.43086816720257237,Left,43.09
W066,394,1,0.39228295819935693,Right,39.23
W066,394,2,0.17684887459807075,Violation,17.68
W066,395,0,0.4410480349344978,Left,44.1
W066,395,1,0.40611353711790393,Right,40.61
W066,395,2,0.15283842794759825,Violation,15.28
W066,396,1,0.4632768361581921,Right,46.33
W066,396,0,0.3700564971751412,Left,37.01
W066,396,2,0.16666666666666666,Violation,16.67
W066,397,1,0.430635838150289,Right,43.06
W066,397,0,0.3930635838150289,Left,39.31
W066,397,2,0.17630057803468208,Violation,17.63
W066,398,0,0.3727810650887574,Left,37.28
W066,398,1,0.3698224852071006,Right,36.98
W066,398,2,0.257396449704142,Violation,25.74
W066,399,1,0.42443729903536975,Right,42.44
W066,399,0,0.38263665594855306,Left,38.26
W066,399,2,0.19292604501607716,Violation,19.29
W066,400,1,0.42295081967213116,Right,42.3
W066,400,0,0.4,Left,40.0
W066,400,2,0.17704918032786884,Violation,17.7
W066,401,0,0.40273972602739727,Left,40.27
W066,401,1,0.4,Right,40.0
W066,401,2,0.19726027397260273,Violation,19.73
W066,402,0,0.3925925925925926,Left,39.26
W066,402,1,0.3728395061728395,Right,37.28
W066,402,2,0.2345679012345679,Violation,23.46
W066,403,1,0.4028985507246377,Right,40.29
W066,403,0,0.37681159420289856,Left,37.68
W066,403,2,0.22028985507246376,Violation,22.03
W066,404,0,0.37538461538461537,Left,37.54
W066,404,1,0.37538461538461537,Right,37.54
W066,404,2,0.24923076923076923,Violation,24.92
W066,405,0,0.4551282051282051,Left,45.51
W066,405,1,0.3782051282051282,Right,37.82
W066,405,2,0.16666666666666666,Violation,16.67
W066,406,1,0.38317757009345793,Right,38.32
W066,406,0,0.32710280373831774,Left,32.71
W066,406,2,0.2897196261682243,Violation,28.97
W066,407,1,0.3804878048780488,Right,38.05
W066,407,0,0.36829268292682926,Left,36.83
W066,407,2,0.25121951219512195,Violation,25.12
W066,408,1,0.3939393939393939,Right,39.39
W066,408,0,0.372960372960373,Left,37.3
W066,408,2,0.2331002331002331,Violation,23.31
W066,409,0,0.4125,Left,41.25
W066,409,1,0.38333333333333336,Right,38.33
W066,409,2,0.20416666666666666,Violation,20.42
W066,410,1,0.42896935933147634,Right,42.9
W066,410,0,0.3788300835654596,Left,37.88
W066,410,2,0.19220055710306408,Violation,19.22
W066,411,1,0.43099273607748184,Right,43.1
W066,411,0,0.3486682808716707,Left,34.87
W066,411,2,0.22033898305084745,Violation,22.03
W066,412,1,0.4233576642335766,Right,42.34
W066,412,0,0.354014598540146,Left,35.4
W066,412,2,0.22262773722627738,Violation,22.26
W066,413,1,0.3983739837398374,Right,39.84
W066,413,0,0.34417344173441733,Left,34.42
W066,413,2,0.25745257452574527,Violation,25.75
W066,414,1,0.4158415841584158,Right,41.58
W066,414,0,0.3910891089108911,Left,39.11
W066,414,2,0.19306930693069307,Violation,19.31
W066,415,1,0.4044943820224719,Right,40.45
W066,415,0,0.38764044943820225,Left,38.76
W066,415,2,0.20786516853932585,Violation,20.79
W066,416,1,0.41645244215938304,Right,41.65
W066,416,0,0.38303341902313626,Left,38.3
W066,416,2,0.20051413881748073,Violation,20.05
W066,417,1,0.4057971014492754,Right,40.58
W066,417,0,0.3710144927536232,Left,37.1
W066,417,2,0.22318840579710145,Violation,22.32
W066,418,1,0.4045584045584046,Right,40.46
W066,418,0,0.3903133903133903,Left,39.03
W066,418,2,0.20512820512820512,Violation,20.51
W066,419,1,0.4,Right,40.0
W066,419,0,0.37534246575342467,Left,37.53
W066,419,2,0.22465753424657534,Violation,22.47
W066,420,1,0.40214477211796246,Right,40.21
W066,420,0,0.3351206434316354,Left,33.51
W066,420,2,0.26273458445040215,Violation,26.27
W066,421,1,0.4033412887828162,Right,40.33
W066,421,0,0.38663484486873506,Left,38.66
W066,421,2,0.2100238663484487,Violation,21.0
W066,422,1,0.42857142857142855,Right,42.86
W066,422,0,0.3877551020408163,Left,38.78
W066,422,2,0.1836734693877551,Violation,18.37
W066,423,1,0.41361256544502617,Right,41.36
W066,423,0,0.40575916230366493,Left,40.58
W066,423,2,0.1806282722513089,Violation,18.06
W066,424,1,0.3552036199095023,Right,35.52
W066,424,2,0.3393665158371041,Violation,33.94
W066,424,0,0.3054298642533937,Left,30.54
W066,425,0,0.375,Left,37.5
W066,425,1,0.3392857142857143,Right,33.93
W066,425,2,0.2857142857142857,Violation,28.57
W066,426,1,0.39285714285714285,Right,39.29
W066,426,0,0.37012987012987014,Left,37.01
W066,426,2,0.237012987012987,Violation,23.7
W066,427,1,0.4106145251396648,Right,41.06
W066,427,0,0.329608938547486,Left,32.96
W066,427,2,0.25977653631284914,Violation,25.98
W066,428,1,0.3619489559164733,Right,36.19
W066,428,0,0.34106728538283065,Left,34.11
W066,428,2,0.29698375870069604,Violation,29.7
W066,429,0,0.34551495016611294,Left,34.55
W066,429,2,0.3289036544850498,Violation,32.89
W066,429,1,0.32558139534883723,Right,32.56
W066,430,0,0.3761194029850746,Left,37.61
W066,430,1,0.3582089552238806,Right,35.82
W066,430,2,0.2656716417910448,Violation,26.57
W066,431,0,0.35161290322580646,Left,35.16
W066,431,1,0.34516129032258064,Right,34.52
W066,431,2,0.3032258064516129,Violation,30.32
W066,432,0,0.40273972602739727,Left,40.27
W066,432,1,0.4,Right,40.0
W066,432,2,0.19726027397260273,Violation,19.73
W066,433,0,0.4110032362459547,Left,41.1
W066,433,1,0.3592233009708738,Right,35.92
W066,433,2,0.2297734627831715,Violation,22.98
W066,434,1,0.40213523131672596,Right,40.21
W066,434,0,0.398576512455516,Left,39.86
W066,434,2,0.199288256227758,Violation,19.93
W066,435,0,0.4219858156028369,Left,42.2
W066,435,1,0.39361702127659576,Right,39.36
W066,435,2,0.18439716312056736,Violation,18.44
W066,436,1,0.38095238095238093,Right,38.1
W066,436,0,0.35185185185185186,Left,35.19
W066,436,2,0.2671957671957672,Violation,26.72
W066,437,1,0.39076923076923076,Right,39.08
W066,437,0,0.3261538461538461,Left,32.62
W066,437,2,0.28307692307692306,Violation,28.31
W066,438,0,0.45692883895131087,Left,45.69
W066,438,1,0.44569288389513106,Right,44.57
W066,438,2,0.09737827715355805,Violation,9.74
W066,439,1,0.4192708333333333,Right,41.93
W066,439,0,0.4088541666666667,Left,40.89
W066,439,2,0.171875,Violation,17.19
W066,440,1,0.3959731543624161,Right,39.6
W066,440,0,0.3624161073825503,Left,36.24
W066,440,2,0.24161073825503357,Violation,24.16
W066,441,1,0.37175792507204614,Right,37.18
W066,441,0,0.3688760806916426,Left,36.89
W066,441,2,0.25936599423631124,Violation,25.94
W066,442,1,0.3907766990291262,Right,39.08
W066,442,0,0.3616504854368932,Left,36.17
W066,442,2,0.24757281553398058,Violation,24.76
W066,443,1,0.35400516795865633,Right,35.4
W066,443,0,0.35142118863049093,Left,35.14
W066,443,2,0.29457364341085274,Violation,29.46
W066,444,0,0.41260744985673353,Left,41.26
W066,444,1,0.37249283667621774,Right,37.25
W066,444,2,0.2148997134670487,Violation,21.49
W066,445,1,0.4116161616161616,Right,41.16
W066,445,0,0.351010101010101,Left,35.1
W066,445,2,0.23737373737373738,Violation,23.74
W066,446,1,0.39144736842105265,Right,39.14
W066,446,0,0.3190789473684211,Left,31.91
W066,446,2,0.2894736842105263,Violation,28.95
W066,447,0,0.4312796208530806,Left,43.13
W066,447,1,0.3886255924170616,Right,38.86
W066,447,2,0.18009478672985782,Violation,18.01
W066,449,2,0.36585365853658536,Violation,36.59
W066,449,1,0.3445121951219512,Right,34.45
W066,449,0,0.2896341463414634,Left,28.96
W066,450,2,0.3595166163141994,Violation,35.95
W066,450,1,0.34441087613293053,Right,34.44
W066,450,0,0.29607250755287007,Left,29.61
W066,451,2,0.418848167539267,Violation,41.88
W066,451,1,0.31675392670157065,Right,31.68
W066,451,0,0.2643979057591623,Left,26.44
W066,452,1,0.391304347826087,Right,39.13
W066,452,0,0.35144927536231885,Left,35.14
W066,452,2,0.2572463768115942,Violation,25.72
W066,453,1,0.4025974025974026,Right,40.26
W066,453,0,0.3474025974025974,Left,34.74
W066,453,2,0.25,Violation,25.0
W066,454,1,0.4182825484764543,Right,41.83
W066,454,0,0.3545706371191136,Left,35.46
W066,454,2,0.22714681440443213,Violation,22.71
W066,455,1,0.44410876132930516,Right,44.41
W066,455,0,0.38368580060422963,Left,38.37
W066,455,2,0.17220543806646527,Violation,17.22
W066,456,1,0.41312741312741313,Right,41.31
W066,456,0,0.4015444015444015,Left,40.15
W066,456,2,0.18532818532818532,Violation,18.53
W066,457,1,0.4269230769230769,Right,42.69
W066,457,0,0.3730769230769231,Left,37.31
W066,457,2,0.2,Violation,20.0
W066,458,1,0.42084942084942084,Right,42.08
W066,458,0,0.38223938223938225,Left,38.22
W066,458,2,0.1969111969111969,Violation,19.69
W066,459,1,0.423728813559322,Right,42.37
W066,459,0,0.36610169491525424,Left,36.61
W066,459,2,0.21016949152542372,Violation,21.02
W066,460,1,0.4774774774774775,Right,47.75
W066,460,0,0.36936936936936937,Left,36.94
W066,460,2,0.15315315315315314,Violation,15.32
W066,461,1,0.4119318181818182,Right,41.19
W066,461,0,0.35795454545454547,Left,35.8
W066,461,2,0.23011363636363635,Violation,23.01
W066,462,2,0.418848167539267,Violation,41.88
W066,462,1,0.3298429319371728,Right,32.98
W066,462,0,0.2513089005235602,Left,25.13
W066,463,1,0.36023054755043227,Right,36.02
W066,463,0,0.345821325648415,Left,34.58
W066,463,2,0.29394812680115273,Violation,29.39
W066,464,1,0.37333333333333335,Right,37.33
W066,464,0,0.33,Left,33.0
W066,464,2,0.2966666666666667,Violation,29.67
W066,465,1,0.365,Right,36.5
W066,465,0,0.355,Left,35.5
W066,465,2,0.28,Violation,28.0
W066,466,1,0.37222222222222223,Right,37.22
W066,466,0,0.3416666666666667,Left,34.17
W066,466,2,0.2861111111111111,Violation,28.61
W066,467,1,0.3746031746031746,Right,37.46
W066,467,0,0.3142857142857143,Left,31.43
W066,467,2,0.3111111111111111,Violation,31.11
W066,468,1,0.3746397694524496,Right,37.46
W066,468,0,0.34870317002881845,Left,34.87
W066,468,2,0.276657060518732,Violation,27.67
W066,469,2,0.3582089552238806,Violation,35.82
W066,469,1,0.3358208955223881,Right,33.58
W066,469,0,0.30597014925373134,Left,30.6
W066,470,0,0.3409090909090909,Left,34.09
W066,470,1,0.33585858585858586,Right,33.59
W066,470,2,0.32323232323232326,Violation,32.32
W066,471,1,0.3780487804878049,Right,37.8
W066,471,0,0.3170731707317073,Left,31.71
W066,471,2,0.3048780487804878,Violation,30.49
W066,472,0,0.36855670103092786,Left,36.86
W066,472,1,0.3634020618556701,Right,36.34
W066,472,2,0.26804123711340205,Violation,26.8
W066,473,1,0.36721311475409835,Right,36.72
W066,473,0,0.32131147540983607,Left,32.13
W066,473,2,0.3114754098360656,Violation,31.15
W066,474,1,0.37209302325581395,Right,37.21
W066,474,0,0.34108527131782945,Left,34.11
W066,474,2,0.2868217054263566,Violation,28.68
W066,475,1,0.418013856812933,Right,41.8
W066,475,0,0.3556581986143187,Left,35.57
W066,475,2,0.22632794457274827,Violation,22.63
W066,476,1,0.3646723646723647,Right,36.47
W066,476,0,0.32763532763532766,Left,32.76
W066,476,2,0.3076923076923077,Violation,30.77
W066,477,2,0.48283261802575106,Violation,48.28
W066,477,1,0.2832618025751073,Right,28.33
W066,477,0,0.23390557939914164,Left,23.39
W066,478,2,0.42934782608695654,Violation,42.93
W066,478,0,0.28532608695652173,Left,28.53
W066,478,1,0.28532608695652173,Right,28.53
W066,479,2,0.3811764705882353,Violation,38.12
W066,479,1,0.32941176470588235,Right,32.94
W066,479,0,0.28941176470588237,Left,28.94
W066,480,2,0.38642297650130547,Violation,38.64
W066,480,1,0.31592689295039167,Right,31.59
W066,480,0,0.29765013054830286,Left,29.77
W066,481,2,0.38191881918819187,Violation,38.19
W066,481,0,0.3173431734317343,Left,31.73
W066,481,1,0.3007380073800738,Right,30.07
W066,482,2,0.5364372469635628,Violation,53.64
W066,482,0,0.242914979757085,Left,24.29
W066,482,1,0.22064777327935223,Right,22.06
W066,483,2,0.5454545454545454,Violation,54.55
W066,483,0,0.233201581027668,Left,23.32
W066,483,1,0.22134387351778656,Right,22.13
W066,484,2,0.5546038543897216,Violation,55.46
W066,484,1,0.23554603854389722,Right,23.55
W066,484,0,0.20985010706638116,Left,20.99
W066,485,2,0.41019955654101997,Violation,41.02
W066,485,1,0.3170731707317073,Right,31.71
W066,485,0,0.2727272727272727,Left,27.27
W066,486,2,0.3733681462140992,Violation,37.34
W066,486,1,0.3185378590078329,Right,31.85
W066,486,0,0.30809399477806787,Left,30.81
W066,487,1,0.38485804416403785,Right,38.49
W066,487,0,0.35331230283911674,Left,35.33
W066,487,2,0.2618296529968454,Violation,26.18
W066,488,0,0.3738601823708207,Left,37.39
W066,488,2,0.3252279635258359,Violation,32.52
W066,488,1,0.3009118541033435,Right,30.09
W066,489,1,0.41643835616438357,Right,41.64
W066,489,0,0.3863013698630137,Left,38.63
W066,489,2,0.19726027397260273,Violation,19.73
W066,490,1,0.3951612903225806,Right,39.52
W066,490,0,0.3655913978494624,Left,36.56
W066,490,2,0.239247311827957,Violation,23.92
W066,491,1,0.42671009771986973,Right,42.67
W066,491,0,0.3778501628664495,Left,37.79
W066,491,2,0.19543973941368079,Violation,19.54
W066,492,0,0.3687707641196013,Left,36.88
W066,492,1,0.36212624584717606,Right,36.21
W066,492,2,0.2691029900332226,Violation,26.91
W066,493,1,0.4121212121212121,Right,41.21
W066,493,0,0.3939393939393939,Left,39.39
W066,493,2,0.19393939393939394,Violation,19.39
W066,494,0,0.3708609271523179,Left,37.09
W066,494,1,0.3543046357615894,Right,35.43
W066,494,2,0.27483443708609273,Violation,27.48
W066,495,1,0.3890577507598784,Right,38.91
W066,495,0,0.3434650455927052,Left,34.35
W066,495,2,0.2674772036474164,Violation,26.75
W066,496,1,0.35403726708074534,Right,35.4
W066,496,2,0.32919254658385094,Violation,32.92
W066,496,0,0.3167701863354037,Left,31.68
W066,497,1,0.3445121951219512,Right,34.45
W066,497,2,0.32926829268292684,Violation,32.93
W066,497,0,0.32621951219512196,Left,32.62
W066,498,1,0.4371069182389937,Right,43.71
W066,498,0,0.3522012578616352,Left,35.22
W066,498,2,0.21069182389937108,Violation,21.07
W066,499,1,0.36807817589576547,Right,36.81
W066,499,0,0.31921824104234525,Left,31.92
W066,499,2,0.3127035830618892,Violation,31.27
W066,500,1,0.35294117647058826,Right,35.29
W066,500,0,0.33986928104575165,Left,33.99
W066,500,2,0.30718954248366015,Violation,30.72
W066,501,1,0.3768996960486322,Right,37.69
W066,501,0,0.3465045592705167,Left,34.65
W066,501,2,0.2765957446808511,Violation,27.66
W066,502,0,0.39335180055401664,Left,39.34
W066,502,1,0.3656509695290859,Right,36.57
W066,502,2,0.2409972299168975,Violation,24.1
W066,503,0,0.37468354430379747,Left,37.47
W066,503,1,0.3569620253164557,Right,35.7
W066,503,2,0.2683544303797468,Violation,26.84
W066,504,1,0.4459016393442623,Right,44.59
W066,504,0,0.3836065573770492,Left,38.36
W066,504,2,0.17049180327868851,Violation,17.05
W066,505,1,0.36,Right,36.0
W066,505,0,0.35384615384615387,Left,35.38
W066,505,2,0.28615384615384615,Violation,28.62
W066,506,0,0.40562248995983935,Left,40.56
W066,506,1,0.3614457831325301,Right,36.14
W066,506,2,0.23293172690763053,Violation,23.29
W066,507,1,0.36024844720496896,Right,36.02
W066,507,0,0.3385093167701863,Left,33.85
W066,507,2,0.30124223602484473,Violation,30.12
W066,508,1,0.34593023255813954,Right,34.59
W066,508,2,0.33430232558139533,Violation,33.43
W066,508,0,0.31976744186046513,Left,31.98
W066,509,1,0.3743169398907104,Right,37.43
W066,509,0,0.3360655737704918,Left,33.61
W066,509,2,0.2896174863387978,Violation,28.96
W066,510,0,0.3695652173913043,Left,36.96
W066,510,1,0.3695652173913043,Right,36.96
W066,510,2,0.2608695652173913,Violation,26.09
W066,511,0,0.3695652173913043,Left,36.96
W066,511,1,0.3695652173913043,Right,36.96
W066,511,2,0.2608695652173913,Violation,26.09
W066,512,2,0.33916083916083917,Violation,33.92
W066,512,1,0.3321678321678322,Right,33.22
W066,512,0,0.32867132867132864,Left,32.87
W066,513,1,0.3436426116838488,Right,34.36
W066,513,2,0.32989690721649484,Violation,32.99
W066,513,0,0.32646048109965636,Left,32.65
W066,514,1,0.3378016085790885,Right,33.78
W066,514,2,0.3324396782841823,Violation,33.24
W066,514,0,0.3297587131367292,Left,32.98
W066,515,1,0.36164383561643837,Right,36.16
W066,515,2,0.3315068493150685,Violation,33.15
W066,515,0,0.30684931506849317,Left,30.68
W066,516,1,0.3682795698924731,Right,36.83
W066,516,2,0.3279569892473118,Violation,32.8
W066,516,0,0.30376344086021506,Left,30.38
W066,517,1,0.4041666666666667,Right,40.42
W066,517,0,0.35833333333333334,Left,35.83
W066,517,2,0.2375,Violation,23.75
W066,518,1,0.3949579831932773,Right,39.5
W066,518,0,0.39215686274509803,Left,39.22
W066,518,2,0.21288515406162464,Violation,21.29
W066,519,1,0.34615384615384615,Right,34.62
W066,519,0,0.34375,Left,34.38
W066,519,2,0.31009615384615385,Violation,31.01
W066,520,1,0.3905109489051095,Right,39.05
W066,520,0,0.3686131386861314,Left,36.86
W066,520,2,0.24087591240875914,Violation,24.09
W066,521,0,0.36,Left,36.0
W066,521,1,0.3514285714285714,Right,35.14
W066,521,2,0.2885714285714286,Violation,28.86
W066,522,1,0.41114982578397213,Right,41.11
W066,522,0,0.3205574912891986,Left,32.06
W066,522,2,0.2682926829268293,Violation,26.83
W066,523,0,0.3838383838383838,Left,38.38
W066,523,1,0.3771043771043771,Right,37.71
W066,523,2,0.23905723905723905,Violation,23.91
W066,524,0,0.42443729903536975,Left,42.44
W066,524,1,0.3633440514469453,Right,36.33
W066,524,2,0.21221864951768488,Violation,21.22
W066,525,1,0.4212218649517685,Right,42.12
W066,525,0,0.3311897106109325,Left,33.12
W066,525,2,0.24758842443729903,Violation,24.76
W066,526,0,0.39195979899497485,Left,39.2
W066,526,1,0.36432160804020103,Right,36.43
W066,526,2,0.24371859296482412,Violation,24.37
W066,527,1,0.37373737373737376,Right,37.37
W066,527,0,0.32996632996632996,Left,33.0
W066,527,2,0.2962962962962963,Violation,29.63
W066,528,0,0.35231316725978645,Left,35.23
W066,528,1,0.34519572953736655,Right,34.52
W066,528,2,0.302491103202847,Violation,30.25
W066,529,1,0.38198757763975155,Right,38.2
W066,529,0,0.35093167701863354,Left,35.09
W066,529,2,0.2670807453416149,Violation,26.71
W066,530,1,0.39644970414201186,Right,39.64
W066,530,0,0.3875739644970414,Left,38.76
W066,530,2,0.21597633136094674,Violation,21.6
W066,531,1,0.3789173789173789,Right,37.89
W066,531,0,0.3646723646723647,Left,36.47
W066,531,2,0.2564102564102564,Violation,25.64
W066,532,1,0.4265536723163842,Right,42.66
W066,532,0,0.384180790960452,Left,38.42
W066,532,2,0.18926553672316385,Violation,18.93
W066,533,1,0.40233236151603496,Right,40.23
W066,533,0,0.3760932944606414,Left,37.61
W066,533,2,0.22157434402332363,Violation,22.16
W066,534,1,0.3715083798882682,Right,37.15
W066,534,0,0.36033519553072624,Left,36.03
W066,534,2,0.2681564245810056,Violation,26.82
W066,535,0,0.3754152823920266,Left,37.54
W066,535,1,0.3654485049833887,Right,36.54
W066,535,2,0.2591362126245847,Violation,25.91
W066,536,1,0.4005602240896359,Right,40.06
W066,536,0,0.35014005602240894,Left,35.01
W066,536,2,0.24929971988795518,Violation,24.93
W066,537,1,0.4416961130742049,Right,44.17
W066,537,0,0.3498233215547703,Left,34.98
W066,537,2,0.20848056537102475,Violation,20.85
W066,538,1,0.3790322580645161,Right,37.9
W066,538,0,0.3709677419354839,Left,37.1
W066,538,2,0.25,Violation,25.0
W066,539,0,0.3568181818181818,Left,35.68
W066,539,1,0.3409090909090909,Right,34.09
W066,539,2,0.30227272727272725,Violation,30.23
W066,540,1,0.3933333333333333,Right,39.33
W066,540,0,0.32,Left,32.0
W066,540,2,0.2866666666666667,Violation,28.67
W066,541,2,0.3699421965317919,Violation,36.99
W066,541,0,0.3208092485549133,Left,32.08
W066,541,1,0.3092485549132948,Right,30.92
W066,542,0,0.3773006134969325,Left,37.73
W066,542,1,0.31901840490797545,Right,31.9
W066,542,2,0.30368098159509205,Violation,30.37
W066,543,1,0.4110787172011662,Right,41.11
W066,543,0,0.36151603498542273,Left,36.15
W066,543,2,0.22740524781341107,Violation,22.74
W066,544,0,0.3547486033519553,Left,35.47
W066,544,2,0.3240223463687151,Violation,32.4
W066,544,1,0.32122905027932963,Right,32.12
W066,545,0,0.3931888544891641,Left,39.32
W066,545,1,0.3746130030959752,Right,37.46
W066,545,2,0.23219814241486067,Violation,23.22
W066,546,0,0.3463687150837989,Left,34.64
W066,546,1,0.3324022346368715,Right,33.24
W066,546,2,0.32122905027932963,Violation,32.12
W066,547,1,0.34560906515580736,Right,34.56
W066,547,0,0.34277620396600567,Left,34.28
W066,547,2,0.311614730878187,Violation,31.16
W066,548,1,0.3806646525679758,Right,38.07
W066,548,0,0.3776435045317221,Left,37.76
W066,548,2,0.24169184290030213,Violation,24.17
W066,549,1,0.41297935103244837,Right,41.3
W066,549,0,0.3893805309734513,Left,38.94
W066,549,2,0.1976401179941003,Violation,19.76
W066,550,1,0.371900826446281,Right,37.19
W066,550,0,0.34297520661157027,Left,34.3
W066,550,2,0.28512396694214875,Violation,28.51
W066,551,0,0.37815126050420167,Left,37.82
W066,551,1,0.35714285714285715,Right,35.71
W066,551,2,0.2647058823529412,Violation,26.47
W066,552,0,0.36129032258064514,Left,36.13
W066,552,2,0.3225806451612903,Violation,32.26
W066,552,1,0.3161290322580645,Right,31.61
W066,553,0,0.37777777777777777,Left,37.78
W066,553,1,0.37142857142857144,Right,37.14
W066,553,2,0.2507936507936508,Violation,25.08
W066,554,1,0.417910447761194,Right,41.79
W066,554,0,0.373134328358209,Left,37.31
W066,554,2,0.208955223880597,Violation,20.9
W066,555,0,0.3892857142857143,Left,38.93
W066,555,1,0.375,Right,37.5
W066,555,2,0.2357142857142857,Violation,23.57
W066,556,1,0.37037037037037035,Right,37.04
W066,556,0,0.3646723646723647,Left,36.47
W066,556,2,0.26495726495726496,Violation,26.5
W066,557,1,0.3884514435695538,Right,38.85
W066,557,0,0.3805774278215223,Left,38.06
W066,557,2,0.23097112860892388,Violation,23.1
W066,558,0,0.4329896907216495,Left,43.3
W066,558,1,0.3402061855670103,Right,34.02
W066,558,2,0.2268041237113402,Violation,22.68
W066,559,1,0.40059347181008903,Right,40.06
W066,559,0,0.3827893175074184,Left,38.28
W066,559,2,0.2166172106824926,Violation,21.66
W066,560,0,0.3778501628664495,Left,37.79
W066,560,1,0.3127035830618892,Right,31.27
W066,560,2,0.30944625407166126,Violation,30.94
W066,561,0,0.41292134831460675,Left,41.29
W066,561,1,0.41292134831460675,Right,41.29
W066,561,2,0.17415730337078653,Violation,17.42
W066,562,2,0.38181818181818183,Violation,38.18
W066,562,1,0.33636363636363636,Right,33.64
W066,562,0,0.2818181818181818,Left,28.18
W066,563,1,0.39,Right,39.0
W066,563,0,0.38,Left,38.0
W066,563,2,0.23,Violation,23.0
W066,564,1,0.39325842696629215,Right,39.33
W066,564,0,0.34831460674157305,Left,34.83
W066,564,2,0.25842696629213485,Violation,25.84
W066,565,0,0.40458015267175573,Left,40.46
W066,565,1,0.366412213740458,Right,36.64
W066,565,2,0.22900763358778625,Violation,22.9
W066,566,0,0.3502994011976048,Left,35.03
W066,566,2,0.33532934131736525,Violation,33.53
W066,566,1,0.3143712574850299,Right,31.44
W066,567,0,0.38926174496644295,Left,38.93
W066,567,1,0.34563758389261745,Right,34.56
W066,567,2,0.2651006711409396,Violation,26.51
W066,568,0,0.45132743362831856,Left,45.13
W066,568,1,0.336283185840708,Right,33.63
W066,568,2,0.21238938053097345,Violation,21.24
W066,569,0,0.41002949852507375,Left,41.0
W066,569,1,0.41002949852507375,Right,41.0
W066,569,2,0.17994100294985252,Violation,17.99
W066,570,0,0.4119170984455959,Left,41.19
W066,570,1,0.38860103626943004,Right,38.86
W066,570,2,0.19948186528497408,Violation,19.95
W066,571,1,0.401673640167364,Right,40.17
W066,571,0,0.3723849372384937,Left,37.24
W066,571,2,0.22594142259414227,Violation,22.59
W066,572,0,0.39143730886850153,Left,39.14
W066,572,1,0.3669724770642202,Right,36.7
W066,572,2,0.2415902140672783,Violation,24.16
W066,573,1,0.4,Right,40.0
W066,573,0,0.37777777777777777,Left,37.78
W066,573,2,0.2222222222222222,Violation,22.22
W066,574,0,0.4090909090909091,Left,40.91
W066,574,1,0.3881118881118881,Right,38.81
W066,574,2,0.20279720279720279,Violation,20.28
W066,575,0,0.3963254593175853,Left,39.63
W066,575,1,0.3937007874015748,Right,39.37
W066,575,2,0.2099737532808399,Violation,21.0
W066,576,0,0.4114114114114114,Left,41.14
W066,576,1,0.3483483483483483,Right,34.83
W066,576,2,0.24024024024024024,Violation,24.02
W066,577,0,0.3962765957446808,Left,39.63
W066,577,1,0.35638297872340424,Right,35.64
W066,577,2,0.2473404255319149,Violation,24.73
W066,578,0,0.3639240506329114,Left,36.39
W066,578,1,0.36075949367088606,Right,36.08
W066,578,2,0.27531645569620256,Violation,27.53
W066,579,1,0.3554913294797688,Right,35.55
W066,579,0,0.3439306358381503,Left,34.39
W066,579,2,0.30057803468208094,Violation,30.06
W066,580,1,0.4260204081632653,Right,42.6
W066,580,0,0.3596938775510204,Left,35.97
W066,580,2,0.21428571428571427,Violation,21.43
W066,581,1,0.3971631205673759,Right,39.72
W066,581,0,0.3723404255319149,Left,37.23
W066,581,2,0.23049645390070922,Violation,23.05
W066,582,1,0.4058679706601467,Right,40.59
W066,582,0,0.39119804400978,Left,39.12
W066,582,2,0.20293398533007334,Violation,20.29
W066,583,2,0.35324675324675325,Violation,35.32
W066,583,0,0.34805194805194806,Left,34.81
W066,583,1,0.2987012987012987,Right,29.87
W066,584,1,0.4543010752688172,Right,45.43
W066,584,0,0.3736559139784946,Left,37.37
W066,584,2,0.17204301075268819,Violation,17.2
W066,585,1,0.41434262948207173,Right,41.43
W066,585,0,0.3705179282868526,Left,37.05
W066,585,2,0.2151394422310757,Violation,21.51
W066,586,0,0.3404255319148936,Left,34.04
W066,586,2,0.3404255319148936,Violation,34.04
W066,586,1,0.3191489361702128,Right,31.91
W066,587,0,0.35968379446640314,Left,35.97
W066,587,1,0.3359683794466403,Right,33.6
W066,587,2,0.30434782608695654,Violation,30.43
W066,588,2,0.3673469387755102,Violation,36.73
W066,588,1,0.336734693877551,Right,33.67
W066,588,0,0.29591836734693877,Left,29.59
W066,589,2,0.3963254593175853,Violation,39.63
W066,589,1,0.3228346456692913,Right,32.28
W066,589,0,0.28083989501312334,Left,28.08
W066,590,0,0.3431952662721893,Left,34.32
W066,590,2,0.3431952662721893,Violation,34.32
W066,590,1,0.3136094674556213,Right,31.36
W066,591,1,0.36153846153846153,Right,36.15
W066,591,0,0.34615384615384615,Left,34.62
W066,591,2,0.2923076923076923,Violation,29.23
W066,592,2,0.3868312757201646,Violation,38.68
W066,592,1,0.30864197530864196,Right,30.86
W066,592,0,0.3045267489711934,Left,30.45
W066,593,0,0.37677053824362605,Left,37.68
W066,593,1,0.36827195467422097,Right,36.83
W066,593,2,0.254957507082153,Violation,25.5
W066,594,0,0.35687732342007433,Left,35.69
W066,594,1,0.3345724907063197,Right,33.46
W066,594,2,0.30855018587360594,Violation,30.86
W066,595,0,0.3944954128440367,Left,39.45
W066,595,1,0.3302752293577982,Right,33.03
W066,595,2,0.27522935779816515,Violation,27.52
W066,596,1,0.3709677419354839,Right,37.1
W066,596,0,0.3602150537634409,Left,36.02
W066,596,2,0.26881720430107525,Violation,26.88
W066,597,0,0.4125,Left,41.25
W066,597,1,0.3875,Right,38.75
W066,597,2,0.2,Violation,20.0
W066,598,0,0.39655172413793105,Left,39.66
W066,598,1,0.36551724137931035,Right,36.55
W066,598,2,0.23793103448275862,Violation,23.79
W066,599,0,0.40492957746478875,Left,40.49
W066,599,1,0.36971830985915494,Right,36.97
W066,599,2,0.22535211267605634,Violation,22.54
W066,600,1,0.40236686390532544,Right,40.24
W066,600,0,0.35502958579881655,Left,35.5
W066,600,2,0.24260355029585798,Violation,24.26
W066,601,0,0.3944099378881988,Left,39.44
W066,601,1,0.38198757763975155,Right,38.2
W066,601,2,0.2236024844720497,Violation,22.36
W066,602,2,0.34911242603550297,Violation,34.91
W066,602,0,0.3254437869822485,Left,32.54
W066,602,1,0.3254437869822485,Right,32.54
W066,603,1,0.3713235294117647,Right,37.13
W066,603,0,0.35294117647058826,Left,35.29
W066,603,2,0.2757352941176471,Violation,27.57
W066,604,1,0.36,Right,36.0
W066,604,0,0.35,Left,35.0
W066,604,2,0.29,Violation,29.0
W066,605,2,0.3576388888888889,Violation,35.76
W066,605,0,0.3298611111111111,Left,32.99
W066,605,1,0.3125,Right,31.25
W066,606,0,0.37898089171974525,Left,37.9
W066,606,2,0.35668789808917195,Violation,35.67
W066,606,1,0.2643312101910828,Right,26.43
W066,607,0,0.3516949152542373,Left,35.17
W066,607,1,0.3432203389830508,Right,34.32
W066,607,2,0.3050847457627119,Violation,30.51
W066,608,2,0.34688346883468835,Violation,34.69
W066,608,1,0.3333333333333333,Right,33.33
W066,608,0,0.31978319783197834,Left,31.98
W066,609,0,0.36524822695035464,Left,36.52
W066,609,1,0.3475177304964539,Right,34.75
W066,609,2,0.2872340425531915,Violation,28.72
W066,610,2,0.3468208092485549,Violation,34.68
W066,610,0,0.3439306358381503,Left,34.39
W066,610,1,0.3092485549132948,Right,30.92
W066,611,0,0.36156351791530944,Left,36.16
W066,611,1,0.3550488599348534,Right,35.5
W066,611,2,0.28338762214983715,Violation,28.34
W066,612,0,0.3873239436619718,Left,38.73
W066,612,1,0.3415492957746479,Right,34.15
W066,612,2,0.2711267605633803,Violation,27.11
W066,613,0,0.392226148409894,Left,39.22
W066,613,1,0.36395759717314485,Right,36.4
W066,613,2,0.24381625441696114,Violation,24.38
W066,614,0,0.41346153846153844,Left,41.35
W066,614,1,0.375,Right,37.5
W066,614,2,0.21153846153846154,Violation,21.15
W066,615,0,0.3893805309734513,Left,38.94
W066,615,1,0.3893805309734513,Right,38.94
W066,615,2,0.22123893805309736,Violation,22.12
W066,616,1,0.42105263157894735,Right,42.11
W066,616,0,0.39097744360902253,Left,39.1
W066,616,2,0.18796992481203006,Violation,18.8
W066,617,1,0.4226190476190476,Right,42.26
W066,617,0,0.36904761904761907,Left,36.9
W066,617,2,0.20833333333333334,Violation,20.83
W066,618,0,0.3804347826086957,Left,38.04
W066,618,1,0.358695652173913,Right,35.87
W066,618,2,0.2608695652173913,Violation,26.09
W066,619,0,0.41975308641975306,Left,41.98
W066,619,1,0.33641975308641975,Right,33.64
W066,619,2,0.24382716049382716,Violation,24.38
W066,620,1,0.38440111420612816,Right,38.44
W066,620,0,0.31754874651810583,Left,31.75
W066,620,2,0.298050139275766,Violation,29.81
W066,621,1,0.390625,Right,39.06
W066,621,0,0.3828125,Left,38.28
W066,621,2,0.2265625,Violation,22.66
W066,622,1,0.41025641025641024,Right,41.03
W066,622,0,0.37606837606837606,Left,37.61
W066,622,2,0.21367521367521367,Violation,21.37
W066,623,0,0.40192926045016075,Left,40.19
W066,623,1,0.3536977491961415,Right,35.37
W066,623,2,0.24437299035369775,Violation,24.44
W066,624,0,0.44609665427509293,Left,44.61
W066,624,1,0.3903345724907063,Right,39.03
W066,624,2,0.16356877323420074,Violation,16.36
W066,625,1,0.45038167938931295,Right,45.04
W066,625,0,0.3931297709923664,Left,39.31
W066,625,2,0.15648854961832062,Violation,15.65
W066,626,0,0.37922077922077924,Left,37.92
W066,626,1,0.34545454545454546,Right,34.55
W066,626,2,0.2753246753246753,Violation,27.53
W066,627,0,0.4017857142857143,Left,40.18
W066,627,1,0.3869047619047619,Right,38.69
W066,627,2,0.2113095238095238,Violation,21.13
W066,628,1,0.42201834862385323,Right,42.2
W066,628,0,0.41284403669724773,Left,41.28
W066,628,2,0.1651376146788991,Violation,16.51
W066,629,0,0.4204081632653061,Left,42.04
W066,629,1,0.3673469387755102,Right,36.73
W066,629,2,0.21224489795918366,Violation,21.22
W066,630,1,0.4088397790055249,Right,40.88
W066,630,0,0.3701657458563536,Left,37.02
W066,630,2,0.22099447513812154,Violation,22.1
W066,631,1,0.3849056603773585,Right,38.49
W066,631,0,0.37735849056603776,Left,37.74
W066,631,2,0.23773584905660378,Violation,23.77
W066,632,0,0.40239043824701193,Left,40.24
W066,632,1,0.40239043824701193,Right,40.24
W066,632,2,0.1952191235059761,Violation,19.52
W066,633,0,0.4175824175824176,Left,41.76
W066,633,1,0.3516483516483517,Right,35.16
W066,633,2,0.23076923076923078,Violation,23.08
W066,634,1,0.46273291925465837,Right,46.27
W066,634,0,0.4161490683229814,Left,41.61
W066,634,2,0.12111801242236025,Violation,12.11
W066,635,0,0.3962765957446808,Left,39.63
W066,635,1,0.3723404255319149,Right,37.23
W066,635,2,0.23138297872340424,Violation,23.14
W066,636,0,0.3890909090909091,Left,38.91
W066,636,1,0.3709090909090909,Right,37.09
W066,636,2,0.24,Violation,24.0
W066,637,0,0.37339055793991416,Left,37.34
W066,637,1,0.37339055793991416,Right,37.34
W066,637,2,0.2532188841201717,Violation,25.32
W066,638,0,0.42248062015503873,Left,42.25
W066,638,1,0.4069767441860465,Right,40.7
W066,638,2,0.17054263565891473,Violation,17.05
W066,639,0,0.41245136186770426,Left,41.25
W066,639,1,0.36964980544747084,Right,36.96
W066,639,2,0.2178988326848249,Violation,21.79
W066,640,0,0.3473684210526316,Left,34.74
W066,640,1,0.3447368421052632,Right,34.47
W066,640,2,0.3078947368421053,Violation,30.79
W066,641,1,0.3976945244956772,Right,39.77
W066,641,0,0.38328530259365995,Left,38.33
W066,641,2,0.21902017291066284,Violation,21.9
W066,642,0,0.37992831541218636,Left,37.99
W066,642,1,0.3763440860215054,Right,37.63
W066,642,2,0.24372759856630824,Violation,24.37
W066,643,1,0.39775910364145656,Right,39.78
W066,643,0,0.38095238095238093,Left,38.1
W066,643,2,0.22128851540616246,Violation,22.13
W066,644,1,0.375,Right,37.5
W066,644,0,0.36890243902439024,Left,36.89
W066,644,2,0.25609756097560976,Violation,25.61
W066,645,2,0.4793650793650794,Violation,47.94
W066,645,1,0.27936507936507937,Right,27.94
W066,645,0,0.24126984126984127,Left,24.13
W066,646,2,0.41818181818181815,Violation,41.82
W066,646,0,0.2909090909090909,Left,29.09
W066,646,1,0.2909090909090909,Right,29.09
W066,647,2,0.38666666666666666,Violation,38.67
W066,647,0,0.312,Left,31.2
W066,647,1,0.30133333333333334,Right,30.13
W066,648,0,0.38686131386861317,Left,38.69
W066,648,1,0.32116788321167883,Right,32.12
W066,648,2,0.291970802919708,Violation,29.2
W066,649,2,0.38338658146964855,Violation,38.34
W066,649,0,0.3258785942492013,Left,32.59
W066,649,1,0.29073482428115016,Right,29.07
W068,423,1,0.41798941798941797,Right,41.8
W068,423,0,0.37566137566137564,Left,37.57
W068,423,2,0.20634920634920634,Violation,20.63
W068,424,0,0.41509433962264153,Left,41.51
W068,424,1,0.33962264150943394,Right,33.96
W068,424,2,0.24528301886792453,Violation,24.53
W068,425,1,0.423841059602649,Right,42.38
W068,425,0,0.40397350993377484,Left,40.4
W068,425,2,0.17218543046357615,Violation,17.22
W068,426,1,0.4482758620689655,Right,44.83
W068,426,0,0.41379310344827586,Left,41.38
W068,426,2,0.13793103448275862,Violation,13.79
W068,427,1,0.37823834196891193,Right,37.82
W068,427,0,0.35233160621761656,Left,35.23
W068,427,2,0.2694300518134715,Violation,26.94
W068,428,0,0.3873239436619718,Left,38.73
W068,428,1,0.3591549295774648,Right,35.92
W068,428,2,0.2535211267605634,Violation,25.35
W068,429,1,0.4067796610169492,Right,40.68
W068,429,0,0.3502824858757062,Left,35.03
W068,429,2,0.24293785310734464,Violation,24.29
W068,430,1,0.41621621621621624,Right,41.62
W068,430,0,0.3945945945945946,Left,39.46
W068,430,2,0.1891891891891892,Violation,18.92
W068,431,1,0.46261682242990654,Right,46.26
W068,431,0,0.37383177570093457,Left,37.38
W068,431,2,0.16355140186915887,Violation,16.36
W068,432,1,0.3709677419354839,Right,37.1
W068,432,0,0.3279569892473118,Left,32.8
W068,432,2,0.3010752688172043,Violation,30.11
W068,433,1,0.3942307692307692,Right,39.42
W068,433,0,0.3076923076923077,Left,30.77
W068,433,2,0.2980769230769231,Violation,29.81
W068,434,1,0.40816326530612246,Right,40.82
W068,434,0,0.3826530612244898,Left,38.27
W068,434,2,0.20918367346938777,Violation,20.92
W068,435,1,0.4595744680851064,Right,45.96
W068,435,0,0.3574468085106383,Left,35.74
W068,435,2,0.1829787234042553,Violation,18.3
W068,436,1,0.4486486486486487,Right,44.86
W068,436,0,0.3621621621621622,Left,36.22
W068,436,2,0.1891891891891892,Violation,18.92
W068,437,0,0.4845360824742268,Left,48.45
W068,437,1,0.3917525773195876,Right,39.18
W068,437,2,0.12371134020618557,Violation,12.37
W068,438,1,0.43234323432343236,Right,43.23
W068,438,0,0.38283828382838286,Left,38.28
W068,438,2,0.1848184818481848,Violation,18.48
W068,439,0,0.4,Left,40.0
W068,439,1,0.4,Right,40.0
W068,439,2,0.2,Violation,20.0
W068,440,1,0.4533333333333333,Right,45.33
W068,440,0,0.38222222222222224,Left,38.22
W068,440,2,0.16444444444444445,Violation,16.44
W068,441,1,0.39928057553956836,Right,39.93
W068,441,0,0.39568345323741005,Left,39.57
W068,441,2,0.20503597122302158,Violation,20.5
W068,442,0,0.4375,Left,43.75
W068,442,1,0.4230769230769231,Right,42.31
W068,442,2,0.13942307692307693,Violation,13.94
W068,443,1,0.45348837209302323,Right,45.35
W068,443,0,0.41472868217054265,Left,41.47
W068,443,2,0.13178294573643412,Violation,13.18
W068,444,0,0.4377880184331797,Left,43.78
W068,444,1,0.41013824884792627,Right,41.01
W068,444,2,0.15207373271889402,Violation,15.21
W068,445,0,0.39915966386554624,Left,39.92
W068,445,1,0.38235294117647056,Right,38.24
W068,445,2,0.2184873949579832,Violation,21.85
W068,446,1,0.4492753623188406,Right,44.93
W068,446,0,0.4057971014492754,Left,40.58
W068,446,2,0.14492753623188406,Violation,14.49
W068,447,1,0.43575418994413406,Right,43.58
W068,447,0,0.3687150837988827,Left,36.87
W068,447,2,0.19553072625698323,Violation,19.55
W068,448,1,0.4659090909090909,Right,46.59
W068,448,0,0.3806818181818182,Left,38.07
W068,448,2,0.1534090909090909,Violation,15.34
W068,449,1,0.40808823529411764,Right,40.81
W068,449,0,0.4007352941176471,Left,40.07
W068,449,2,0.19117647058823528,Violation,19.12
W068,450,1,0.41203703703703703,Right,41.2
W068,450,0,0.3888888888888889,Left,38.89
W068,450,2,0.19907407407407407,Violation,19.91
W068,451,1,0.42857142857142855,Right,42.86
W068,451,0,0.41646489104116224,Left,41.65
W068,451,2,0.1549636803874092,Violation,15.5
W068,452,0,0.38,Left,38.0
W068,452,1,0.34,Right,34.0
W068,452,2,0.28,Violation,28.0
W068,453,1,0.4589041095890411,Right,45.89
W068,453,0,0.3904109589041096,Left,39.04
W068,453,2,0.1506849315068493,Violation,15.07
W068,454,1,0.45454545454545453,Right,45.45
W068,454,0,0.38181818181818183,Left,38.18
W068,454,2,0.16363636363636364,Violation,16.36
W068,455,0,0.48760330578512395,Left,48.76
W068,455,1,0.4049586776859504,Right,40.5
W068,455,2,0.10743801652892562,Violation,10.74
W068,456,1,0.42592592592592593,Right,42.59
W068,456,0,0.41358024691358025,Left,41.36
W068,456,2,0.16049382716049382,Violation,16.05
W068,457,1,0.45054945054945056,Right,45.05
W068,457,0,0.3791208791208791,Left,37.91
W068,457,2,0.17032967032967034,Violation,17.03
W068,458,1,0.41333333333333333,Right,41.33
W068,458,0,0.37333333333333335,Left,37.33
W068,458,2,0.21333333333333335,Violation,21.33
W068,459,0,0.48863636363636365,Left,48.86
W068,459,1,0.375,Right,37.5
W068,459,2,0.13636363636363635,Violation,13.64
W068,460,1,0.3781818181818182,Right,37.82
W068,460,0,0.3709090909090909,Left,37.09
W068,460,2,0.2509090909090909,Violation,25.09
W068,461,1,0.391025641025641,Right,39.1
W068,461,0,0.3782051282051282,Left,37.82
W068,461,2,0.23076923076923078,Violation,23.08
W068,462,1,0.43309859154929575,Right,43.31
W068,462,0,0.4295774647887324,Left,42.96
W068,462,2,0.13732394366197184,Violation,13.73
W068,463,1,0.41624365482233505,Right,41.62
W068,463,0,0.37055837563451777,Left,37.06
W068,463,2,0.2131979695431472,Violation,21.32
W068,464,1,0.4696485623003195,Right,46.96
W068,464,0,0.3929712460063898,Left,39.3
W068,464,2,0.13738019169329074,Violation,13.74
W068,465,1,0.4375,Right,43.75
W068,465,0,0.4114583333333333,Left,41.15
W068,465,2,0.15104166666666666,Violation,15.1
W068,466,1,0.43352601156069365,Right,43.35
W068,466,0,0.41040462427745666,Left,41.04
W068,466,2,0.15606936416184972,Violation,15.61
W068,467,0,0.4369369369369369,Left,43.69
W068,467,1,0.3963963963963964,Right,39.64
W068,467,2,0.16666666666666666,Violation,16.67
W068,468,1,0.4418604651162791,Right,44.19
W068,468,0,0.4186046511627907,Left,41.86
W068,468,2,0.13953488372093023,Violation,13.95
W068,469,0,0.40225563909774437,Left,40.23
W068,469,1,0.38721804511278196,Right,38.72
W068,469,2,0.21052631578947367,Violation,21.05
W068,470,1,0.4470588235294118,Right,44.71
W068,470,0,0.403921568627451,Left,40.39
W068,470,2,0.14901960784313725,Violation,14.9
W068,471,0,0.391304347826087,Left,39.13
W068,471,1,0.34782608695652173,Right,34.78
W068,471,2,0.2608695652173913,Violation,26.09
W068,472,0,0.44308943089430897,Left,44.31
W068,472,1,0.3780487804878049,Right,37.8
W068,472,2,0.17886178861788618,Violation,17.89
W068,473,0,0.46229508196721314,Left,46.23
W068,473,1,0.40327868852459015,Right,40.33
W068,473,2,0.13442622950819672,Violation,13.44
W068,474,1,0.42245989304812837,Right,42.25
W068,474,0,0.40641711229946526,Left,40.64
W068,474,2,0.1711229946524064,Violation,17.11
W068,475,0,0.4185022026431718,Left,41.85
W068,475,1,0.3788546255506608,Right,37.89
W068,475,2,0.2026431718061674,Violation,20.26
W068,476,1,0.44398340248962653,Right,44.4
W068,476,0,0.4190871369294606,Left,41.91
W068,476,2,0.13692946058091288,Violation,13.69
W068,477,1,0.4316546762589928,Right,43.17
W068,477,0,0.37410071942446044,Left,37.41
W068,477,2,0.19424460431654678,Violation,19.42
W068,478,0,0.38461538461538464,Left,38.46
W068,478,1,0.358974358974359,Right,35.9
W068,478,2,0.2564102564102564,Violation,25.64
W068,479,1,0.4327731092436975,Right,43.28
W068,479,0,0.40336134453781514,Left,40.34
W068,479,2,0.1638655462184874,Violation,16.39
W068,480,1,0.44485294117647056,Right,44.49
W068,480,0,0.41911764705882354,Left,41.91
W068,480,2,0.13602941176470587,Violation,13.6
W068,481,0,0.4307116104868914,Left,43.07
W068,481,1,0.4307116104868914,Right,43.07
W068,481,2,0.13857677902621723,Violation,13.86
W068,482,1,0.41517857142857145,Right,41.52
W068,482,0,0.40625,Left,40.62
W068,482,2,0.17857142857142858,Violation,17.86
W068,483,1,0.4218289085545723,Right,42.18
W068,483,0,0.3775811209439528,Left,37.76
W068,483,2,0.20058997050147492,Violation,20.06
W068,484,1,0.40131578947368424,Right,40.13
W068,484,0,0.375,Left,37.5
W068,484,2,0.2236842105263158,Violation,22.37
W068,485,1,0.4075067024128686,Right,40.75
W068,485,0,0.3914209115281501,Left,39.14
W068,485,2,0.20107238605898123,Violation,20.11
W068,486,1,0.4144927536231884,Right,41.45
W068,486,0,0.3739130434782609,Left,37.39
W068,486,2,0.21159420289855072,Violation,21.16
W068,487,1,0.42628205128205127,Right,42.63
W068,487,0,0.4166666666666667,Left,41.67
W068,487,2,0.15705128205128205,Violation,15.71
W068,488,1,0.4426751592356688,Right,44.27
W068,488,0,0.36942675159235666,Left,36.94
W068,488,2,0.18789808917197454,Violation,18.79
W068,489,1,0.4375,Right,43.75
W068,489,0,0.390625,Left,39.06
W068,489,2,0.171875,Violation,17.19
W068,490,1,0.42616033755274263,Right,42.62
W068,490,0,0.4050632911392405,Left,40.51
W068,490,2,0.16877637130801687,Violation,16.88
W068,491,1,0.40974212034383956,Right,40.97
W068,491,0,0.40114613180515757,Left,40.11
W068,491,2,0.18911174785100288,Violation,18.91
W068,492,1,0.4051724137931034,Right,40.52
W068,492,0,0.375,Left,37.5
W068,492,2,0.21982758620689655,Violation,21.98
W068,493,1,0.4101694915254237,Right,41.02
W068,493,0,0.4067796610169492,Left,40.68
W068,493,2,0.18305084745762712,Violation,18.31
W068,494,0,0.48947368421052634,Left,48.95
W068,494,1,0.3736842105263158,Right,37.37
W068,494,2,0.1368421052631579,Violation,13.68
W068,495,0,0.40993788819875776,Left,40.99
W068,495,1,0.40372670807453415,Right,40.37
W068,495,2,0.18633540372670807,Violation,18.63
W068,496,1,0.45179063360881544,Right,45.18
W068,496,0,0.3691460055096419,Left,36.91
W068,496,2,0.1790633608815427,Violation,17.91
W068,497,1,0.41853932584269665,Right,41.85
W068,497,0,0.36235955056179775,Left,36.24
W068,497,2,0.21910112359550563,Violation,21.91
W068,498,0,0.39823008849557523,Left,39.82
W068,498,1,0.3775811209439528,Right,37.76
W068,498,2,0.22418879056047197,Violation,22.42
W068,499,1,0.42066420664206644,Right,42.07
W068,499,0,0.3800738007380074,Left,38.01
W068,499,2,0.1992619926199262,Violation,19.93
W068,500,1,0.4405797101449275,Right,44.06
W068,500,0,0.3884057971014493,Left,38.84
W068,500,2,0.17101449275362318,Violation,17.1
W068,501,1,0.45657015590200445,Right,45.66
W068,501,0,0.38084632516703787,Left,38.08
W068,501,2,0.16258351893095768,Violation,16.26
W068,502,0,0.45703125,Left,45.7
W068,502,1,0.3828125,Right,38.28
W068,502,2,0.16015625,Violation,16.02
W068,503,0,0.4121212121212121,Left,41.21
W068,503,1,0.396969696969697,Right,39.7
W068,503,2,0.19090909090909092,Violation,19.09
W068,504,1,0.42819148936170215,Right,42.82
W068,504,0,0.4122340425531915,Left,41.22
W068,504,2,0.1595744680851064,Violation,15.96
W068,505,1,0.49744897959183676,Right,49.74
W068,505,0,0.375,Left,37.5
W068,505,2,0.12755102040816327,Violation,12.76
W068,506,1,0.44471153846153844,Right,44.47
W068,506,0,0.4375,Left,43.75
W068,506,2,0.11778846153846154,Violation,11.78
W068,507,0,0.4547945205479452,Left,45.48
W068,507,1,0.4410958904109589,Right,44.11
W068,507,2,0.10410958904109589,Violation,10.41
W068,508,0,0.41646489104116224,Left,41.65
W068,508,1,0.37530266343825663,Right,37.53
W068,508,2,0.20823244552058112,Violation,20.82
W068,509,1,0.45454545454545453,Right,45.45
W068,509,0,0.3850267379679144,Left,38.5
W068,509,2,0.16042780748663102,Violation,16.04
W068,510,1,0.4495192307692308,Right,44.95
W068,510,0,0.43028846153846156,Left,43.03
W068,510,2,0.1201923076923077,Violation,12.02
W068,511,1,0.44862155388471175,Right,44.86
W068,511,0,0.40852130325814534,Left,40.85
W068,511,2,0.14285714285714285,Violation,14.29
W068,512,1,0.4675324675324675,Right,46.75
W068,512,0,0.3974025974025974,Left,39.74
W068,512,2,0.13506493506493505,Violation,13.51
W068,513,1,0.5189309576837416,Right,51.89
W068,513,0,0.3897550111358575,Left,38.98
W068,513,2,0.09131403118040089,Violation,9.13
W068,514,1,0.4700665188470067,Right,47.01
W068,514,0,0.4279379157427938,Left,42.79
W068,514,2,0.10199556541019955,Violation,10.2
W068,515,1,0.46247464503042596,Right,46.25
W068,515,0,0.41379310344827586,Left,41.38
W068,515,2,0.12373225152129817,Violation,12.37
W068,516,1,0.497737556561086,Right,49.77
W068,516,0,0.4411764705882353,Left,44.12
W068,516,2,0.06108597285067873,Violation,6.11
W068,517,0,0.47577092511013214,Left,47.58
W068,517,1,0.42290748898678415,Right,42.29
W068,517,2,0.1013215859030837,Violation,10.13
W068,518,1,0.46153846153846156,Right,46.15
W068,518,0,0.4415954415954416,Left,44.16
W068,518,2,0.09686609686609686,Violation,9.69
W068,519,1,0.4567901234567901,Right,45.68
W068,519,0,0.43415637860082307,Left,43.42
W068,519,2,0.10905349794238683,Violation,10.91
W068,520,1,0.4619164619164619,Right,46.19
W068,520,0,0.4520884520884521,Left,45.21
W068,520,2,0.085995085995086,Violation,8.6
W068,521,1,0.46511627906976744,Right,46.51
W068,521,0,0.39276485788113696,Left,39.28
W068,521,2,0.1421188630490956,Violation,14.21
W068,522,1,0.47757847533632286,Right,47.76
W068,522,0,0.4439461883408072,Left,44.39
W068,522,2,0.07847533632286996,Violation,7.85
W068,523,1,0.49411764705882355,Right,49.41
W068,523,0,0.4176470588235294,Left,41.76
W068,523,2,0.08823529411764706,Violation,8.82
W068,524,1,0.4474789915966387,Right,44.75
W068,524,0,0.41596638655462187,Left,41.6
W068,524,2,0.13655462184873948,Violation,13.66
W068,525,1,0.456359102244389,Right,45.64
W068,525,0,0.3915211970074813,Left,39.15
W068,525,2,0.15211970074812967,Violation,15.21
W068,526,1,0.4588744588744589,Right,45.89
W068,526,0,0.3874458874458874,Left,38.74
W068,526,2,0.15367965367965367,Violation,15.37
W068,527,1,0.44221105527638194,Right,44.22
W068,527,0,0.40954773869346733,Left,40.95
W068,527,2,0.14824120603015076,Violation,14.82
W068,528,1,0.43172690763052207,Right,43.17
W068,528,0,0.42771084337349397,Left,42.77
W068,528,2,0.14056224899598393,Violation,14.06
W068,529,1,0.45799011532125206,Right,45.8
W068,529,0,0.41515650741350907,Left,41.52
W068,529,2,0.12685337726523888,Violation,12.69
W068,530,1,0.444141689373297,Right,44.41
W068,530,0,0.4196185286103542,Left,41.96
W068,530,2,0.1362397820163488,Violation,13.62
W068,531,1,0.43829787234042555,Right,43.83
W068,531,0,0.39787234042553193,Left,39.79
W068,531,2,0.16382978723404254,Violation,16.38
W068,532,1,0.40825688073394495,Right,40.83
W068,532,0,0.4059633027522936,Left,40.6
W068,532,2,0.18577981651376146,Violation,18.58
W068,533,0,0.42718446601941745,Left,42.72
W068,533,1,0.42718446601941745,Right,42.72
W068,533,2,0.14563106796116504,Violation,14.56
W068,534,0,0.44545454545454544,Left,44.55
W068,534,1,0.4303030303030303,Right,43.03
W068,534,2,0.12424242424242424,Violation,12.42
W068,535,0,0.48158640226628896,Left,48.16
W068,535,1,0.4164305949008499,Right,41.64
W068,535,2,0.10198300283286119,Violation,10.2
W068,536,0,0.41952506596306066,Left,41.95
W068,536,1,0.41952506596306066,Right,41.95
W068,536,2,0.16094986807387862,Violation,16.09
W068,537,1,0.4611973392461197,Right,46.12
W068,537,0,0.43458980044345896,Left,43.46
W068,537,2,0.10421286031042129,Violation,10.42
W068,538,1,0.4928571428571429,Right,49.29
W068,538,0,0.43333333333333335,Left,43.33
W068,538,2,0.07380952380952381,Violation,7.38
W068,539,1,0.4605263157894737,Right,46.05
W068,539,0,0.38596491228070173,Left,38.6
W068,539,2,0.15350877192982457,Violation,15.35
W068,540,1,0.43370165745856354,Right,43.37
W068,540,0,0.4198895027624309,Left,41.99
W068,540,2,0.1464088397790055,Violation,14.64
W068,541,1,0.44285714285714284,Right,44.29
W068,541,0,0.4,Left,40.0
W068,541,2,0.15714285714285714,Violation,15.71
W068,542,1,0.4709141274238227,Right,47.09
W068,542,0,0.42382271468144045,Left,42.38
W068,542,2,0.10526315789473684,Violation,10.53
W068,543,0,0.4375,Left,43.75
W068,543,1,0.42613636363636365,Right,42.61
W068,543,2,0.13636363636363635,Violation,13.64
W068,544,0,0.44871794871794873,Left,44.87
W068,544,1,0.4358974358974359,Right,43.59
W068,544,2,0.11538461538461539,Violation,11.54
W068,545,0,0.4573002754820937,Left,45.73
W068,545,1,0.42699724517906334,Right,42.7
W068,545,2,0.11570247933884298,Violation,11.57
W068,546,1,0.44525547445255476,Right,44.53
W068,546,0,0.43552311435523117,Left,43.55
W068,546,2,0.1192214111922141,Violation,11.92
W068,547,1,0.4484732824427481,Right,44.85
W068,547,0,0.3988549618320611,Left,39.89
W068,547,2,0.15267175572519084,Violation,15.27
W068,548,0,0.448559670781893,Left,44.86
W068,548,1,0.4074074074074074,Right,40.74
W068,548,2,0.1440329218106996,Violation,14.4
W068,549,0,0.46075085324232085,Left,46.08
W068,549,1,0.3993174061433447,Right,39.93
W068,549,2,0.13993174061433447,Violation,13.99
W068,550,1,0.48253968253968255,Right,48.25
W068,550,0,0.36507936507936506,Left,36.51
W068,550,2,0.1523809523809524,Violation,15.24
W068,551,1,0.45047169811320753,Right,45.05
W068,551,0,0.4009433962264151,Left,40.09
W068,551,2,0.14858490566037735,Violation,14.86
W068,552,1,0.40966921119592875,Right,40.97
W068,552,0,0.38676844783715014,Left,38.68
W068,552,2,0.2035623409669211,Violation,20.36
W068,553,1,0.4311740890688259,Right,43.12
W068,553,0,0.3623481781376518,Left,36.23
W068,553,2,0.20647773279352227,Violation,20.65
W068,554,1,0.4117647058823529,Right,41.18
W068,554,0,0.3799019607843137,Left,37.99
W068,554,2,0.20833333333333334,Violation,20.83
W068,555,1,0.44886363636363635,Right,44.89
W068,555,0,0.4147727272727273,Left,41.48
W068,555,2,0.13636363636363635,Violation,13.64
W068,556,1,0.45260663507109006,Right,45.26
W068,556,0,0.4218009478672986,Left,42.18
W068,556,2,0.12559241706161137,Violation,12.56
W068,557,1,0.41898148148148145,Right,41.9
W068,557,0,0.38657407407407407,Left,38.66
W068,557,2,0.19444444444444445,Violation,19.44
W068,558,1,0.4760705289672544,Right,47.61
W068,558,0,0.3954659949622166,Left,39.55
W068,558,2,0.12846347607052896,Violation,12.85
W068,559,1,0.44063324538258575,Right,44.06
W068,559,0,0.39841688654353563,Left,39.84
W068,559,2,0.16094986807387862,Violation,16.09
W068,560,1,0.4927536231884058,Right,49.28
W068,560,0,0.40096618357487923,Left,40.1
W068,560,2,0.10628019323671498,Violation,10.63
W068,561,1,0.38461538461538464,Right,38.46
W068,561,0,0.358974358974359,Left,35.9
W068,561,2,0.2564102564102564,Violation,25.64
W068,562,1,0.4424778761061947,Right,44.25
W068,562,0,0.3834808259587021,Left,38.35
W068,562,2,0.17404129793510326,Violation,17.4
W068,563,1,0.45429362880886426,Right,45.43
W068,563,0,0.4099722991689751,Left,41.0
W068,563,2,0.13573407202216067,Violation,13.57
W068,564,1,0.4617067833698031,Right,46.17
W068,564,0,0.4048140043763676,Left,40.48
W068,564,2,0.13347921225382933,Violation,13.35
W068,565,1,0.4288747346072187,Right,42.89
W068,565,0,0.3970276008492569,Left,39.7
W068,565,2,0.1740976645435244,Violation,17.41
W068,566,0,0.4584450402144772,Left,45.84
W068,566,1,0.3941018766756032,Right,39.41
W068,566,2,0.14745308310991956,Violation,14.75
W068,567,1,0.441527446300716,Right,44.15
W068,567,0,0.4343675417661098,Left,43.44
W068,567,2,0.12410501193317422,Violation,12.41
W068,568,1,0.4461538461538462,Right,44.62
W068,568,0,0.4307692307692308,Left,43.08
W068,568,2,0.12307692307692308,Violation,12.31
W068,569,1,0.45454545454545453,Right,45.45
W068,569,0,0.40606060606060607,Left,40.61
W068,569,2,0.1393939393939394,Violation,13.94
W068,570,1,0.4492753623188406,Right,44.93
W068,570,0,0.4178743961352657,Left,41.79
W068,570,2,0.13285024154589373,Violation,13.29
W068,571,1,0.45905707196029777,Right,45.91
W068,571,0,0.42431761786600497,Left,42.43
W068,571,2,0.11662531017369727,Violation,11.66
W068,572,0,0.4291845493562232,Left,42.92
W068,572,1,0.4184549356223176,Right,41.85
W068,572,2,0.15236051502145923,Violation,15.24
W068,573,1,0.4608879492600423,Right,46.09
W068,573,0,0.40380549682875266,Left,40.38
W068,573,2,0.13530655391120508,Violation,13.53
W068,574,0,0.4809384164222874,Left,48.09
W068,574,1,0.4252199413489736,Right,42.52
W068,574,2,0.093841642228739,Violation,9.38
W068,575,1,0.42023346303501946,Right,42.02
W068,575,0,0.4085603112840467,Left,40.86
W068,575,2,0.17120622568093385,Violation,17.12
W068,576,0,0.42680776014109345,Left,42.68
W068,576,1,0.4109347442680776,Right,41.09
W068,576,2,0.16225749559082892,Violation,16.23
W068,577,1,0.4294234592445328,Right,42.94
W068,577,0,0.41749502982107356,Left,41.75
W068,577,2,0.15308151093439365,Violation,15.31
W068,578,0,0.4409722222222222,Left,44.1
W068,578,1,0.4184027777777778,Right,41.84
W068,578,2,0.140625,Violation,14.06
W068,579,1,0.42691415313225056,Right,42.69
W068,579,0,0.4037122969837587,Left,40.37
W068,579,2,0.16937354988399073,Violation,16.94
W068,580,0,0.429769392033543,Left,42.98
W068,580,1,0.42138364779874216,Right,42.14
W068,580,2,0.1488469601677149,Violation,14.88
W068,581,1,0.4362068965517241,Right,43.62
W068,581,0,0.4206896551724138,Left,42.07
W068,581,2,0.14310344827586208,Violation,14.31
W068,582,1,0.45454545454545453,Right,45.45
W068,582,0,0.4208754208754209,Left,42.09
W068,582,2,0.12457912457912458,Violation,12.46
W068,583,0,0.45297504798464494,Left,45.3
W068,583,1,0.43570057581573896,Right,43.57
W068,583,2,0.11132437619961612,Violation,11.13
W068,584,1,0.45617529880478086,Right,45.62
W068,584,0,0.4043824701195219,Left,40.44
W068,584,2,0.1394422310756972,Violation,13.94
W068,585,1,0.46875,Right,46.88
W068,585,0,0.4226190476190476,Left,42.26
W068,585,2,0.10863095238095238,Violation,10.86
W068,586,1,0.43286219081272087,Right,43.29
W068,586,0,0.41519434628975266,Left,41.52
W068,586,2,0.1519434628975265,Violation,15.19
W068,587,1,0.4529262086513995,Right,45.29
W068,587,0,0.4300254452926209,Left,43.0
W068,587,2,0.11704834605597965,Violation,11.7
W068,588,1,0.43953934740882916,Right,43.95
W068,588,0,0.39539347408829173,Left,39.54
W068,588,2,0.16506717850287908,Violation,16.51
W068,589,0,0.43478260869565216,Left,43.48
W068,589,1,0.42391304347826086,Right,42.39
W068,589,2,0.14130434782608695,Violation,14.13
W068,590,0,0.4321880650994575,Left,43.22
W068,590,1,0.42857142857142855,Right,42.86
W068,590,2,0.13924050632911392,Violation,13.92
W068,591,0,0.4435215946843854,Left,44.35
W068,591,1,0.43853820598006643,Right,43.85
W068,591,2,0.11794019933554817,Violation,11.79
W068,592,0,0.4157782515991471,Left,41.58
W068,592,1,0.4115138592750533,Right,41.15
W068,592,2,0.17270788912579957,Violation,17.27
W068,593,0,0.43602693602693604,Left,43.6
W068,593,1,0.4057239057239057,Right,40.57
W068,593,2,0.15824915824915825,Violation,15.82
W068,594,1,0.44019138755980863,Right,44.02
W068,594,0,0.42822966507177035,Left,42.82
W068,594,2,0.13157894736842105,Violation,13.16
W068,595,1,0.4316109422492401,Right,43.16
W068,595,0,0.425531914893617,Left,42.55
W068,595,2,0.14285714285714285,Violation,14.29
W068,596,0,0.40773809523809523,Left,40.77
W068,596,1,0.3943452380952381,Right,39.43
W068,596,2,0.19791666666666666,Violation,19.79
W068,597,1,0.42807625649913345,Right,42.81
W068,597,0,0.37261698440207974,Left,37.26
W068,597,2,0.19930675909878684,Violation,19.93
W068,598,1,0.45207956600361665,Right,45.21
W068,598,0,0.39059674502712477,Left,39.06
W068,598,2,0.15732368896925858,Violation,15.73
W068,599,0,0.445578231292517,Left,44.56
W068,599,1,0.413265306122449,Right,41.33
W068,599,2,0.141156462585034,Violation,14.12
W068,600,0,0.4267161410018553,Left,42.67
W068,600,1,0.4044526901669759,Right,40.45
W068,600,2,0.16883116883116883,Violation,16.88
W068,601,1,0.43452380952380953,Right,43.45
W068,601,0,0.4146825396825397,Left,41.47
W068,601,2,0.15079365079365079,Violation,15.08
W068,602,1,0.45685997171145687,Right,45.69
W068,602,0,0.4016973125884017,Left,40.17
W068,602,2,0.14144271570014144,Violation,14.14
W068,603,1,0.43645484949832775,Right,43.65
W068,603,0,0.41304347826086957,Left,41.3
W068,603,2,0.1505016722408027,Violation,15.05
W068,604,1,0.4219858156028369,Right,42.2
W068,604,0,0.4166666666666667,Left,41.67
W068,604,2,0.16134751773049646,Violation,16.13
W068,605,1,0.4568421052631579,Right,45.68
W068,605,0,0.38526315789473686,Left,38.53
W068,605,2,0.15789473684210525,Violation,15.79
W068,606,0,0.44039735099337746,Left,44.04
W068,606,1,0.4139072847682119,Right,41.39
W068,606,2,0.1456953642384106,Violation,14.57
W068,607,0,0.40266222961730447,Left,40.27
W068,607,1,0.3594009983361065,Right,35.94
W068,607,2,0.23793677204658903,Violation,23.79
W068,608,1,0.43454545454545457,Right,43.45
W068,608,0,0.39454545454545453,Left,39.45
W068,608,2,0.1709090909090909,Violation,17.09
W068,609,0,0.42213114754098363,Left,42.21
W068,609,1,0.4180327868852459,Right,41.8
W068,609,2,0.1598360655737705,Violation,15.98
W068,610,0,0.42948717948717946,Left,42.95
W068,610,1,0.41346153846153844,Right,41.35
W068,610,2,0.15705128205128205,Violation,15.71
W068,611,0,0.4614003590664273,Left,46.14
W068,611,1,0.414721723518851,Right,41.47
W068,611,2,0.12387791741472172,Violation,12.39
W068,612,1,0.4411764705882353,Right,44.12
W068,612,0,0.39705882352941174,Left,39.71
W068,612,2,0.16176470588235295,Violation,16.18
W068,613,1,0.4277456647398844,Right,42.77
W068,613,0,0.4238921001926782,Left,42.39
W068,613,2,0.14836223506743737,Violation,14.84
W068,614,1,0.44385026737967914,Right,44.39
W068,614,0,0.40106951871657753,Left,40.11
W068,614,2,0.15508021390374332,Violation,15.51
W068,615,1,0.43263757115749524,Right,43.26
W068,615,0,0.40037950664136623,Left,40.04
W068,615,2,0.16698292220113853,Violation,16.7
W068,616,1,0.4251497005988024,Right,42.51
W068,616,0,0.3992015968063872,Left,39.92
W068,616,2,0.17564870259481039,Violation,17.56
W068,617,1,0.4142335766423358,Right,41.42
W068,617,0,0.40875912408759124,Left,40.88
W068,617,2,0.177007299270073,Violation,17.7
W068,618,1,0.41164241164241167,Right,41.16
W068,618,0,0.39293139293139295,Left,39.29
W068,618,2,0.19542619542619544,Violation,19.54
W068,619,0,0.41708542713567837,Left,41.71
W068,619,1,0.40871021775544386,Right,40.87
W068,619,2,0.17420435510887772,Violation,17.42
W068,620,0,0.4268502581755594,Left,42.69
W068,620,1,0.423407917383821,Right,42.34
W068,620,2,0.14974182444061962,Violation,14.97
W068,621,0,0.4253731343283582,Left,42.54
W068,621,1,0.4216417910447761,Right,42.16
W068,621,2,0.15298507462686567,Violation,15.3
W068,622,1,0.4372937293729373,Right,43.73
W068,622,0,0.42244224422442245,Left,42.24
W068,622,2,0.14026402640264027,Violation,14.03
W068,623,1,0.4444444444444444,Right,44.44
W068,623,0,0.4369114877589454,Left,43.69
W068,623,2,0.11864406779661017,Violation,11.86
W068,624,1,0.44308943089430897,Right,44.31
W068,624,0,0.4369918699186992,Left,43.7
W068,624,2,0.11991869918699187,Violation,11.99
W068,625,1,0.4354243542435424,Right,43.54
W068,625,0,0.39114391143911437,Left,39.11
W068,625,2,0.17343173431734318,Violation,17.34
W068,626,1,0.4228456913827655,Right,42.28
W068,626,0,0.4148296593186373,Left,41.48
W068,626,2,0.1623246492985972,Violation,16.23
W068,627,1,0.4344086021505376,Right,43.44
W068,627,0,0.4,Left,40.0
W068,627,2,0.16559139784946236,Violation,16.56
W068,628,1,0.41580756013745707,Right,41.58
W068,628,0,0.359106529209622,Left,35.91
W068,628,2,0.22508591065292097,Violation,22.51
W068,629,0,0.44141689373297005,Left,44.14
W068,629,1,0.44141689373297005,Right,44.14
W068,629,2,0.11716621253405994,Violation,11.72
W068,630,1,0.4439461883408072,Right,44.39
W068,630,0,0.3901345291479821,Left,39.01
W068,630,2,0.16591928251121077,Violation,16.59
W068,631,1,0.4641434262948207,Right,46.41
W068,631,0,0.398406374501992,Left,39.84
W068,631,2,0.13745019920318724,Violation,13.75
W068,632,1,0.42168674698795183,Right,42.17
W068,632,0,0.41480206540447506,Left,41.48
W068,632,2,0.16351118760757316,Violation,16.35
W068,633,0,0.409683426443203,Left,40.97
W068,633,1,0.3985102420856611,Right,39.85
W068,633,2,0.19180633147113593,Violation,19.18
W068,634,1,0.45348837209302323,Right,45.35
W068,634,0,0.420265780730897,Left,42.03
W068,634,2,0.12624584717607973,Violation,12.62
W068,635,1,0.44981412639405205,Right,44.98
W068,635,0,0.4200743494423792,Left,42.01
W068,635,2,0.13011152416356878,Violation,13.01
W068,636,1,0.4598290598290598,Right,45.98
W068,636,0,0.441025641025641,Left,44.1
W068,636,2,0.09914529914529914,Violation,9.91
W068,637,1,0.42736248236953456,Right,42.74
W068,637,0,0.3751763046544429,Left,37.52
W068,637,2,0.19746121297602257,Violation,19.75
W068,638,1,0.4209809264305177,Right,42.1
W068,638,0,0.4196185286103542,Left,41.96
W068,638,2,0.15940054495912806,Violation,15.94
W068,639,1,0.4264705882352941,Right,42.65
W068,639,0,0.4161764705882353,Left,41.62
W068,639,2,0.15735294117647058,Violation,15.74
W068,640,1,0.4377880184331797,Right,43.78
W068,640,0,0.434715821812596,Left,43.47
W068,640,2,0.12749615975422426,Violation,12.75
W068,641,0,0.4462081128747795,Left,44.62
W068,641,1,0.43738977072310403,Right,43.74
W068,641,2,0.1164021164021164,Violation,11.64
W068,642,1,0.43699731903485256,Right,43.7
W068,642,0,0.4249329758713137,Left,42.49
W068,642,2,0.1380697050938338,Violation,13.81
W068,643,1,0.4314214463840399,Right,43.14
W068,643,0,0.42768079800498754,Left,42.77
W068,643,2,0.14089775561097256,Violation,14.09
W068,644,1,0.42207053469852107,Right,42.21
W068,644,0,0.4072810011376564,Left,40.73
W068,644,2,0.17064846416382254,Violation,17.06
W068,645,1,0.4338235294117647,Right,43.38
W068,645,0,0.3764705882352941,Left,37.65
W068,645,2,0.18970588235294117,Violation,18.97
W068,646,1,0.42641509433962266,Right,42.64
W068,646,0,0.4226415094339623,Left,42.26
W068,646,2,0.1509433962264151,Violation,15.09
W068,647,1,0.4302496328928047,Right,43.02
W068,647,0,0.4185022026431718,Left,41.85
W068,647,2,0.1512481644640235,Violation,15.12
W068,648,1,0.43125,Right,43.12
W068,648,0,0.41041666666666665,Left,41.04
W068,648,2,0.15833333333333333,Violation,15.83
W068,649,1,0.4261992619926199,Right,42.62
W068,649,0,0.4003690036900369,Left,40.04
W068,649,2,0.17343173431734318,Violation,17.34
W068,650,1,0.4691823899371069,Right,46.92
W068,650,0,0.4327044025157233,Left,43.27
W068,650,2,0.09811320754716982,Violation,9.81
W068,651,1,0.4376163873370577,Right,43.76
W068,651,0,0.39664804469273746,Left,39.66
W068,651,2,0.16573556797020483,Violation,16.57
W068,652,1,0.43872113676731794,Right,43.87
W068,652,0,0.42984014209591476,Left,42.98
W068,652,2,0.13143872113676733,Violation,13.14
W068,653,1,0.4209558823529412,Right,42.1
W068,653,0,0.4099264705882353,Left,40.99
W068,653,2,0.16911764705882354,Violation,16.91
W068,654,1,0.46572934973637964,Right,46.57
W068,654,0,0.4253075571177504,Left,42.53
W068,654,2,0.10896309314586995,Violation,10.9
W068,655,1,0.4444444444444444,Right,44.44
W068,655,0,0.4272300469483568,Left,42.72
W068,655,2,0.12832550860719874,Violation,12.83
W068,656,1,0.4375857338820302,Right,43.76
W068,656,0,0.42386831275720166,Left,42.39
W068,656,2,0.13854595336076816,Violation,13.85
W068,657,0,0.46437994722955145,Left,46.44
W068,657,1,0.4155672823218997,Right,41.56
W068,657,2,0.12005277044854881,Violation,12.01
W068,658,1,0.4612736660929432,Right,46.13
W068,658,0,0.35456110154905335,Left,35.46
W068,658,2,0.18416523235800344,Violation,18.42
W068,659,1,0.4287878787878788,Right,42.88
W068,659,0,0.396969696969697,Left,39.7
W068,659,2,0.17424242424242425,Violation,17.42
W068,660,1,0.4297253634894992,Right,42.97
W068,660,0,0.42649434571890144,Left,42.65
W068,660,2,0.14378029079159935,Violation,14.38
W068,661,0,0.41834451901565994,Left,41.83
W068,661,1,0.41834451901565994,Right,41.83
W068,661,2,0.16331096196868009,Violation,16.33
W068,662,1,0.4425587467362924,Right,44.26
W068,662,0,0.4281984334203655,Left,42.82
W068,662,2,0.12924281984334204,Violation,12.92
W068,663,1,0.45849056603773586,Right,45.85
W068,663,0,0.36981132075471695,Left,36.98
W068,663,2,0.17169811320754716,Violation,17.17
W068,664,0,0.44571428571428573,Left,44.57
W068,664,1,0.43714285714285717,Right,43.71
W068,664,2,0.11714285714285715,Violation,11.71
W068,665,1,0.4434087882822903,Right,44.34
W068,665,0,0.38881491344873503,Left,38.88
W068,665,2,0.1677762982689747,Violation,16.78
W068,666,1,0.43947858472998136,Right,43.95
W068,666,0,0.41154562383612664,Left,41.15
W068,666,2,0.148975791433892,Violation,14.9
W068,667,1,0.45308310991957107,Right,45.31
W068,667,0,0.3914209115281501,Left,39.14
W068,667,2,0.1554959785522788,Violation,15.55
W068,668,0,0.4121475054229935,Left,41.21
W068,668,1,0.3926247288503254,Right,39.26
W068,668,2,0.19522776572668113,Violation,19.52
W068,669,1,0.4434782608695652,Right,44.35
W068,669,0,0.3826086956521739,Left,38.26
W068,669,2,0.17391304347826086,Violation,17.39
W068,670,1,0.42955801104972374,Right,42.96
W068,670,0,0.4074585635359116,Left,40.75
W068,670,2,0.16298342541436464,Violation,16.3
W068,671,1,0.43423137876386686,Right,43.42
W068,671,0,0.39144215530903326,Left,39.14
W068,671,2,0.17432646592709986,Violation,17.43
W068,672,1,0.4111111111111111,Right,41.11
W068,672,0,0.40925925925925927,Left,40.93
W068,672,2,0.17962962962962964,Violation,17.96
W068,673,1,0.4379432624113475,Right,43.79
W068,673,0,0.40425531914893614,Left,40.43
W068,673,2,0.15780141843971632,Violation,15.78
W068,674,1,0.42924528301886794,Right,42.92
W068,674,0,0.3946540880503145,Left,39.47
W068,674,2,0.1761006289308176,Violation,17.61
W068,675,1,0.4207547169811321,Right,42.08
W068,675,0,0.38301886792452833,Left,38.3
W068,675,2,0.19622641509433963,Violation,19.62
W068,676,1,0.41544607190412786,Right,41.54
W068,676,0,0.37683089214380827,Left,37.68
W068,676,2,0.20772303595206393,Violation,20.77
W068,677,1,0.4203480589022758,Right,42.03
W068,677,0,0.4002677376171352,Left,40.03
W068,677,2,0.17938420348058903,Violation,17.94
W068,678,0,0.4207723035952064,Left,42.08
W068,678,1,0.3914780292942743,Right,39.15
W068,678,2,0.1877496671105193,Violation,18.77
W068,679,0,0.4211332312404288,Left,42.11
W068,679,1,0.3996937212863706,Right,39.97
W068,679,2,0.17917304747320062,Violation,17.92
W068,680,1,0.40266222961730447,Right,40.27
W068,680,0,0.40099833610648916,Left,40.1
W068,680,2,0.19633943427620631,Violation,19.63
W068,681,1,0.4523809523809524,Right,45.24
W068,681,0,0.41025641025641024,Left,41.03
W068,681,2,0.13736263736263737,Violation,13.74
W068,682,1,0.43352601156069365,Right,43.35
W068,682,0,0.4026974951830443,Left,40.27
W068,682,2,0.16377649325626203,Violation,16.38
W068,683,1,0.3711217183770883,Right,37.11
W068,683,0,0.3639618138424821,Left,36.4
W068,683,2,0.2649164677804296,Violation,26.49
W068,684,1,0.4049145299145299,Right,40.49
W068,684,0,0.38354700854700857,Left,38.35
W068,684,2,0.21153846153846154,Violation,21.15
W068,685,0,0.3891726251276813,Left,38.92
W068,685,1,0.3748723186925434,Right,37.49
W068,685,2,0.23595505617977527,Violation,23.6
W068,686,0,0.44938271604938274,Left,44.94
W068,686,1,0.42962962962962964,Right,42.96
W068,686,2,0.12098765432098765,Violation,12.1
W072,145,0,0.4482758620689655,Left,44.83
W072,145,1,0.37438423645320196,Right,37.44
W072,145,2,0.17733990147783252,Violation,17.73
W072,146,1,0.4292237442922374,Right,42.92
W072,146,0,0.4018264840182648,Left,40.18
W072,146,2,0.1689497716894977,Violation,16.89
W072,147,1,0.467005076142132,Right,46.7
W072,147,0,0.39086294416243655,Left,39.09
W072,147,2,0.14213197969543148,Violation,14.21
W072,148,1,0.416289592760181,Right,41.63
W072,148,0,0.39819004524886875,Left,39.82
W072,148,2,0.18552036199095023,Violation,18.55
W072,149,1,0.4337899543378995,Right,43.38
W072,149,0,0.3926940639269406,Left,39.27
W072,149,2,0.1735159817351598,Violation,17.35
W072,150,1,0.47540983606557374,Right,47.54
W072,150,0,0.37158469945355194,Left,37.16
W072,150,2,0.15300546448087432,Violation,15.3
W072,151,0,0.46380697050938335,Left,46.38
W072,151,1,0.3914209115281501,Right,39.14
W072,151,2,0.1447721179624665,Violation,14.48
W072,152,0,0.4351464435146444,Left,43.51
W072,152,1,0.3807531380753138,Right,38.08
W072,152,2,0.18410041841004185,Violation,18.41
W072,153,0,0.463302752293578,Left,46.33
W072,153,1,0.42660550458715596,Right,42.66
W072,153,2,0.11009174311926606,Violation,11.01
W072,154,0,0.44954128440366975,Left,44.95
W072,154,1,0.3623853211009174,Right,36.24
W072,154,2,0.18807339449541285,Violation,18.81
W072,155,0,0.45,Left,45.0
W072,155,1,0.37142857142857144,Right,37.14
W072,155,2,0.17857142857142858,Violation,17.86
W072,156,0,0.42792792792792794,Left,42.79
W072,156,1,0.4189189189189189,Right,41.89
W072,156,2,0.15315315315315314,Violation,15.32
W072,157,0,0.48955223880597015,Left,48.96
W072,157,1,0.4298507462686567,Right,42.99
W072,157,2,0.08059701492537313,Violation,8.06
W072,158,0,0.4463087248322148,Left,44.63
W072,158,1,0.412751677852349,Right,41.28
W072,158,2,0.14093959731543623,Violation,14.09
W072,159,1,0.4292237442922374,Right,42.92
W072,159,0,0.3698630136986301,Left,36.99
W072,159,2,0.2009132420091324,Violation,20.09
W072,160,2,0.36283185840707965,Violation,36.28
W072,160,0,0.34513274336283184,Left,34.51
W072,160,1,0.2920353982300885,Right,29.2
W072,161,0,0.4507042253521127,Left,45.07
W072,161,1,0.39906103286384975,Right,39.91
W072,161,2,0.15023474178403756,Violation,15.02
W072,162,1,0.4238095238095238,Right,42.38
W072,162,0,0.4095238095238095,Left,40.95
W072,162,2,0.16666666666666666,Violation,16.67
W072,163,0,0.44,Left,44.0
W072,163,1,0.4114285714285714,Right,41.14
W072,163,2,0.14857142857142858,Violation,14.86
W072,164,0,0.4583333333333333,Left,45.83
W072,164,1,0.37037037037037035,Right,37.04
W072,164,2,0.1712962962962963,Violation,17.13
W072,165,0,0.425531914893617,Left,42.55
W072,165,1,0.35106382978723405,Right,35.11
W072,165,2,0.22340425531914893,Violation,22.34
W072,166,0,0.43902439024390244,Left,43.9
W072,166,1,0.3983739837398374,Right,39.84
W072,166,2,0.16260162601626016,Violation,16.26
W072,167,0,0.44696969696969696,Left,44.7
W072,167,1,0.36363636363636365,Right,36.36
W072,167,2,0.1893939393939394,Violation,18.94
W072,168,0,0.45806451612903226,Left,45.81
W072,168,1,0.33548387096774196,Right,33.55
W072,168,2,0.2064516129032258,Violation,20.65
W072,169,0,0.40860215053763443,Left,40.86
W072,169,1,0.3924731182795699,Right,39.25
W072,169,2,0.1989247311827957,Violation,19.89
W072,170,0,0.4166666666666667,Left,41.67
W072,170,1,0.36764705882352944,Right,36.76
W072,170,2,0.21568627450980393,Violation,21.57
W072,171,0,0.42857142857142855,Left,42.86
W072,171,1,0.42857142857142855,Right,42.86
W072,171,2,0.14285714285714285,Violation,14.29
W072,172,0,0.3939393939393939,Left,39.39
W072,172,1,0.35984848484848486,Right,35.98
W072,172,2,0.24621212121212122,Violation,24.62
W072,173,0,0.43,Left,43.0
W072,173,1,0.375,Right,37.5
W072,173,2,0.195,Violation,19.5
W072,174,1,0.38571428571428573,Right,38.57
W072,174,0,0.37857142857142856,Left,37.86
W072,174,2,0.2357142857142857,Violation,23.57
W072,175,0,0.43478260869565216,Left,43.48
W072,175,1,0.38405797101449274,Right,38.41
W072,175,2,0.18115942028985507,Violation,18.12
W072,176,0,0.40217391304347827,Left,40.22
W072,176,1,0.39855072463768115,Right,39.86
W072,176,2,0.19927536231884058,Violation,19.93
W072,177,0,0.36134453781512604,Left,36.13
W072,177,1,0.35294117647058826,Right,35.29
W072,177,2,0.2857142857142857,Violation,28.57
W072,178,0,0.3989071038251366,Left,39.89
W072,178,1,0.366120218579235,Right,36.61
W072,178,2,0.23497267759562843,Violation,23.5
W072,179,1,0.41935483870967744,Right,41.94
W072,179,0,0.3456221198156682,Left,34.56
W072,179,2,0.2350230414746544,Violation,23.5
W072,180,1,0.4,Right,40.0
W072,180,0,0.3675675675675676,Left,36.76
W072,180,2,0.23243243243243245,Violation,23.24
W072,181,0,0.38513513513513514,Left,38.51
W072,181,2,0.3108108108108108,Violation,31.08
W072,181,1,0.30405405405405406,Right,30.41
W072,182,1,0.3926940639269406,Right,39.27
W072,182,0,0.3698630136986301,Left,36.99
W072,182,2,0.2374429223744292,Violation,23.74
W072,183,0,0.3939393939393939,Left,39.39
W072,183,1,0.3181818181818182,Right,31.82
W072,183,2,0.2878787878787879,Violation,28.79
W072,184,0,0.37988826815642457,Left,37.99
W072,184,1,0.37988826815642457,Right,37.99
W072,184,2,0.24022346368715083,Violation,24.02
W072,185,0,0.42105263157894735,Left,42.11
W072,185,1,0.35964912280701755,Right,35.96
W072,185,2,0.21929824561403508,Violation,21.93
W072,186,2,0.4393939393939394,Violation,43.94
W072,186,0,0.3333333333333333,Left,33.33
W072,186,1,0.22727272727272727,Right,22.73
W072,187,0,0.3851851851851852,Left,38.52
W072,187,1,0.37037037037037035,Right,37.04
W072,187,2,0.24444444444444444,Violation,24.44
W072,188,0,0.37404580152671757,Left,37.4
W072,188,1,0.366412213740458,Right,36.64
W072,188,2,0.2595419847328244,Violation,25.95
W072,189,0,0.38392857142857145,Left,38.39
W072,189,1,0.38392857142857145,Right,38.39
W072,189,2,0.23214285714285715,Violation,23.21
W072,190,0,0.42857142857142855,Left,42.86
W072,190,1,0.3791208791208791,Right,37.91
W072,190,2,0.19230769230769232,Violation,19.23
W072,191,0,0.39849624060150374,Left,39.85
W072,191,1,0.3684210526315789,Right,36.84
W072,191,2,0.23308270676691728,Violation,23.31
W072,192,0,0.39473684210526316,Left,39.47
W072,192,1,0.3618421052631579,Right,36.18
W072,192,2,0.24342105263157895,Violation,24.34
W072,193,0,0.45222929936305734,Left,45.22
W072,193,1,0.3630573248407643,Right,36.31
W072,193,2,0.18471337579617833,Violation,18.47
W072,194,0,0.3933333333333333,Left,39.33
W072,194,1,0.38666666666666666,Right,38.67
W072,194,2,0.22,Violation,22.0
W072,195,0,0.3953488372093023,Left,39.53
W072,195,1,0.38953488372093026,Right,38.95
W072,195,2,0.21511627906976744,Violation,21.51
W072,196,0,0.43333333333333335,Left,43.33
W072,196,1,0.37777777777777777,Right,37.78
W072,196,2,0.18888888888888888,Violation,18.89
W072,197,1,0.43636363636363634,Right,43.64
W072,197,0,0.41818181818181815,Left,41.82
W072,197,2,0.14545454545454545,Violation,14.55
W072,198,0,0.41509433962264153,Left,41.51
W072,198,1,0.389937106918239,Right,38.99
W072,198,2,0.1949685534591195,Violation,19.5
W072,199,1,0.39344262295081966,Right,39.34
W072,199,0,0.32786885245901637,Left,32.79
W072,199,2,0.2786885245901639,Violation,27.87
W072,200,0,0.39568345323741005,Left,39.57
W072,200,1,0.38848920863309355,Right,38.85
W072,200,2,0.2158273381294964,Violation,21.58
W072,201,1,0.45294117647058824,Right,45.29
W072,201,0,0.4117647058823529,Left,41.18
W072,201,2,0.13529411764705881,Violation,13.53
W072,202,1,0.4188034188034188,Right,41.88
W072,202,0,0.41025641025641024,Left,41.03
W072,202,2,0.17094017094017094,Violation,17.09
W072,203,0,0.4652173913043478,Left,46.52
W072,203,1,0.3739130434782609,Right,37.39
W072,203,2,0.1608695652173913,Violation,16.09
W072,204,1,0.4034090909090909,Right,40.34
W072,204,0,0.3977272727272727,Left,39.77
W072,204,2,0.19886363636363635,Violation,19.89
W072,205,0,0.4712041884816754,Left,47.12
W072,205,1,0.4083769633507853,Right,40.84
W072,205,2,0.12041884816753927,Violation,12.04
W072,206,0,0.40458015267175573,Left,40.46
W072,206,1,0.3816793893129771,Right,38.17
W072,206,2,0.21374045801526717,Violation,21.37
W072,207,0,0.42990654205607476,Left,42.99
W072,207,1,0.3925233644859813,Right,39.25
W072,207,2,0.17757009345794392,Violation,17.76
W072,208,1,0.44,Right,44.0
W072,208,0,0.38222222222222224,Left,38.22
W072,208,2,0.17777777777777778,Violation,17.78
W072,209,1,0.352,Right,35.2
W072,209,0,0.344,Left,34.4
W072,209,2,0.304,Violation,30.4
W072,210,0,0.3916083916083916,Left,39.16
W072,210,1,0.3776223776223776,Right,37.76
W072,210,2,0.23076923076923078,Violation,23.08
W072,211,0,0.4251207729468599,Left,42.51
W072,211,1,0.36231884057971014,Right,36.23
W072,211,2,0.21256038647342995,Violation,21.26
W072,212,1,0.39436619718309857,Right,39.44
W072,212,0,0.3732394366197183,Left,37.32
W072,212,2,0.2323943661971831,Violation,23.24
W072,213,0,0.42441860465116277,Left,42.44
W072,213,1,0.4069767441860465,Right,40.7
W072,213,2,0.1686046511627907,Violation,16.86
W072,214,0,0.45614035087719296,Left,45.61
W072,214,1,0.40789473684210525,Right,40.79
W072,214,2,0.13596491228070176,Violation,13.6
W072,215,0,0.4375,Left,43.75
W072,215,1,0.3409090909090909,Right,34.09
W072,215,2,0.2215909090909091,Violation,22.16
W072,216,1,0.45714285714285713,Right,45.71
W072,216,0,0.37714285714285717,Left,37.71
W072,216,2,0.1657142857142857,Violation,16.57
W072,217,0,0.4142857142857143,Left,41.43
W072,217,1,0.36428571428571427,Right,36.43
W072,217,2,0.22142857142857142,Violation,22.14
W072,218,0,0.4827586206896552,Left,48.28
W072,218,1,0.367816091954023,Right,36.78
W072,218,2,0.14942528735632185,Violation,14.94
W072,219,0,0.45,Left,45.0
W072,219,1,0.38571428571428573,Right,38.57
W072,219,2,0.16428571428571428,Violation,16.43
W072,220,0,0.40331491712707185,Left,40.33
W072,220,1,0.35359116022099446,Right,35.36
W072,220,2,0.2430939226519337,Violation,24.31
W072,221,1,0.4146341463414634,Right,41.46
W072,221,0,0.38414634146341464,Left,38.41
W072,221,2,0.20121951219512196,Violation,20.12
W072,222,0,0.4491017964071856,Left,44.91
W072,222,1,0.3712574850299401,Right,37.13
W072,222,2,0.17964071856287425,Violation,17.96
W072,223,1,0.43973941368078173,Right,43.97
W072,223,0,0.4006514657980456,Left,40.07
W072,223,2,0.15960912052117263,Violation,15.96
W072,224,0,0.45089285714285715,Left,45.09
W072,224,1,0.4017857142857143,Right,40.18
W072,224,2,0.14732142857142858,Violation,14.73
W072,225,1,0.42786069651741293,Right,42.79
W072,225,0,0.3880597014925373,Left,38.81
W072,225,2,0.18407960199004975,Violation,18.41
W072,226,0,0.4232558139534884,Left,42.33
W072,226,1,0.3813953488372093,Right,38.14
W072,226,2,0.19534883720930232,Violation,19.53
W072,227,1,0.4521276595744681,Right,45.21
W072,227,0,0.40425531914893614,Left,40.43
W072,227,2,0.14361702127659576,Violation,14.36
W072,229,1,0.425414364640884,Right,42.54
W072,229,0,0.40331491712707185,Left,40.33
W072,229,2,0.1712707182320442,Violation,17.13
W072,231,0,0.4152046783625731,Left,41.52
W072,231,1,0.34502923976608185,Right,34.5
W072,231,2,0.23976608187134502,Violation,23.98
W072,232,0,0.4029126213592233,Left,40.29
W072,232,1,0.4029126213592233,Right,40.29
W072,232,2,0.1941747572815534,Violation,19.42
W072,233,1,0.42323651452282157,Right,42.32
W072,233,0,0.3983402489626556,Left,39.83
W072,233,2,0.17842323651452283,Violation,17.84
W072,234,0,0.40710382513661203,Left,40.71
W072,234,1,0.38524590163934425,Right,38.52
W072,234,2,0.20765027322404372,Violation,20.77
W072,235,0,0.37962962962962965,Left,37.96
W072,235,1,0.3425925925925926,Right,34.26
W072,235,2,0.2777777777777778,Violation,27.78
W072,236,1,0.45643153526970953,Right,45.64
W072,236,0,0.4024896265560166,Left,40.25
W072,236,2,0.14107883817427386,Violation,14.11
W072,237,0,0.4479166666666667,Left,44.79
W072,237,1,0.3958333333333333,Right,39.58
W072,237,2,0.15625,Violation,15.62
W072,238,1,0.46540880503144655,Right,46.54
W072,238,0,0.41823899371069184,Left,41.82
W072,238,2,0.11635220125786164,Violation,11.64
W072,239,1,0.4,Right,40.0
W072,239,0,0.35428571428571426,Left,35.43
W072,239,2,0.24571428571428572,Violation,24.57
W072,240,0,0.4061433447098976,Left,40.61
W072,240,1,0.3924914675767918,Right,39.25
W072,240,2,0.20136518771331058,Violation,20.14
W072,241,1,0.397196261682243,Right,39.72
W072,241,0,0.3925233644859813,Left,39.25
W072,241,2,0.2102803738317757,Violation,21.03
W072,242,0,0.38317757009345793,Left,38.32
W072,242,1,0.3644859813084112,Right,36.45
W072,242,2,0.2523364485981308,Violation,25.23
W072,243,1,0.4248927038626609,Right,42.49
W072,243,0,0.4034334763948498,Left,40.34
W072,243,2,0.17167381974248927,Violation,17.17
W072,244,0,0.4339622641509434,Left,43.4
W072,244,1,0.38207547169811323,Right,38.21
W072,244,2,0.18396226415094338,Violation,18.4
W072,245,1,0.45549738219895286,Right,45.55
W072,245,0,0.44502617801047123,Left,44.5
W072,245,2,0.09947643979057591,Violation,9.95
W072,246,1,0.4264705882352941,Right,42.65
W072,246,0,0.36764705882352944,Left,36.76
W072,246,2,0.20588235294117646,Violation,20.59
W072,247,0,0.40271493212669685,Left,40.27
W072,247,1,0.38009049773755654,Right,38.01
W072,247,2,0.2171945701357466,Violation,21.72
W072,248,1,0.375,Right,37.5
W072,248,0,0.358695652173913,Left,35.87
W072,248,2,0.266304347826087,Violation,26.63
W072,249,0,0.4147465437788018,Left,41.47
W072,249,1,0.37327188940092165,Right,37.33
W072,249,2,0.2119815668202765,Violation,21.2
W072,250,1,0.41350210970464135,Right,41.35
W072,250,0,0.39662447257383965,Left,39.66
W072,250,2,0.189873417721519,Violation,18.99
W072,251,0,0.45,Left,45.0
W072,251,1,0.405,Right,40.5
W072,251,2,0.145,Violation,14.5
W072,252,1,0.41509433962264153,Right,41.51
W072,252,0,0.389937106918239,Left,38.99
W072,252,2,0.1949685534591195,Violation,19.5
W072,253,1,0.39204545454545453,Right,39.2
W072,253,0,0.3465909090909091,Left,34.66
W072,253,2,0.26136363636363635,Violation,26.14
W072,254,1,0.4452054794520548,Right,44.52
W072,254,0,0.3801369863013699,Left,38.01
W072,254,2,0.17465753424657535,Violation,17.47
W072,255,1,0.4166666666666667,Right,41.67
W072,255,0,0.3888888888888889,Left,38.89
W072,255,2,0.19444444444444445,Violation,19.44
W072,256,1,0.4189189189189189,Right,41.89
W072,256,0,0.3783783783783784,Left,37.84
W072,256,2,0.20270270270270271,Violation,20.27
W072,257,1,0.4158415841584158,Right,41.58
W072,257,0,0.40594059405940597,Left,40.59
W072,257,2,0.1782178217821782,Violation,17.82
W072,258,1,0.40804597701149425,Right,40.8
W072,258,0,0.39655172413793105,Left,39.66
W072,258,2,0.19540229885057472,Violation,19.54
W072,259,0,0.4521276595744681,Left,45.21
W072,259,1,0.425531914893617,Right,42.55
W072,259,2,0.12234042553191489,Violation,12.23
W072,260,1,0.4787234042553192,Right,47.87
W072,260,0,0.39893617021276595,Left,39.89
W072,260,2,0.12234042553191489,Violation,12.23
W072,261,0,0.43243243243243246,Left,43.24
W072,261,1,0.3837837837837838,Right,38.38
W072,261,2,0.1837837837837838,Violation,18.38
W072,262,0,0.4227941176470588,Left,42.28
W072,262,1,0.4227941176470588,Right,42.28
W072,262,2,0.15441176470588236,Violation,15.44
W072,263,0,0.4290909090909091,Left,42.91
W072,263,1,0.41818181818181815,Right,41.82
W072,263,2,0.15272727272727274,Violation,15.27
W072,264,0,0.4473684210526316,Left,44.74
W072,264,1,0.39473684210526316,Right,39.47
W072,264,2,0.15789473684210525,Violation,15.79
W072,265,1,0.4511627906976744,Right,45.12
W072,265,0,0.40930232558139534,Left,40.93
W072,265,2,0.13953488372093023,Violation,13.95
W072,266,1,0.4177215189873418,Right,41.77
W072,266,0,0.4050632911392405,Left,40.51
W072,266,2,0.17721518987341772,Violation,17.72
W072,267,0,0.4511627906976744,Left,45.12
W072,267,1,0.3953488372093023,Right,39.53
W072,267,2,0.15348837209302327,Violation,15.35
W072,268,1,0.4867924528301887,Right,48.68
W072,268,0,0.3886792452830189,Left,38.87
W072,268,2,0.12452830188679245,Violation,12.45
W072,269,0,0.5094339622641509,Left,50.94
W072,269,1,0.37735849056603776,Right,37.74
W072,269,2,0.11320754716981132,Violation,11.32
W072,270,0,0.4307692307692308,Left,43.08
W072,270,1,0.38461538461538464,Right,38.46
W072,270,2,0.18461538461538463,Violation,18.46
W072,271,0,0.42857142857142855,Left,42.86
W072,271,1,0.41714285714285715,Right,41.71
W072,271,2,0.15428571428571428,Violation,15.43
W072,272,1,0.41304347826086957,Right,41.3
W072,272,0,0.3532608695652174,Left,35.33
W072,272,2,0.23369565217391305,Violation,23.37
W072,273,0,0.47560975609756095,Left,47.56
W072,273,1,0.3902439024390244,Right,39.02
W072,273,2,0.13414634146341464,Violation,13.41
W072,274,0,0.42473118279569894,Left,42.47
W072,274,1,0.3924731182795699,Right,39.25
W072,274,2,0.1827956989247312,Violation,18.28
W072,275,1,0.43448275862068964,Right,43.45
W072,275,0,0.3931034482758621,Left,39.31
W072,275,2,0.1724137931034483,Violation,17.24
W072,276,0,0.45495495495495497,Left,45.5
W072,276,1,0.3963963963963964,Right,39.64
W072,276,2,0.14864864864864866,Violation,14.86
W072,277,0,0.44,Left,44.0
W072,277,1,0.37333333333333335,Right,37.33
W072,277,2,0.18666666666666668,Violation,18.67
W072,278,0,0.42934782608695654,Left,42.93
W072,278,1,0.375,Right,37.5
W072,278,2,0.1956521739130435,Violation,19.57
W072,279,0,0.43333333333333335,Left,43.33
W072,279,1,0.3523809523809524,Right,35.24
W072,279,2,0.21428571428571427,Violation,21.43
W072,280,0,0.41721854304635764,Left,41.72
W072,280,1,0.3708609271523179,Right,37.09
W072,280,2,0.2119205298013245,Violation,21.19
W072,281,1,0.4327485380116959,Right,43.27
W072,281,0,0.4093567251461988,Left,40.94
W072,281,2,0.15789473684210525,Violation,15.79
W072,282,0,0.4340659340659341,Left,43.41
W072,282,1,0.3626373626373626,Right,36.26
W072,282,2,0.2032967032967033,Violation,20.33
W072,283,0,0.46530612244897956,Left,46.53
W072,283,1,0.4163265306122449,Right,41.63
W072,283,2,0.11836734693877551,Violation,11.84
W072,284,0,0.44525547445255476,Left,44.53
W072,284,1,0.34306569343065696,Right,34.31
W072,284,2,0.2116788321167883,Violation,21.17
W072,285,1,0.46153846153846156,Right,46.15
W072,285,0,0.4182692307692308,Left,41.83
W072,285,2,0.1201923076923077,Violation,12.02
W072,286,1,0.45955882352941174,Right,45.96
W072,286,0,0.38235294117647056,Left,38.24
W072,286,2,0.15808823529411764,Violation,15.81
W072,287,1,0.4716981132075472,Right,47.17
W072,287,0,0.31446540880503143,Left,31.45
W072,287,2,0.2138364779874214,Violation,21.38
W072,289,1,0.39156626506024095,Right,39.16
W072,289,0,0.35542168674698793,Left,35.54
W072,289,2,0.25301204819277107,Violation,25.3
W072,290,0,0.3961038961038961,Left,39.61
W072,290,2,0.33116883116883117,Violation,33.12
W072,290,1,0.2727272727272727,Right,27.27
W072,291,0,0.42424242424242425,Left,42.42
W072,291,1,0.37575757575757573,Right,37.58
W072,291,2,0.2,Violation,20.0
W072,292,1,0.3815789473684211,Right,38.16
W072,292,0,0.3684210526315789,Left,36.84
W072,292,2,0.25,Violation,25.0
W072,293,0,0.40606060606060607,Left,40.61
W072,293,1,0.37575757575757573,Right,37.58
W072,293,2,0.21818181818181817,Violation,21.82
W072,294,1,0.3858695652173913,Right,38.59
W072,294,0,0.375,Left,37.5
W072,294,2,0.2391304347826087,Violation,23.91
W072,295,0,0.4486486486486487,Left,44.86
W072,295,1,0.40540540540540543,Right,40.54
W072,295,2,0.14594594594594595,Violation,14.59
W072,296,0,0.44642857142857145,Left,44.64
W072,296,1,0.375,Right,37.5
W072,296,2,0.17857142857142858,Violation,17.86
W072,297,1,0.4245810055865922,Right,42.46
W072,297,0,0.39106145251396646,Left,39.11
W072,297,2,0.18435754189944134,Violation,18.44
W072,298,0,0.4148148148148148,Left,41.48
W072,298,1,0.37777777777777777,Right,37.78
W072,298,2,0.2074074074074074,Violation,20.74
W072,299,0,0.43859649122807015,Left,43.86
W072,299,1,0.34210526315789475,Right,34.21
W072,299,2,0.21929824561403508,Violation,21.93
W072,300,0,0.45077720207253885,Left,45.08
W072,300,1,0.41968911917098445,Right,41.97
W072,300,2,0.12953367875647667,Violation,12.95
W072,301,0,0.4230769230769231,Left,42.31
W072,301,1,0.3269230769230769,Right,32.69
W072,301,2,0.25,Violation,25.0
W072,302,1,0.4008438818565401,Right,40.08
W072,302,0,0.39662447257383965,Left,39.66
W072,302,2,0.20253164556962025,Violation,20.25
W072,303,0,0.3546511627906977,Left,35.47
W072,303,1,0.3488372093023256,Right,34.88
W072,303,2,0.29651162790697677,Violation,29.65
W072,304,2,0.3806818181818182,Violation,38.07
W072,304,0,0.3465909090909091,Left,34.66
W072,304,1,0.2727272727272727,Right,27.27
W072,305,0,0.4140625,Left,41.41
W072,305,1,0.3203125,Right,32.03
W072,305,2,0.265625,Violation,26.56
W072,306,0,0.3860759493670886,Left,38.61
W072,306,1,0.3860759493670886,Right,38.61
W072,306,2,0.22784810126582278,Violation,22.78
W072,307,0,0.46629213483146065,Left,46.63
W072,307,1,0.39325842696629215,Right,39.33
W072,307,2,0.1404494382022472,Violation,14.04
W072,308,0,0.41729323308270677,Left,41.73
W072,308,1,0.38721804511278196,Right,38.72
W072,308,2,0.19548872180451127,Violation,19.55
W072,309,1,0.37748344370860926,Right,37.75
W072,309,0,0.3509933774834437,Left,35.1
W072,309,2,0.271523178807947,Violation,27.15
W072,310,1,0.3958333333333333,Right,39.58
W072,310,0,0.3645833333333333,Left,36.46
W072,310,2,0.23958333333333334,Violation,23.96
W072,311,0,0.4186046511627907,Left,41.86
W072,311,1,0.40310077519379844,Right,40.31
W072,311,2,0.17829457364341086,Violation,17.83
W072,312,0,0.4318181818181818,Left,43.18
W072,312,1,0.42727272727272725,Right,42.73
W072,312,2,0.1409090909090909,Violation,14.09
W072,313,0,0.4,Left,40.0
W072,313,1,0.3878787878787879,Right,38.79
W072,313,2,0.21212121212121213,Violation,21.21
W072,314,1,0.4696969696969697,Right,46.97
W072,314,0,0.3939393939393939,Left,39.39
W072,314,2,0.13636363636363635,Violation,13.64
W072,315,0,0.37593984962406013,Left,37.59
W072,315,1,0.37593984962406013,Right,37.59
W072,315,2,0.24812030075187969,Violation,24.81
W072,316,0,0.4383561643835616,Left,43.84
W072,316,1,0.2876712328767123,Right,28.77
W072,316,2,0.273972602739726,Violation,27.4
W072,317,1,0.4260869565217391,Right,42.61
W072,317,0,0.4,Left,40.0
W072,317,2,0.17391304347826086,Violation,17.39
W072,318,1,0.4354066985645933,Right,43.54
W072,318,0,0.4258373205741627,Left,42.58
W072,318,2,0.13875598086124402,Violation,13.88
W072,319,0,0.45901639344262296,Left,45.9
W072,319,1,0.43934426229508194,Right,43.93
W072,319,2,0.10163934426229508,Violation,10.16
W072,320,1,0.4090909090909091,Right,40.91
W072,320,0,0.36363636363636365,Left,36.36
W072,320,2,0.22727272727272727,Violation,22.73
W072,321,0,0.39779005524861877,Left,39.78
W072,321,1,0.39226519337016574,Right,39.23
W072,321,2,0.20994475138121546,Violation,20.99
W072,322,0,0.4,Left,40.0
W072,322,1,0.3625,Right,36.25
W072,322,2,0.2375,Violation,23.75
W072,323,0,0.42276422764227645,Left,42.28
W072,323,1,0.3902439024390244,Right,39.02
W072,323,2,0.18699186991869918,Violation,18.7
W072,324,0,0.4444444444444444,Left,44.44
W072,324,1,0.38596491228070173,Right,38.6
W072,324,2,0.1695906432748538,Violation,16.96
W072,325,0,0.41414141414141414,Left,41.41
W072,325,1,0.41414141414141414,Right,41.41
W072,325,2,0.1717171717171717,Violation,17.17
W072,326,0,0.43646408839779005,Left,43.65
W072,326,1,0.3259668508287293,Right,32.6
W072,326,2,0.23756906077348067,Violation,23.76
W072,327,0,0.47572815533980584,Left,47.57
W072,327,1,0.39805825242718446,Right,39.81
W072,327,2,0.1262135922330097,Violation,12.62
W072,328,0,0.43812709030100333,Left,43.81
W072,328,1,0.40468227424749165,Right,40.47
W072,328,2,0.15719063545150502,Violation,15.72
W072,329,1,0.3969465648854962,Right,39.69
W072,329,0,0.3816793893129771,Left,38.17
W072,329,2,0.22137404580152673,Violation,22.14
W072,330,0,0.4247787610619469,Left,42.48
W072,330,1,0.38495575221238937,Right,38.5
W072,330,2,0.1902654867256637,Violation,19.03
W072,331,1,0.4312267657992565,Right,43.12
W072,331,0,0.40892193308550184,Left,40.89
W072,331,2,0.15985130111524162,Violation,15.99
W072,332,1,0.41729323308270677,Right,41.73
W072,332,0,0.41353383458646614,Left,41.35
W072,332,2,0.16917293233082706,Violation,16.92
W072,333,0,0.44666666666666666,Left,44.67
W072,333,1,0.4066666666666667,Right,40.67
W072,333,2,0.14666666666666667,Violation,14.67
W072,334,0,0.4197080291970803,Left,41.97
W072,334,1,0.40875912408759124,Right,40.88
W072,334,2,0.17153284671532848,Violation,17.15
W072,335,0,0.42916666666666664,Left,42.92
W072,335,1,0.425,Right,42.5
W072,335,2,0.14583333333333334,Violation,14.58
W072,336,0,0.4406779661016949,Left,44.07
W072,336,1,0.3954802259887006,Right,39.55
W072,336,2,0.1638418079096045,Violation,16.38
W072,337,0,0.43010752688172044,Left,43.01
W072,337,1,0.3763440860215054,Right,37.63
W072,337,2,0.1935483870967742,Violation,19.35
W072,338,0,0.4663677130044843,Left,46.64
W072,338,1,0.39461883408071746,Right,39.46
W072,338,2,0.13901345291479822,Violation,13.9
W072,339,0,0.5106382978723404,Left,51.06
W072,339,1,0.3829787234042553,Right,38.3
W072,339,2,0.10638297872340426,Violation,10.64
W072,340,1,0.46236559139784944,Right,46.24
W072,340,0,0.40860215053763443,Left,40.86
W072,340,2,0.12903225806451613,Violation,12.9
W072,341,0,0.43575418994413406,Left,43.58
W072,341,1,0.3854748603351955,Right,38.55
W072,341,2,0.1787709497206704,Violation,17.88
W072,342,0,0.42857142857142855,Left,42.86
W072,342,1,0.413265306122449,Right,41.33
W072,342,2,0.15816326530612246,Violation,15.82
W072,343,0,0.43548387096774194,Left,43.55
W072,343,1,0.4153225806451613,Right,41.53
W072,343,2,0.14919354838709678,Violation,14.92
W072,344,0,0.45588235294117646,Left,45.59
W072,344,1,0.40808823529411764,Right,40.81
W072,344,2,0.13602941176470587,Violation,13.6
W072,345,0,0.46557377049180326,Left,46.56
W072,345,1,0.4557377049180328,Right,45.57
W072,345,2,0.07868852459016394,Violation,7.87
W072,346,0,0.46923076923076923,Left,46.92
W072,346,1,0.4307692307692308,Right,43.08
W072,346,2,0.1,Violation,10.0
W072,347,1,0.4618834080717489,Right,46.19
W072,347,0,0.4349775784753363,Left,43.5
W072,347,2,0.1031390134529148,Violation,10.31
W072,348,0,0.4482758620689655,Left,44.83
W072,348,1,0.42758620689655175,Right,42.76
W072,348,2,0.12413793103448276,Violation,12.41
W072,349,0,0.4528985507246377,Left,45.29
W072,349,1,0.4311594202898551,Right,43.12
W072,349,2,0.11594202898550725,Violation,11.59
W072,350,0,0.4826086956521739,Left,48.26
W072,350,1,0.4217391304347826,Right,42.17
W072,350,2,0.09565217391304348,Violation,9.57
W072,351,1,0.42105263157894735,Right,42.11
W072,351,0,0.41626794258373206,Left,41.63
W072,351,2,0.16267942583732056,Violation,16.27
W072,352,1,0.4512820512820513,Right,45.13
W072,352,0,0.4307692307692308,Left,43.08
W072,352,2,0.11794871794871795,Violation,11.79
W072,353,0,0.4748201438848921,Left,47.48
W072,353,1,0.4316546762589928,Right,43.17
W072,353,2,0.09352517985611511,Violation,9.35
W072,354,1,0.4327731092436975,Right,43.28
W072,354,0,0.4117647058823529,Left,41.18
W072,354,2,0.15546218487394958,Violation,15.55
W072,355,0,0.4142857142857143,Left,41.43
W072,355,1,0.38571428571428573,Right,38.57
W072,355,2,0.2,Violation,20.0
W072,356,0,0.44387755102040816,Left,44.39
W072,356,1,0.3673469387755102,Right,36.73
W072,356,2,0.18877551020408162,Violation,18.88
W072,357,0,0.42276422764227645,Left,42.28
W072,357,1,0.4065040650406504,Right,40.65
W072,357,2,0.17073170731707318,Violation,17.07
W072,358,1,0.43636363636363634,Right,43.64
W072,358,0,0.38181818181818183,Left,38.18
W072,358,2,0.18181818181818182,Violation,18.18
W072,359,1,0.40145985401459855,Right,40.15
W072,359,0,0.38686131386861317,Left,38.69
W072,359,2,0.2116788321167883,Violation,21.17
W072,360,1,0.44,Right,44.0
W072,360,0,0.39636363636363636,Left,39.64
W072,360,2,0.16363636363636364,Violation,16.36
W072,361,0,0.41228070175438597,Left,41.23
W072,361,1,0.3815789473684211,Right,38.16
W072,361,2,0.20614035087719298,Violation,20.61
W072,362,0,0.4326241134751773,Left,43.26
W072,362,1,0.3971631205673759,Right,39.72
W072,362,2,0.1702127659574468,Violation,17.02
W072,363,0,0.4541284403669725,Left,45.41
W072,363,1,0.44036697247706424,Right,44.04
W072,363,2,0.10550458715596331,Violation,10.55
W072,364,0,0.4330357142857143,Left,43.3
W072,364,1,0.4107142857142857,Right,41.07
W072,364,2,0.15625,Violation,15.62
W072,366,0,0.44,Left,44.0
W072,366,1,0.425,Right,42.5
W072,366,2,0.135,Violation,13.5
W072,367,0,0.4695121951219512,Left,46.95
W072,367,1,0.4268292682926829,Right,42.68
W072,367,2,0.10365853658536585,Violation,10.37
W072,368,0,0.4968553459119497,Left,49.69
W072,368,1,0.4025157232704403,Right,40.25
W072,368,2,0.10062893081761007,Violation,10.06
W072,369,0,0.4444444444444444,Left,44.44
W072,369,1,0.3888888888888889,Right,38.89
W072,369,2,0.16666666666666666,Violation,16.67
W072,370,0,0.4689655172413793,Left,46.9
W072,370,1,0.4,Right,40.0
W072,370,2,0.1310344827586207,Violation,13.1
W072,371,1,0.4427083333333333,Right,44.27
W072,371,0,0.4270833333333333,Left,42.71
W072,371,2,0.13020833333333334,Violation,13.02
W072,372,1,0.424,Right,42.4
W072,372,0,0.412,Left,41.2
W072,372,2,0.164,Violation,16.4
W072,373,0,0.42424242424242425,Left,42.42
W072,373,1,0.38181818181818183,Right,38.18
W072,373,2,0.19393939393939394,Violation,19.39
W072,374,0,0.43478260869565216,Left,43.48
W072,374,1,0.32065217391304346,Right,32.07
W072,374,2,0.24456521739130435,Violation,24.46
W072,375,0,0.45454545454545453,Left,45.45
W072,375,1,0.37575757575757573,Right,37.58
W072,375,2,0.1696969696969697,Violation,16.97
W072,376,0,0.41,Left,41.0
W072,376,1,0.37,Right,37.0
W072,376,2,0.22,Violation,22.0
W072,377,0,0.4268292682926829,Left,42.68
W072,377,1,0.42073170731707316,Right,42.07
W072,377,2,0.1524390243902439,Violation,15.24
W072,378,0,0.4244604316546763,Left,42.45
W072,378,1,0.38848920863309355,Right,38.85
W072,378,2,0.18705035971223022,Violation,18.71
W072,379,0,0.45161290322580644,Left,45.16
W072,379,1,0.36774193548387096,Right,36.77
W072,379,2,0.18064516129032257,Violation,18.06
W072,380,0,0.4161490683229814,Left,41.61
W072,380,1,0.37888198757763975,Right,37.89
W072,380,2,0.20496894409937888,Violation,20.5
W072,381,1,0.36619718309859156,Right,36.62
W072,381,0,0.352112676056338,Left,35.21
W072,381,2,0.28169014084507044,Violation,28.17
W072,382,1,0.4396551724137931,Right,43.97
W072,382,0,0.3793103448275862,Left,37.93
W072,382,2,0.1810344827586207,Violation,18.1
W072,383,0,0.3620689655172414,Left,36.21
W072,383,1,0.3620689655172414,Right,36.21
W072,383,2,0.27586206896551724,Violation,27.59
W072,384,0,0.48,Left,48.0
W072,384,1,0.36,Right,36.0
W072,384,2,0.16,Violation,16.0
W072,385,0,0.4420289855072464,Left,44.2
W072,385,1,0.35507246376811596,Right,35.51
W072,385,2,0.2028985507246377,Violation,20.29
W072,386,0,0.39473684210526316,Left,39.47
W072,386,1,0.35964912280701755,Right,35.96
W072,386,2,0.24561403508771928,Violation,24.56
W072,387,1,0.3770491803278688,Right,37.7
W072,387,0,0.3442622950819672,Left,34.43
W072,387,2,0.2786885245901639,Violation,27.87
W072,388,0,0.453125,Left,45.31
W072,388,1,0.3828125,Right,38.28
W072,388,2,0.1640625,Violation,16.41
W072,389,1,0.43157894736842106,Right,43.16
W072,389,0,0.4263157894736842,Left,42.63
W072,389,2,0.14210526315789473,Violation,14.21
W072,390,0,0.4189189189189189,Left,41.89
W072,390,1,0.40540540540540543,Right,40.54
W072,390,2,0.17567567567567569,Violation,17.57
W072,391,1,0.44029850746268656,Right,44.03
W072,391,0,0.3880597014925373,Left,38.81
W072,391,2,0.17164179104477612,Violation,17.16
W072,392,0,0.4479166666666667,Left,44.79
W072,392,1,0.40625,Right,40.62
W072,392,2,0.14583333333333334,Violation,14.58
W072,393,1,0.4537037037037037,Right,45.37
W072,393,0,0.4166666666666667,Left,41.67
W072,393,2,0.12962962962962962,Violation,12.96
W072,394,0,0.45251396648044695,Left,45.25
W072,394,1,0.37988826815642457,Right,37.99
W072,394,2,0.16759776536312848,Violation,16.76
W072,395,0,0.4520547945205479,Left,45.21
W072,395,1,0.4155251141552511,Right,41.55
W072,395,2,0.1324200913242009,Violation,13.24
W072,396,0,0.47641509433962265,Left,47.64
W072,396,1,0.38207547169811323,Right,38.21
W072,396,2,0.14150943396226415,Violation,14.15
W072,397,0,0.45121951219512196,Left,45.12
W072,397,1,0.38414634146341464,Right,38.41
W072,397,2,0.16463414634146342,Violation,16.46
W072,398,1,0.461864406779661,Right,46.19
W072,398,0,0.4279661016949153,Left,42.8
W072,398,2,0.11016949152542373,Violation,11.02
W072,399,1,0.4304635761589404,Right,43.05
W072,399,0,0.41721854304635764,Left,41.72
W072,399,2,0.152317880794702,Violation,15.23
W072,400,2,0.3522727272727273,Violation,35.23
W072,400,1,0.32954545454545453,Right,32.95
W072,400,0,0.3181818181818182,Left,31.82
W072,401,1,0.42021276595744683,Right,42.02
W072,401,0,0.34574468085106386,Left,34.57
W072,401,2,0.23404255319148937,Violation,23.4
W072,402,0,0.47368421052631576,Left,47.37
W072,402,1,0.38345864661654133,Right,38.35
W072,402,2,0.14285714285714285,Violation,14.29
W072,403,1,0.44976076555023925,Right,44.98
W072,403,0,0.40669856459330145,Left,40.67
W072,403,2,0.14354066985645933,Violation,14.35
W072,404,0,0.46218487394957986,Left,46.22
W072,404,1,0.36134453781512604,Right,36.13
W072,404,2,0.17647058823529413,Violation,17.65
W072,405,0,0.5,Left,50.0
W072,405,1,0.3950617283950617,Right,39.51
W072,405,2,0.10493827160493827,Violation,10.49
W072,406,1,0.445859872611465,Right,44.59
W072,406,0,0.36942675159235666,Left,36.94
W072,406,2,0.18471337579617833,Violation,18.47
W072,407,0,0.4978902953586498,Left,49.79
W072,407,1,0.42616033755274263,Right,42.62
W072,407,2,0.0759493670886076,Violation,7.59
W072,408,0,0.41363636363636364,Left,41.36
W072,408,1,0.41363636363636364,Right,41.36
W072,408,2,0.17272727272727273,Violation,17.27
W072,409,1,0.43448275862068964,Right,43.45
W072,409,0,0.42758620689655175,Left,42.76
W072,409,2,0.13793103448275862,Violation,13.79
W072,410,0,0.4755244755244755,Left,47.55
W072,410,1,0.40559440559440557,Right,40.56
W072,410,2,0.11888111888111888,Violation,11.89
W072,411,0,0.42138364779874216,Left,42.14
W072,411,1,0.36477987421383645,Right,36.48
W072,411,2,0.2138364779874214,Violation,21.38
W072,412,1,0.4426229508196721,Right,44.26
W072,412,0,0.4262295081967213,Left,42.62
W072,412,2,0.13114754098360656,Violation,13.11
W072,413,1,0.44621513944223107,Right,44.62
W072,413,0,0.43824701195219123,Left,43.82
W072,413,2,0.11553784860557768,Violation,11.55
W072,414,1,0.4052631578947368,Right,40.53
W072,414,0,0.37894736842105264,Left,37.89
W072,414,2,0.21578947368421053,Violation,21.58
W072,415,0,0.41208791208791207,Left,41.21
W072,415,1,0.3791208791208791,Right,37.91
W072,415,2,0.2087912087912088,Violation,20.88
W072,416,1,0.42487046632124353,Right,42.49
W072,416,0,0.40932642487046633,Left,40.93
W072,416,2,0.16580310880829016,Violation,16.58
W072,417,0,0.44569288389513106,Left,44.57
W072,417,1,0.3857677902621723,Right,38.58
W072,417,2,0.16853932584269662,Violation,16.85
W072,418,0,0.4951923076923077,Left,49.52
W072,418,1,0.40384615384615385,Right,40.38
W072,418,2,0.10096153846153846,Violation,10.1
W072,419,1,0.4457831325301205,Right,44.58
W072,419,0,0.44176706827309237,Left,44.18
W072,419,2,0.11244979919678715,Violation,11.24
W072,420,1,0.49698795180722893,Right,49.7
W072,420,0,0.3644578313253012,Left,36.45
W072,420,2,0.13855421686746988,Violation,13.86
W072,421,1,0.43790849673202614,Right,43.79
W072,421,0,0.43137254901960786,Left,43.14
W072,421,2,0.13071895424836602,Violation,13.07
W072,422,1,0.46153846153846156,Right,46.15
W072,422,0,0.4256410256410256,Left,42.56
W072,422,2,0.11282051282051282,Violation,11.28
W072,423,0,0.47804878048780486,Left,47.8
W072,423,1,0.4,Right,40.0
W072,423,2,0.12195121951219512,Violation,12.2
W072,424,1,0.441025641025641,Right,44.1
W072,424,0,0.4358974358974359,Left,43.59
W072,424,2,0.12307692307692308,Violation,12.31
W072,425,1,0.4426229508196721,Right,44.26
W072,425,0,0.4344262295081967,Left,43.44
W072,425,2,0.12295081967213115,Violation,12.3
W072,426,1,0.45089285714285715,Right,45.09
W072,426,0,0.40625,Left,40.62
W072,426,2,0.14285714285714285,Violation,14.29
W072,427,1,0.4476439790575916,Right,44.76
W072,427,0,0.43455497382198954,Left,43.46
W072,427,2,0.11780104712041885,Violation,11.78
W072,429,0,0.5406360424028268,Left,54.06
W072,429,1,0.3992932862190813,Right,39.93
W072,429,2,0.06007067137809187,Violation,6.01
W072,430,1,0.46715328467153283,Right,46.72
W072,430,0,0.4416058394160584,Left,44.16
W072,430,2,0.09124087591240876,Violation,9.12
W072,431,1,0.5017667844522968,Right,50.18
W072,431,0,0.38869257950530034,Left,38.87
W072,431,2,0.10954063604240283,Violation,10.95
W072,432,0,0.487012987012987,Left,48.7
W072,432,1,0.42857142857142855,Right,42.86
W072,432,2,0.08441558441558442,Violation,8.44
W072,433,1,0.4663677130044843,Right,46.64
W072,433,0,0.4439461883408072,Left,44.39
W072,433,2,0.08968609865470852,Violation,8.97
W072,434,0,0.4542372881355932,Left,45.42
W072,434,1,0.4406779661016949,Right,44.07
W072,434,2,0.10508474576271186,Violation,10.51
W072,435,0,0.4338235294117647,Left,43.38
W072,435,1,0.3897058823529412,Right,38.97
W072,435,2,0.17647058823529413,Violation,17.65
W072,436,0,0.4763779527559055,Left,47.64
W072,436,1,0.421259842519685,Right,42.13
W072,436,2,0.10236220472440945,Violation,10.24
W072,437,0,0.43946188340807174,Left,43.95
W072,437,1,0.4170403587443946,Right,41.7
W072,437,2,0.14349775784753363,Violation,14.35
W072,438,1,0.4492307692307692,Right,44.92
W072,438,0,0.4430769230769231,Left,44.31
W072,438,2,0.1076923076923077,Violation,10.77
W072,439,0,0.45426829268292684,Left,45.43
W072,439,1,0.4298780487804878,Right,42.99
W072,439,2,0.11585365853658537,Violation,11.59
W072,440,0,0.44193548387096776,Left,44.19
W072,440,1,0.4032258064516129,Right,40.32
W072,440,2,0.15483870967741936,Violation,15.48
W072,441,0,0.43529411764705883,Left,43.53
W072,441,1,0.40294117647058825,Right,40.29
W072,441,2,0.16176470588235295,Violation,16.18
W072,442,0,0.4260869565217391,Left,42.61
W072,442,1,0.40869565217391307,Right,40.87
W072,442,2,0.16521739130434782,Violation,16.52
W072,443,0,0.4730878186968839,Left,47.31
W072,443,1,0.4447592067988669,Right,44.48
W072,443,2,0.0821529745042493,Violation,8.22
W072,444,0,0.47058823529411764,Left,47.06
W072,444,1,0.4150326797385621,Right,41.5
W072,444,2,0.11437908496732026,Violation,11.44
W072,445,1,0.4411764705882353,Right,44.12
W072,445,0,0.4387254901960784,Left,43.87
W072,445,2,0.12009803921568628,Violation,12.01
W072,446,0,0.4653179190751445,Left,46.53
W072,446,1,0.4508670520231214,Right,45.09
W072,446,2,0.0838150289017341,Violation,8.38
W072,447,1,0.48717948717948717,Right,48.72
W072,447,0,0.42628205128205127,Left,42.63
W072,447,2,0.08653846153846154,Violation,8.65
W072,448,0,0.4523809523809524,Left,45.24
W072,448,1,0.3968253968253968,Right,39.68
W072,448,2,0.15079365079365079,Violation,15.08
W072,449,0,0.4707692307692308,Left,47.08
W072,449,1,0.40923076923076923,Right,40.92
W072,449,2,0.12,Violation,12.0
W072,450,0,0.4426751592356688,Left,44.27
W072,450,1,0.4426751592356688,Right,44.27
W072,450,2,0.11464968152866242,Violation,11.46
W072,451,0,0.45724907063197023,Left,45.72
W072,451,1,0.37174721189591076,Right,37.17
W072,451,2,0.17100371747211895,Violation,17.1
W072,452,1,0.44,Right,44.0
W072,452,0,0.424,Left,42.4
W072,452,2,0.136,Violation,13.6
W072,453,1,0.45879120879120877,Right,45.88
W072,453,0,0.44505494505494503,Left,44.51
W072,453,2,0.09615384615384616,Violation,9.62
W072,454,1,0.45481927710843373,Right,45.48
W072,454,0,0.3855421686746988,Left,38.55
W072,454,2,0.15963855421686746,Violation,15.96
W072,455,0,0.48134328358208955,Left,48.13
W072,455,1,0.40298507462686567,Right,40.3
W072,455,2,0.11567164179104478,Violation,11.57
W072,456,0,0.49173553719008267,Left,49.17
W072,456,1,0.4049586776859504,Right,40.5
W072,456,2,0.10330578512396695,Violation,10.33
W072,457,0,0.44313725490196076,Left,44.31
W072,457,1,0.37254901960784315,Right,37.25
W072,457,2,0.1843137254901961,Violation,18.43
W072,458,0,0.4525862068965517,Left,45.26
W072,458,1,0.4051724137931034,Right,40.52
W072,458,2,0.14224137931034483,Violation,14.22
W072,459,1,0.42962962962962964,Right,42.96
W072,459,0,0.4185185185185185,Left,41.85
W072,459,2,0.15185185185185185,Violation,15.19
W072,460,0,0.4349593495934959,Left,43.5
W072,460,1,0.4105691056910569,Right,41.06
W072,460,2,0.15447154471544716,Violation,15.45
W072,461,0,0.42810457516339867,Left,42.81
W072,461,1,0.38562091503267976,Right,38.56
W072,461,2,0.18627450980392157,Violation,18.63
W072,462,1,0.4517374517374517,Right,45.17
W072,462,0,0.42084942084942084,Left,42.08
W072,462,2,0.1274131274131274,Violation,12.74
W072,463,0,0.4470198675496689,Left,44.7
W072,463,1,0.423841059602649,Right,42.38
W072,463,2,0.1291390728476821,Violation,12.91
W072,464,0,0.4491525423728814,Left,44.92
W072,464,1,0.4449152542372881,Right,44.49
W072,464,2,0.1059322033898305,Violation,10.59
W072,465,0,0.4474708171206226,Left,44.75
W072,465,1,0.39299610894941633,Right,39.3
W072,465,2,0.15953307392996108,Violation,15.95
W072,466,1,0.44155844155844154,Right,44.16
W072,466,0,0.42207792207792205,Left,42.21
W072,466,2,0.13636363636363635,Violation,13.64
W072,467,1,0.44607843137254904,Right,44.61
W072,467,0,0.4338235294117647,Left,43.38
W072,467,2,0.12009803921568628,Violation,12.01
W072,468,0,0.4444444444444444,Left,44.44
W072,468,1,0.4444444444444444,Right,44.44
W072,468,2,0.1111111111111111,Violation,11.11
W072,469,0,0.4497991967871486,Left,44.98
W072,469,1,0.3855421686746988,Right,38.55
W072,469,2,0.1646586345381526,Violation,16.47
W072,470,0,0.45787545787545786,Left,45.79
W072,470,1,0.4542124542124542,Right,45.42
W072,470,2,0.08791208791208792,Violation,8.79
W072,471,1,0.46984126984126984,Right,46.98
W072,471,0,0.38412698412698415,Left,38.41
W072,471,2,0.14603174603174604,Violation,14.6
W072,472,1,0.45584045584045585,Right,45.58
W072,472,0,0.4358974358974359,Left,43.59
W072,472,2,0.10826210826210826,Violation,10.83
W072,473,0,0.46,Left,46.0
W072,473,1,0.42333333333333334,Right,42.33
W072,473,2,0.11666666666666667,Violation,11.67
W072,474,1,0.42758620689655175,Right,42.76
W072,474,0,0.4,Left,40.0
W072,474,2,0.1724137931034483,Violation,17.24
W072,475,1,0.41454545454545455,Right,41.45
W072,475,0,0.36727272727272725,Left,36.73
W072,475,2,0.21818181818181817,Violation,21.82
W072,476,1,0.42570281124497994,Right,42.57
W072,476,0,0.41365461847389556,Left,41.37
W072,476,2,0.1606425702811245,Violation,16.06
W072,477,1,0.43309859154929575,Right,43.31
W072,477,0,0.39436619718309857,Left,39.44
W072,477,2,0.17253521126760563,Violation,17.25
W072,478,1,0.4161849710982659,Right,41.62
W072,478,0,0.3959537572254335,Left,39.6
W072,478,2,0.18786127167630057,Violation,18.79
W072,479,0,0.40756302521008403,Left,40.76
W072,479,1,0.3907563025210084,Right,39.08
W072,479,2,0.20168067226890757,Violation,20.17
W072,480,0,0.42091152815013405,Left,42.09
W072,480,1,0.4128686327077748,Right,41.29
W072,480,2,0.16621983914209115,Violation,16.62
W072,481,0,0.43457943925233644,Left,43.46
W072,481,1,0.397196261682243,Right,39.72
W072,481,2,0.16822429906542055,Violation,16.82
W072,482,1,0.4801980198019802,Right,48.02
W072,482,0,0.38613861386138615,Left,38.61
W072,482,2,0.13366336633663367,Violation,13.37
W072,483,1,0.4585492227979275,Right,45.85
W072,483,0,0.4119170984455959,Left,41.19
W072,483,2,0.12953367875647667,Violation,12.95
W072,484,1,0.3953488372093023,Right,39.53
W072,484,0,0.34108527131782945,Left,34.11
W072,484,2,0.26356589147286824,Violation,26.36
W072,485,0,0.452991452991453,Left,45.3
W072,485,1,0.41025641025641024,Right,41.03
W072,485,2,0.13675213675213677,Violation,13.68
W072,486,1,0.45936395759717313,Right,45.94
W072,486,0,0.4416961130742049,Left,44.17
W072,486,2,0.0989399293286219,Violation,9.89
W072,487,1,0.45161290322580644,Right,45.16
W072,487,0,0.44086021505376344,Left,44.09
W072,487,2,0.10752688172043011,Violation,10.75
W072,488,1,0.4580152671755725,Right,45.8
W072,488,0,0.4083969465648855,Left,40.84
W072,488,2,0.13358778625954199,Violation,13.36
W072,489,0,0.4570446735395189,Left,45.7
W072,489,1,0.4329896907216495,Right,43.3
W072,489,2,0.10996563573883161,Violation,11.0
W072,490,1,0.505586592178771,Right,50.56
W072,490,0,0.3743016759776536,Left,37.43
W072,490,2,0.12011173184357542,Violation,12.01
W072,491,1,0.46402877697841727,Right,46.4
W072,491,0,0.44964028776978415,Left,44.96
W072,491,2,0.08633093525179857,Violation,8.63
W072,492,0,0.463519313304721,Left,46.35
W072,492,1,0.4206008583690987,Right,42.06
W072,492,2,0.11587982832618025,Violation,11.59
W072,493,1,0.47780678851174935,Right,47.78
W072,493,0,0.4255874673629243,Left,42.56
W072,493,2,0.09660574412532637,Violation,9.66
W072,494,0,0.46437994722955145,Left,46.44
W072,494,1,0.44063324538258575,Right,44.06
W072,494,2,0.09498680738786279,Violation,9.5
W072,495,0,0.4699140401146132,Left,46.99
W072,495,1,0.4699140401146132,Right,46.99
W072,495,2,0.06017191977077364,Violation,6.02
W072,496,0,0.4785100286532951,Left,47.85
W072,496,1,0.4269340974212034,Right,42.69
W072,496,2,0.09455587392550144,Violation,9.46
W072,497,0,0.43783783783783786,Left,43.78
W072,497,1,0.42162162162162165,Right,42.16
W072,497,2,0.14054054054054055,Violation,14.05
W072,498,1,0.43902439024390244,Right,43.9
W072,498,0,0.4115853658536585,Left,41.16
W072,498,2,0.14939024390243902,Violation,14.94
W072,499,0,0.4551282051282051,Left,45.51
W072,499,1,0.4198717948717949,Right,41.99
W072,499,2,0.125,Violation,12.5
W072,500,1,0.49836065573770494,Right,49.84
W072,500,0,0.4262295081967213,Left,42.62
W072,500,2,0.07540983606557378,Violation,7.54
W072,501,1,0.4982456140350877,Right,49.82
W072,501,0,0.4245614035087719,Left,42.46
W072,501,2,0.07719298245614035,Violation,7.72
W072,502,1,0.474025974025974,Right,47.4
W072,502,0,0.42857142857142855,Left,42.86
W072,502,2,0.09740259740259741,Violation,9.74
W072,503,1,0.47113163972286376,Right,47.11
W072,503,0,0.42725173210161665,Left,42.73
W072,503,2,0.10161662817551963,Violation,10.16
W072,504,0,0.4583333333333333,Left,45.83
W072,504,1,0.4340277777777778,Right,43.4
W072,504,2,0.1076388888888889,Violation,10.76
W072,505,0,0.46938775510204084,Left,46.94
W072,505,1,0.37142857142857144,Right,37.14
W072,505,2,0.15918367346938775,Violation,15.92
W072,506,0,0.4647058823529412,Left,46.47
W072,506,1,0.43529411764705883,Right,43.53
W072,506,2,0.1,Violation,10.0
W072,507,0,0.46474358974358976,Left,46.47
W072,507,1,0.4166666666666667,Right,41.67
W072,507,2,0.11858974358974358,Violation,11.86
W072,508,1,0.47398843930635837,Right,47.4
W072,508,0,0.42196531791907516,Left,42.2
W072,508,2,0.10404624277456648,Violation,10.4
W072,509,1,0.4895287958115183,Right,48.95
W072,509,0,0.42408376963350786,Left,42.41
W072,509,2,0.08638743455497382,Violation,8.64
W072,510,1,0.4881889763779528,Right,48.82
W072,510,0,0.4251968503937008,Left,42.52
W072,510,2,0.08661417322834646,Violation,8.66
W072,511,1,0.4986072423398329,Right,49.86
W072,511,0,0.4373259052924791,Left,43.73
W072,511,2,0.06406685236768803,Violation,6.41
W072,512,0,0.4694533762057878,Left,46.95
W072,512,1,0.4437299035369775,Right,44.37
W072,512,2,0.08681672025723473,Violation,8.68
W072,513,1,0.4629080118694362,Right,46.29
W072,513,0,0.4421364985163205,Left,44.21
W072,513,2,0.09495548961424333,Violation,9.5
W072,514,1,0.3893805309734513,Right,38.94
W072,514,0,0.3584070796460177,Left,35.84
W072,514,2,0.252212389380531,Violation,25.22
W072,515,1,0.5170940170940171,Right,51.71
W072,515,0,0.41025641025641024,Left,41.03
W072,515,2,0.07264957264957266,Violation,7.26
W072,516,0,0.439873417721519,Left,43.99
W072,516,1,0.439873417721519,Right,43.99
W072,516,2,0.12025316455696203,Violation,12.03
W072,517,0,0.4318181818181818,Left,43.18
W072,517,1,0.4289772727272727,Right,42.9
W072,517,2,0.13920454545454544,Violation,13.92
W072,518,0,0.3877551020408163,Left,38.78
W072,518,1,0.3469387755102041,Right,34.69
W072,518,2,0.2653061224489796,Violation,26.53
W072,519,1,0.42586750788643535,Right,42.59
W072,519,0,0.41324921135646686,Left,41.32
W072,519,2,0.1608832807570978,Violation,16.09
W072,520,1,0.48663101604278075,Right,48.66
W072,520,0,0.4411764705882353,Left,44.12
W072,520,2,0.07219251336898395,Violation,7.22
W072,521,0,0.4346153846153846,Left,43.46
W072,521,1,0.4269230769230769,Right,42.69
W072,521,2,0.13846153846153847,Violation,13.85
W072,522,1,0.4857142857142857,Right,48.57
W072,522,0,0.43492063492063493,Left,43.49
W072,522,2,0.07936507936507936,Violation,7.94
W072,523,0,0.47266881028938906,Left,47.27
W072,523,1,0.4340836012861736,Right,43.41
W072,523,2,0.0932475884244373,Violation,9.32
W072,524,1,0.5321637426900585,Right,53.22
W072,524,0,0.41228070175438597,Left,41.23
W072,524,2,0.05555555555555555,Violation,5.56
W072,525,1,0.473015873015873,Right,47.3
W072,525,0,0.4,Left,40.0
W072,525,2,0.12698412698412698,Violation,12.7
W072,526,2,0.35555555555555557,Violation,35.56
W072,526,1,0.34444444444444444,Right,34.44
W072,526,0,0.3,Left,30.0
W072,527,0,0.4369747899159664,Left,43.7
W072,527,1,0.4117647058823529,Right,41.18
W072,527,2,0.15126050420168066,Violation,15.13
W072,528,1,0.48936170212765956,Right,48.94
W072,528,0,0.4441489361702128,Left,44.41
W072,528,2,0.06648936170212766,Violation,6.65
W072,529,1,0.45692883895131087,Right,45.69
W072,529,0,0.4307116104868914,Left,43.07
W072,529,2,0.11235955056179775,Violation,11.24
W072,530,1,0.47335423197492166,Right,47.34
W072,530,0,0.41379310344827586,Left,41.38
W072,530,2,0.11285266457680251,Violation,11.29
W072,531,0,0.4594594594594595,Left,45.95
W072,531,1,0.41216216216216217,Right,41.22
W072,531,2,0.12837837837837837,Violation,12.84
W072,532,1,0.4794520547945205,Right,47.95
W072,532,0,0.4315068493150685,Left,43.15
W072,532,2,0.08904109589041095,Violation,8.9
W072,533,1,0.44285714285714284,Right,44.29
W072,533,0,0.4392857142857143,Left,43.93
W072,533,2,0.11785714285714285,Violation,11.79
W072,534,1,0.4868421052631579,Right,48.68
W072,534,0,0.4506578947368421,Left,45.07
W072,534,2,0.0625,Violation,6.25
W072,535,1,0.47368421052631576,Right,47.37
W072,535,0,0.4291497975708502,Left,42.91
W072,535,2,0.09716599190283401,Violation,9.72
W072,536,0,0.4686192468619247,Left,46.86
W072,536,1,0.41841004184100417,Right,41.84
W072,536,2,0.11297071129707113,Violation,11.3
W072,537,1,0.44047619047619047,Right,44.05
W072,537,0,0.4246031746031746,Left,42.46
W072,537,2,0.1349206349206349,Violation,13.49
W072,538,0,0.47330960854092524,Left,47.33
W072,538,1,0.4697508896797153,Right,46.98
W072,538,2,0.05693950177935943,Violation,5.69
W072,539,1,0.44871794871794873,Right,44.87
W072,539,0,0.41452991452991456,Left,41.45
W072,539,2,0.13675213675213677,Violation,13.68
W072,540,1,0.5093632958801498,Right,50.94
W072,540,0,0.41198501872659177,Left,41.2
W072,540,2,0.07865168539325842,Violation,7.87
W072,541,1,0.47843137254901963,Right,47.84
W072,541,0,0.47058823529411764,Left,47.06
W072,541,2,0.050980392156862744,Violation,5.1
W072,542,1,0.47959183673469385,Right,47.96
W072,542,0,0.4387755102040816,Left,43.88
W072,542,2,0.08163265306122448,Violation,8.16
W072,543,0,0.4656084656084656,Left,46.56
W072,543,1,0.4576719576719577,Right,45.77
W072,543,2,0.07671957671957672,Violation,7.67
W072,544,2,0.4634146341463415,Violation,46.34
W072,544,1,0.3008130081300813,Right,30.08
W072,544,0,0.23577235772357724,Left,23.58
W072,545,2,0.46788990825688076,Violation,46.79
W072,545,0,0.26605504587155965,Left,26.61
W072,545,1,0.26605504587155965,Right,26.61
W072,546,0,0.34579439252336447,Left,34.58
W072,546,1,0.34579439252336447,Right,34.58
W072,546,2,0.308411214953271,Violation,30.84
W072,547,2,0.6140350877192983,Violation,61.4
W072,547,0,0.22807017543859648,Left,22.81
W072,547,1,0.15789473684210525,Right,15.79
W072,548,2,0.41379310344827586,Violation,41.38
W072,548,0,0.3793103448275862,Left,37.93
W072,548,1,0.20689655172413793,Right,20.69
W072,549,0,0.35802469135802467,Left,35.8
W072,549,1,0.32098765432098764,Right,32.1
W072,549,2,0.32098765432098764,Violation,32.1
W072,550,0,0.418848167539267,Left,41.88
W072,550,1,0.3403141361256545,Right,34.03
W072,550,2,0.24083769633507854,Violation,24.08
W072,551,1,0.37037037037037035,Right,37.04
W072,551,0,0.36419753086419754,Left,36.42
W072,551,2,0.2654320987654321,Violation,26.54
W072,552,1,0.4317343173431734,Right,43.17
W072,552,0,0.4280442804428044,Left,42.8
W072,552,2,0.14022140221402213,Violation,14.02
W072,553,0,0.41702127659574467,Left,41.7
W072,553,1,0.39574468085106385,Right,39.57
W072,553,2,0.18723404255319148,Violation,18.72
W072,554,2,0.5074626865671642,Violation,50.75
W072,554,0,0.2537313432835821,Left,25.37
W072,554,1,0.23880597014925373,Right,23.88
W072,555,0,0.41923076923076924,Left,41.92
W072,555,1,0.4115384615384615,Right,41.15
W072,555,2,0.16923076923076924,Violation,16.92
W072,556,1,0.43700787401574803,Right,43.7
W072,556,0,0.4330708661417323,Left,43.31
W072,556,2,0.12992125984251968,Violation,12.99
W072,557,1,0.45689655172413796,Right,45.69
W072,557,0,0.40229885057471265,Left,40.23
W072,557,2,0.14080459770114942,Violation,14.08
W072,558,0,0.4506172839506173,Left,45.06
W072,558,1,0.3148148148148148,Right,31.48
W072,558,2,0.2345679012345679,Violation,23.46
W072,559,1,0.42758620689655175,Right,42.76
W072,559,0,0.4,Left,40.0
W072,559,2,0.1724137931034483,Violation,17.24
W072,560,0,0.4125874125874126,Left,41.26
W072,560,1,0.40559440559440557,Right,40.56
W072,560,2,0.18181818181818182,Violation,18.18
W072,561,0,0.40948275862068967,Left,40.95
W072,561,1,0.3922413793103448,Right,39.22
W072,561,2,0.19827586206896552,Violation,19.83
W072,562,1,0.4541832669322709,Right,45.42
W072,562,0,0.398406374501992,Left,39.84
W072,562,2,0.14741035856573706,Violation,14.74
W073,278,1,0.46464646464646464,Right,46.46
W073,278,0,0.4377104377104377,Left,43.77
W073,278,2,0.09764309764309764,Violation,9.76
W073,279,1,0.4854014598540146,Right,48.54
W073,279,0,0.4416058394160584,Left,44.16
W073,279,2,0.072992700729927,Violation,7.3
W073,280,0,0.459546925566343,Left,45.95
W073,280,1,0.4336569579288026,Right,43.37
W073,280,2,0.10679611650485436,Violation,10.68
W073,281,1,0.4582043343653251,Right,45.82
W073,281,0,0.43034055727554177,Left,43.03
W073,281,2,0.11145510835913312,Violation,11.15
W073,282,0,0.45864661654135336,Left,45.86
W073,282,1,0.42105263157894735,Right,42.11
W073,282,2,0.12030075187969924,Violation,12.03
W073,283,0,0.4540229885057471,Left,45.4
W073,283,1,0.4396551724137931,Right,43.97
W073,283,2,0.10632183908045977,Violation,10.63
W073,284,0,0.44696969696969696,Left,44.7
W073,284,1,0.4393939393939394,Right,43.94
W073,284,2,0.11363636363636363,Violation,11.36
W073,285,1,0.48986486486486486,Right,48.99
W073,285,0,0.4391891891891892,Left,43.92
W073,285,2,0.07094594594594594,Violation,7.09
W073,286,1,0.42424242424242425,Right,42.42
W073,286,0,0.4090909090909091,Left,40.91
W073,286,2,0.16666666666666666,Violation,16.67
W073,287,0,0.45794392523364486,Left,45.79
W073,287,1,0.4517133956386293,Right,45.17
W073,287,2,0.09034267912772585,Violation,9.03
W073,288,1,0.4791666666666667,Right,47.92
W073,288,0,0.4166666666666667,Left,41.67
W073,288,2,0.10416666666666667,Violation,10.42
W073,289,0,0.46229508196721314,Left,46.23
W073,289,1,0.4426229508196721,Right,44.26
W073,289,2,0.09508196721311475,Violation,9.51
W073,290,1,0.4657039711191336,Right,46.57
W073,290,0,0.44765342960288806,Left,44.77
W073,290,2,0.08664259927797834,Violation,8.66
W073,291,0,0.47692307692307695,Left,47.69
W073,291,1,0.40384615384615385,Right,40.38
W073,291,2,0.11923076923076924,Violation,11.92
W073,292,0,0.44912280701754387,Left,44.91
W073,292,1,0.43508771929824563,Right,43.51
W073,292,2,0.11578947368421053,Violation,11.58
W073,293,1,0.44782608695652176,Right,44.78
W073,293,0,0.3739130434782609,Left,37.39
W073,293,2,0.1782608695652174,Violation,17.83
W073,294,1,0.4652777777777778,Right,46.53
W073,294,0,0.4409722222222222,Left,44.1
W073,294,2,0.09375,Violation,9.38
W073,295,1,0.4659090909090909,Right,46.59
W073,295,0,0.4128787878787879,Left,41.29
W073,295,2,0.12121212121212122,Violation,12.12
W073,296,1,0.4563380281690141,Right,45.63
W073,296,0,0.4197183098591549,Left,41.97
W073,296,2,0.12394366197183099,Violation,12.39
W073,297,1,0.4696969696969697,Right,46.97
W073,297,0,0.4128787878787879,Left,41.29
W073,297,2,0.11742424242424243,Violation,11.74
W073,298,1,0.4064516129032258,Right,40.65
W073,298,0,0.4,Left,40.0
W073,298,2,0.1935483870967742,Violation,19.35
W073,299,1,0.4666666666666667,Right,46.67
W073,299,0,0.4230769230769231,Left,42.31
W073,299,2,0.11025641025641025,Violation,11.03
W073,300,1,0.4526627218934911,Right,45.27
W073,300,0,0.42011834319526625,Left,42.01
W073,300,2,0.12721893491124261,Violation,12.72
W073,301,1,0.5063291139240507,Right,50.63
W073,301,0,0.41139240506329117,Left,41.14
W073,301,2,0.08227848101265822,Violation,8.23
W073,302,1,0.4434782608695652,Right,44.35
W073,302,0,0.4217391304347826,Left,42.17
W073,302,2,0.13478260869565217,Violation,13.48
W073,303,0,0.45934959349593496,Left,45.93
W073,303,1,0.4186991869918699,Right,41.87
W073,303,2,0.12195121951219512,Violation,12.2
W073,304,1,0.4563106796116505,Right,45.63
W073,304,0,0.44660194174757284,Left,44.66
W073,304,2,0.0970873786407767,Violation,9.71
W073,305,1,0.43613707165109034,Right,43.61
W073,305,0,0.3956386292834891,Left,39.56
W073,305,2,0.16822429906542055,Violation,16.82
W073,306,1,0.41148325358851673,Right,41.15
W073,306,0,0.4019138755980861,Left,40.19
W073,306,2,0.18660287081339713,Violation,18.66
W073,307,0,0.5038759689922481,Left,50.39
W073,307,1,0.41472868217054265,Right,41.47
W073,307,2,0.08139534883720931,Violation,8.14
W073,308,0,0.4684385382059801,Left,46.84
W073,308,1,0.4219269102990033,Right,42.19
W073,308,2,0.10963455149501661,Violation,10.96
W073,309,0,0.48639455782312924,Left,48.64
W073,309,1,0.43197278911564624,Right,43.2
W073,309,2,0.08163265306122448,Violation,8.16
W073,310,0,0.4532871972318339,Left,45.33
W073,310,1,0.4532871972318339,Right,45.33
W073,310,2,0.09342560553633218,Violation,9.34
W073,311,0,0.49666666666666665,Left,49.67
W073,311,1,0.44333333333333336,Right,44.33
W073,311,2,0.06,Violation,6.0
W073,312,1,0.4793650793650794,Right,47.94
W073,312,0,0.4222222222222222,Left,42.22
W073,312,2,0.09841269841269841,Violation,9.84
W073,313,1,0.4744525547445255,Right,47.45
W073,313,0,0.4197080291970803,Left,41.97
W073,313,2,0.10583941605839416,Violation,10.58
W073,314,1,0.483271375464684,Right,48.33
W073,314,0,0.44609665427509293,Left,44.61
W073,314,2,0.07063197026022305,Violation,7.06
W073,315,1,0.44886363636363635,Right,44.89
W073,315,0,0.4090909090909091,Left,40.91
W073,315,2,0.14204545454545456,Violation,14.2
W073,316,1,0.4854111405835544,Right,48.54
W073,316,0,0.40583554376657827,Left,40.58
W073,316,2,0.10875331564986737,Violation,10.88
W073,317,1,0.5,Right,50.0
W073,317,0,0.4069767441860465,Left,40.7
W073,317,2,0.09302325581395349,Violation,9.3
W073,318,1,0.4867021276595745,Right,48.67
W073,318,0,0.42021276595744683,Left,42.02
W073,318,2,0.09308510638297872,Violation,9.31
W073,319,0,0.5296803652968036,Left,52.97
W073,319,1,0.3881278538812785,Right,38.81
W073,319,2,0.0821917808219178,Violation,8.22
W073,320,1,0.47346938775510206,Right,47.35
W073,320,0,0.4326530612244898,Left,43.27
W073,320,2,0.09387755102040816,Violation,9.39
W073,321,1,0.4804270462633452,Right,48.04
W073,321,0,0.44483985765124556,Left,44.48
W073,321,2,0.07473309608540925,Violation,7.47
W073,322,1,0.4845360824742268,Right,48.45
W073,322,0,0.4639175257731959,Left,46.39
W073,322,2,0.05154639175257732,Violation,5.15
W073,323,1,0.4673913043478261,Right,46.74
W073,323,0,0.42391304347826086,Left,42.39
W073,323,2,0.10869565217391304,Violation,10.87
W073,324,0,0.4793388429752066,Left,47.93
W073,324,1,0.4090909090909091,Right,40.91
W073,324,2,0.1115702479338843,Violation,11.16
W073,325,0,0.4276729559748428,Left,42.77
W073,325,1,0.4025157232704403,Right,40.25
W073,325,2,0.16981132075471697,Violation,16.98
W073,326,1,0.4560810810810811,Right,45.61
W073,326,0,0.3952702702702703,Left,39.53
W073,326,2,0.14864864864864866,Violation,14.86
W073,327,0,0.4775510204081633,Left,47.76
W073,327,1,0.4530612244897959,Right,45.31
W073,327,2,0.06938775510204082,Violation,6.94
W073,328,0,0.48157894736842105,Left,48.16
W073,328,1,0.4368421052631579,Right,43.68
W073,328,2,0.08157894736842106,Violation,8.16
W073,329,0,0.4551971326164875,Left,45.52
W073,329,1,0.4336917562724014,Right,43.37
W073,329,2,0.1111111111111111,Violation,11.11
W073,330,0,0.4528301886792453,Left,45.28
W073,330,1,0.4339622641509434,Right,43.4
W073,330,2,0.11320754716981132,Violation,11.32
W073,331,0,0.43946188340807174,Left,43.95
W073,331,1,0.4080717488789238,Right,40.81
W073,331,2,0.15246636771300448,Violation,15.25
W073,332,0,0.466403162055336,Left,46.64
W073,332,1,0.4150197628458498,Right,41.5
W073,332,2,0.11857707509881422,Violation,11.86
W073,333,1,0.3873239436619718,Right,38.73
W073,333,0,0.38028169014084506,Left,38.03
W073,333,2,0.2323943661971831,Violation,23.24
W073,334,1,0.45147679324894513,Right,45.15
W073,334,0,0.4388185654008439,Left,43.88
W073,334,2,0.10970464135021098,Violation,10.97
W073,335,1,0.4821917808219178,Right,48.22
W073,335,0,0.4273972602739726,Left,42.74
W073,335,2,0.09041095890410959,Violation,9.04
W073,336,0,0.445578231292517,Left,44.56
W073,336,1,0.41156462585034015,Right,41.16
W073,336,2,0.14285714285714285,Violation,14.29
W073,337,1,0.4456824512534819,Right,44.57
W073,337,0,0.40668523676880225,Left,40.67
W073,337,2,0.14763231197771587,Violation,14.76
W073,338,1,0.4594594594594595,Right,45.95
W073,338,0,0.44144144144144143,Left,44.14
W073,338,2,0.0990990990990991,Violation,9.91
W073,339,0,0.4128787878787879,Left,41.29
W073,339,1,0.4015151515151515,Right,40.15
W073,339,2,0.1856060606060606,Violation,18.56
W073,340,1,0.4709897610921502,Right,47.1
W073,340,0,0.39590443686006827,Left,39.59
W073,340,2,0.13310580204778158,Violation,13.31
W073,341,0,0.468,Left,46.8
W073,341,1,0.436,Right,43.6
W073,341,2,0.096,Violation,9.6
W073,342,1,0.4647887323943662,Right,46.48
W073,342,0,0.4422535211267606,Left,44.23
W073,342,2,0.09295774647887324,Violation,9.3
W073,343,0,0.4479638009049774,Left,44.8
W073,343,1,0.4479638009049774,Right,44.8
W073,343,2,0.10407239819004525,Violation,10.41
W073,344,0,0.5033783783783784,Left,50.34
W073,344,1,0.3783783783783784,Right,37.84
W073,344,2,0.11824324324324324,Violation,11.82
W073,345,0,0.45228215767634855,Left,45.23
W073,345,1,0.43983402489626555,Right,43.98
W073,345,2,0.1078838174273859,Violation,10.79
W073,346,0,0.4913294797687861,Left,49.13
W073,346,1,0.35260115606936415,Right,35.26
W073,346,2,0.15606936416184972,Violation,15.61
W073,347,1,0.4666666666666667,Right,46.67
W073,347,0,0.43333333333333335,Left,43.33
W073,347,2,0.1,Violation,10.0
W073,348,1,0.4620938628158845,Right,46.21
W073,348,0,0.4151624548736462,Left,41.52
W073,348,2,0.12274368231046931,Violation,12.27
W073,349,1,0.4527363184079602,Right,45.27
W073,349,0,0.4228855721393035,Left,42.29
W073,349,2,0.12437810945273632,Violation,12.44
W073,350,0,0.46153846153846156,Left,46.15
W073,350,1,0.4576923076923077,Right,45.77
W073,350,2,0.08076923076923077,Violation,8.08
W073,351,0,0.4808362369337979,Left,48.08
W073,351,1,0.4076655052264808,Right,40.77
W073,351,2,0.11149825783972125,Violation,11.15
W073,352,1,0.46120689655172414,Right,46.12
W073,352,0,0.4482758620689655,Left,44.83
W073,352,2,0.09051724137931035,Violation,9.05
W073,353,0,0.4311377245508982,Left,43.11
W073,353,1,0.4281437125748503,Right,42.81
W073,353,2,0.1407185628742515,Violation,14.07
W073,354,0,0.4473684210526316,Left,44.74
W073,354,1,0.4052631578947368,Right,40.53
W073,354,2,0.14736842105263157,Violation,14.74
W073,355,1,0.4716312056737589,Right,47.16
W073,355,0,0.4432624113475177,Left,44.33
W073,355,2,0.0851063829787234,Violation,8.51
W073,356,0,0.47305389221556887,Left,47.31
W073,356,1,0.4311377245508982,Right,43.11
W073,356,2,0.09580838323353294,Violation,9.58
W073,357,0,0.43769968051118213,Left,43.77
W073,357,1,0.4057507987220447,Right,40.58
W073,357,2,0.15654952076677317,Violation,15.65
W073,358,1,0.46715328467153283,Right,46.72
W073,358,0,0.40875912408759124,Left,40.88
W073,358,2,0.12408759124087591,Violation,12.41
W073,359,1,0.43730886850152906,Right,43.73
W073,359,0,0.40061162079510704,Left,40.06
W073,359,2,0.1620795107033639,Violation,16.21
W073,360,1,0.4304635761589404,Right,43.05
W073,360,0,0.39072847682119205,Left,39.07
W073,360,2,0.17880794701986755,Violation,17.88
W073,361,0,0.481651376146789,Left,48.17
W073,361,1,0.41284403669724773,Right,41.28
W073,361,2,0.10550458715596331,Violation,10.55
W073,362,1,0.4701195219123506,Right,47.01
W073,362,0,0.4302788844621514,Left,43.03
W073,362,2,0.099601593625498,Violation,9.96
W073,363,0,0.4774193548387097,Left,47.74
W073,363,1,0.4096774193548387,Right,40.97
W073,363,2,0.11290322580645161,Violation,11.29
W073,364,0,0.4440894568690096,Left,44.41
W073,364,1,0.4249201277955272,Right,42.49
W073,364,2,0.13099041533546327,Violation,13.1
W073,365,0,0.44559585492227977,Left,44.56
W073,365,1,0.41968911917098445,Right,41.97
W073,365,2,0.13471502590673576,Violation,13.47
W073,366,1,0.4577259475218659,Right,45.77
W073,366,0,0.43440233236151604,Left,43.44
W073,366,2,0.10787172011661808,Violation,10.79
W073,367,1,0.475,Right,47.5
W073,367,0,0.41785714285714287,Left,41.79
W073,367,2,0.10714285714285714,Violation,10.71
W073,368,0,0.4479768786127168,Left,44.8
W073,368,1,0.430635838150289,Right,43.06
W073,368,2,0.12138728323699421,Violation,12.14
W073,369,0,0.4405144694533762,Left,44.05
W073,369,1,0.42443729903536975,Right,42.44
W073,369,2,0.13504823151125403,Violation,13.5
W073,370,0,0.5031446540880503,Left,50.31
W073,370,1,0.37735849056603776,Right,37.74
W073,370,2,0.11949685534591195,Violation,11.95
W073,371,0,0.4507042253521127,Left,45.07
W073,371,1,0.4225352112676056,Right,42.25
W073,371,2,0.1267605633802817,Violation,12.68
W073,372,1,0.4636363636363636,Right,46.36
W073,372,0,0.43636363636363634,Left,43.64
W073,372,2,0.1,Violation,10.0
W073,373,0,0.46537396121883656,Left,46.54
W073,373,1,0.43213296398891965,Right,43.21
W073,373,2,0.10249307479224377,Violation,10.25
W073,374,1,0.4501510574018127,Right,45.02
W073,374,0,0.4350453172205438,Left,43.5
W073,374,2,0.1148036253776435,Violation,11.48
W073,375,0,0.45244956772334294,Left,45.24
W073,375,1,0.4092219020172911,Right,40.92
W073,375,2,0.138328530259366,Violation,13.83
W073,376,1,0.4909090909090909,Right,49.09
W073,376,0,0.3890909090909091,Left,38.91
W073,376,2,0.12,Violation,12.0
W073,377,0,0.44642857142857145,Left,44.64
W073,377,1,0.38095238095238093,Right,38.1
W073,377,2,0.17261904761904762,Violation,17.26
W073,378,0,0.46502057613168724,Left,46.5
W073,378,1,0.3950617283950617,Right,39.51
W073,378,2,0.13991769547325103,Violation,13.99
W073,379,1,0.436426116838488,Right,43.64
W073,379,0,0.3642611683848797,Left,36.43
W073,379,2,0.19931271477663232,Violation,19.93
W073,380,0,0.44385026737967914,Left,44.39
W073,380,1,0.39037433155080214,Right,39.04
W073,380,2,0.1657754010695187,Violation,16.58
W073,381,0,0.4183168316831683,Left,41.83
W073,381,1,0.4183168316831683,Right,41.83
W073,381,2,0.16336633663366337,Violation,16.34
W073,382,1,0.4738562091503268,Right,47.39
W073,382,0,0.4117647058823529,Left,41.18
W073,382,2,0.11437908496732026,Violation,11.44
W073,383,0,0.4584527220630373,Left,45.85
W073,383,1,0.4269340974212034,Right,42.69
W073,383,2,0.11461318051575932,Violation,11.46
W073,384,0,0.43728813559322033,Left,43.73
W073,384,1,0.4101694915254237,Right,41.02
W073,384,2,0.15254237288135594,Violation,15.25
W073,385,1,0.47330960854092524,Right,47.33
W073,385,0,0.4234875444839858,Left,42.35
W073,385,2,0.10320284697508897,Violation,10.32
W073,386,1,0.4478021978021978,Right,44.78
W073,386,0,0.43131868131868134,Left,43.13
W073,386,2,0.12087912087912088,Violation,12.09
W073,387,0,0.47720364741641336,Left,47.72
W073,387,1,0.4072948328267477,Right,40.73
W073,387,2,0.11550151975683891,Violation,11.55
W073,388,0,0.46494464944649444,Left,46.49
W073,388,1,0.3948339483394834,Right,39.48
W073,388,2,0.14022140221402213,Violation,14.02
W073,389,0,0.4778761061946903,Left,47.79
W073,389,1,0.4306784660766962,Right,43.07
W073,389,2,0.09144542772861357,Violation,9.14
W073,390,0,0.4254658385093168,Left,42.55
W073,390,1,0.4254658385093168,Right,42.55
W073,390,2,0.14906832298136646,Violation,14.91
W073,391,1,0.47560975609756095,Right,47.56
W073,391,0,0.34959349593495936,Left,34.96
W073,391,2,0.17479674796747968,Violation,17.48
W073,392,0,0.46502057613168724,Left,46.5
W073,392,1,0.4444444444444444,Right,44.44
W073,392,2,0.09053497942386832,Violation,9.05
W073,393,0,0.47058823529411764,Left,47.06
W073,393,1,0.37058823529411766,Right,37.06
W073,393,2,0.1588235294117647,Violation,15.88
W073,394,0,0.48026315789473684,Left,48.03
W073,394,1,0.40131578947368424,Right,40.13
W073,394,2,0.11842105263157894,Violation,11.84
W073,395,1,0.46397694524495675,Right,46.4
W073,395,0,0.42363112391930835,Left,42.36
W073,395,2,0.11239193083573487,Violation,11.24
W073,396,0,0.44571428571428573,Left,44.57
W073,396,1,0.4057142857142857,Right,40.57
W073,396,2,0.14857142857142858,Violation,14.86
W073,397,1,0.46994535519125685,Right,46.99
W073,397,0,0.42349726775956287,Left,42.35
W073,397,2,0.10655737704918032,Violation,10.66
W073,398,1,0.4401294498381877,Right,44.01
W073,398,0,0.4368932038834951,Left,43.69
W073,398,2,0.12297734627831715,Violation,12.3
W073,399,0,0.46959459459459457,Left,46.96
W073,399,1,0.43243243243243246,Right,43.24
W073,399,2,0.09797297297297297,Violation,9.8
W073,400,1,0.45454545454545453,Right,45.45
W073,400,0,0.42245989304812837,Left,42.25
W073,400,2,0.12299465240641712,Violation,12.3
W073,401,1,0.46742209631728043,Right,46.74
W073,401,0,0.42492917847025496,Left,42.49
W073,401,2,0.10764872521246459,Violation,10.76
W073,402,0,0.45110410094637227,Left,45.11
W073,402,1,0.42586750788643535,Right,42.59
W073,402,2,0.12302839116719243,Violation,12.3
W073,403,1,0.44662921348314605,Right,44.66
W073,403,0,0.43820224719101125,Left,43.82
W073,403,2,0.1151685393258427,Violation,11.52
W073,404,0,0.46981627296587924,Left,46.98
W073,404,1,0.45931758530183725,Right,45.93
W073,404,2,0.07086614173228346,Violation,7.09
W073,405,0,0.46418338108882523,Left,46.42
W073,405,1,0.4269340974212034,Right,42.69
W073,405,2,0.10888252148997135,Violation,10.89
W073,406,1,0.49595687331536387,Right,49.6
W073,406,0,0.42587601078167114,Left,42.59
W073,406,2,0.07816711590296496,Violation,7.82
W073,407,1,0.44680851063829785,Right,44.68
W073,407,0,0.425531914893617,Left,42.55
W073,407,2,0.1276595744680851,Violation,12.77
W073,408,0,0.47075208913649025,Left,47.08
W073,408,1,0.45125348189415043,Right,45.13
W073,408,2,0.07799442896935933,Violation,7.8
W073,409,1,0.4911242603550296,Right,49.11
W073,409,0,0.4437869822485207,Left,44.38
W073,409,2,0.0650887573964497,Violation,6.51
W073,410,1,0.47229551451187335,Right,47.23
W073,410,0,0.43271767810026385,Left,43.27
W073,410,2,0.09498680738786279,Violation,9.5
W073,411,0,0.4603174603174603,Left,46.03
W073,411,1,0.43492063492063493,Right,43.49
W073,411,2,0.10476190476190476,Violation,10.48
W073,412,1,0.4565916398713826,Right,45.66
W073,412,0,0.43086816720257237,Left,43.09
W073,412,2,0.11254019292604502,Violation,11.25
W073,413,1,0.44357976653696496,Right,44.36
W073,413,0,0.42023346303501946,Left,42.02
W073,413,2,0.13618677042801555,Violation,13.62
W073,414,1,0.453416149068323,Right,45.34
W073,414,0,0.4161490683229814,Left,41.61
W073,414,2,0.13043478260869565,Violation,13.04
W073,415,1,0.4557823129251701,Right,45.58
W073,415,0,0.42517006802721086,Left,42.52
W073,415,2,0.11904761904761904,Violation,11.9
W073,416,1,0.43354430379746833,Right,43.35
W073,416,0,0.43037974683544306,Left,43.04
W073,416,2,0.1360759493670886,Violation,13.61
W073,417,1,0.4680232558139535,Right,46.8
W073,417,0,0.436046511627907,Left,43.6
W073,417,2,0.09593023255813954,Violation,9.59
W073,418,1,0.4470899470899471,Right,44.71
W073,418,0,0.4312169312169312,Left,43.12
W073,418,2,0.12169312169312169,Violation,12.17
W073,419,1,0.44673539518900346,Right,44.67
W073,419,0,0.42955326460481097,Left,42.96
W073,419,2,0.12371134020618557,Violation,12.37
W073,420,0,0.47318611987381703,Left,47.32
W073,420,1,0.47003154574132494,Right,47.0
W073,420,2,0.056782334384858045,Violation,5.68
W073,421,1,0.4697802197802198,Right,46.98
W073,421,0,0.4258241758241758,Left,42.58
W073,421,2,0.1043956043956044,Violation,10.44
W073,422,1,0.4472934472934473,Right,44.73
W073,422,0,0.4358974358974359,Left,43.59
W073,422,2,0.1168091168091168,Violation,11.68
W073,423,1,0.4501510574018127,Right,45.02
W073,423,0,0.4350453172205438,Left,43.5
W073,423,2,0.1148036253776435,Violation,11.48
W073,424,1,0.45454545454545453,Right,45.45
W073,424,0,0.4166666666666667,Left,41.67
W073,424,2,0.12878787878787878,Violation,12.88
W073,425,1,0.47802197802197804,Right,47.8
W073,425,0,0.4010989010989011,Left,40.11
W073,425,2,0.12087912087912088,Violation,12.09
W073,426,0,0.46546546546546547,Left,46.55
W073,426,1,0.44744744744744747,Right,44.74
W073,426,2,0.08708708708708708,Violation,8.71
W073,427,1,0.44609665427509293,Right,44.61
W073,427,0,0.40892193308550184,Left,40.89
W073,427,2,0.1449814126394052,Violation,14.5
W073,428,1,0.45936395759717313,Right,45.94
W073,428,0,0.4028268551236749,Left,40.28
W073,428,2,0.13780918727915195,Violation,13.78
W073,429,0,0.4452054794520548,Left,44.52
W073,429,1,0.3938356164383562,Right,39.38
W073,429,2,0.16095890410958905,Violation,16.1
W073,430,0,0.45228215767634855,Left,45.23
W073,430,1,0.43568464730290457,Right,43.57
W073,430,2,0.11203319502074689,Violation,11.2
W073,431,1,0.45985401459854014,Right,45.99
W073,431,0,0.38321167883211676,Left,38.32
W073,431,2,0.15693430656934307,Violation,15.69
W073,432,0,0.4485294117647059,Left,44.85
W073,432,1,0.3897058823529412,Right,38.97
W073,432,2,0.16176470588235295,Violation,16.18
W073,433,0,0.4591194968553459,Left,45.91
W073,433,1,0.4276729559748428,Right,42.77
W073,433,2,0.11320754716981132,Violation,11.32
W073,434,1,0.4675324675324675,Right,46.75
W073,434,0,0.44155844155844154,Left,44.16
W073,434,2,0.09090909090909091,Violation,9.09
W073,435,1,0.4440894568690096,Right,44.41
W073,435,0,0.4249201277955272,Left,42.49
W073,435,2,0.13099041533546327,Violation,13.1
W073,436,0,0.43190661478599224,Left,43.19
W073,436,1,0.4046692607003891,Right,40.47
W073,436,2,0.16342412451361868,Violation,16.34
W073,437,1,0.45051194539249145,Right,45.05
W073,437,0,0.3993174061433447,Left,39.93
W073,437,2,0.15017064846416384,Violation,15.02
W073,438,1,0.41025641025641024,Right,41.03
W073,438,0,0.3814102564102564,Left,38.14
W073,438,2,0.20833333333333334,Violation,20.83
W073,439,1,0.4200743494423792,Right,42.01
W073,439,0,0.39776951672862454,Left,39.78
W073,439,2,0.1821561338289963,Violation,18.22
W073,440,1,0.4686192468619247,Right,46.86
W073,440,0,0.36401673640167365,Left,36.4
W073,440,2,0.16736401673640167,Violation,16.74
W073,441,1,0.47440273037542663,Right,47.44
W073,441,0,0.4129692832764505,Left,41.3
W073,441,2,0.11262798634812286,Violation,11.26
W073,442,1,0.45,Right,45.0
W073,442,0,0.4235294117647059,Left,42.35
W073,442,2,0.1264705882352941,Violation,12.65
W073,443,1,0.42587601078167114,Right,42.59
W073,443,0,0.39622641509433965,Left,39.62
W073,443,2,0.1778975741239892,Violation,17.79
W073,444,1,0.42606516290726815,Right,42.61
W073,444,0,0.42355889724310775,Left,42.36
W073,444,2,0.15037593984962405,Violation,15.04
W073,445,1,0.49291784702549574,Right,49.29
W073,445,0,0.3881019830028329,Left,38.81
W073,445,2,0.11898016997167139,Violation,11.9
W073,446,0,0.46786632390745503,Left,46.79
W073,446,1,0.41645244215938304,Right,41.65
W073,446,2,0.11568123393316196,Violation,11.57
W073,447,0,0.4697802197802198,Left,46.98
W073,447,1,0.39285714285714285,Right,39.29
W073,447,2,0.13736263736263737,Violation,13.74
W073,448,0,0.44108761329305135,Left,44.11
W073,448,1,0.44108761329305135,Right,44.11
W073,448,2,0.11782477341389729,Violation,11.78
W073,449,1,0.4869791666666667,Right,48.7
W073,449,0,0.3828125,Left,38.28
W073,449,2,0.13020833333333334,Violation,13.02
W073,450,1,0.41216216216216217,Right,41.22
W073,450,0,0.36486486486486486,Left,36.49
W073,450,2,0.22297297297297297,Violation,22.3
W073,451,1,0.4337078651685393,Right,43.37
W073,451,0,0.3887640449438202,Left,38.88
W073,451,2,0.17752808988764046,Violation,17.75
W073,452,0,0.4435028248587571,Left,44.35
W073,452,1,0.4378531073446328,Right,43.79
W073,452,2,0.11864406779661017,Violation,11.86
W073,453,0,0.4527777777777778,Left,45.28
W073,453,1,0.4388888888888889,Right,43.89
W073,453,2,0.10833333333333334,Violation,10.83
W073,454,1,0.42776203966005666,Right,42.78
W073,454,0,0.4192634560906516,Left,41.93
W073,454,2,0.1529745042492918,Violation,15.3
W073,455,1,0.48936170212765956,Right,48.94
W073,455,0,0.4133738601823708,Left,41.34
W073,455,2,0.0972644376899696,Violation,9.73
W073,456,0,0.48104956268221577,Left,48.1
W073,456,1,0.41690962099125367,Right,41.69
W073,456,2,0.10204081632653061,Violation,10.2
W073,457,1,0.4609164420485175,Right,46.09
W073,457,0,0.42048517520215634,Left,42.05
W073,457,2,0.11859838274932614,Violation,11.86
W073,458,1,0.48195876288659795,Right,48.2
W073,458,0,0.4175257731958763,Left,41.75
W073,458,2,0.10051546391752578,Violation,10.05
W073,459,1,0.47527472527472525,Right,47.53
W073,459,0,0.42032967032967034,Left,42.03
W073,459,2,0.1043956043956044,Violation,10.44
W073,460,1,0.4764705882352941,Right,47.65
W073,460,0,0.39705882352941174,Left,39.71
W073,460,2,0.1264705882352941,Violation,12.65
W073,461,1,0.45478723404255317,Right,45.48
W073,461,0,0.42819148936170215,Left,42.82
W073,461,2,0.11702127659574468,Violation,11.7
W073,462,1,0.46113989637305697,Right,46.11
W073,462,0,0.4067357512953368,Left,40.67
W073,462,2,0.13212435233160622,Violation,13.21
W073,463,1,0.4609164420485175,Right,46.09
W073,463,0,0.4123989218328841,Left,41.24
W073,463,2,0.12668463611859837,Violation,12.67
W073,464,0,0.42857142857142855,Left,42.86
W073,464,1,0.4227405247813411,Right,42.27
W073,464,2,0.14868804664723032,Violation,14.87
W073,465,1,0.43799472295514513,Right,43.8
W073,465,0,0.42744063324538256,Left,42.74
W073,465,2,0.1345646437994723,Violation,13.46
W073,466,0,0.43130990415335463,Left,43.13
W073,466,1,0.38977635782747605,Right,38.98
W073,466,2,0.17891373801916932,Violation,17.89
W073,467,1,0.4194528875379939,Right,41.95
W073,467,0,0.41641337386018235,Left,41.64
W073,467,2,0.1641337386018237,Violation,16.41
W073,468,1,0.43515850144092216,Right,43.52
W073,468,0,0.41210374639769454,Left,41.21
W073,468,2,0.15273775216138327,Violation,15.27
W073,469,1,0.46742209631728043,Right,46.74
W073,469,0,0.36827195467422097,Left,36.83
W073,469,2,0.1643059490084986,Violation,16.43
W073,470,0,0.44662921348314605,Left,44.66
W073,470,1,0.43820224719101125,Right,43.82
W073,470,2,0.1151685393258427,Violation,11.52
W073,471,1,0.4419753086419753,Right,44.2
W073,471,0,0.42962962962962964,Left,42.96
W073,471,2,0.12839506172839507,Violation,12.84
W073,472,1,0.4596100278551532,Right,45.96
W073,472,0,0.37604456824512533,Left,37.6
W073,472,2,0.16434540389972144,Violation,16.43
W073,473,1,0.4421364985163205,Right,44.21
W073,473,0,0.4124629080118694,Left,41.25
W073,473,2,0.14540059347181009,Violation,14.54
W073,474,1,0.4518950437317784,Right,45.19
W073,474,0,0.44314868804664725,Left,44.31
W073,474,2,0.10495626822157435,Violation,10.5
W073,475,1,0.46458923512747874,Right,46.46
W073,475,0,0.38243626062322944,Left,38.24
W073,475,2,0.1529745042492918,Violation,15.3
W073,476,1,0.4677871148459384,Right,46.78
W073,476,0,0.4061624649859944,Left,40.62
W073,476,2,0.12605042016806722,Violation,12.61
W073,477,1,0.46770025839793283,Right,46.77
W073,477,0,0.3772609819121447,Left,37.73
W073,477,2,0.15503875968992248,Violation,15.5
W073,478,1,0.4657142857142857,Right,46.57
W073,478,0,0.3657142857142857,Left,36.57
W073,478,2,0.16857142857142857,Violation,16.86
W073,479,1,0.4294117647058823,Right,42.94
W073,479,0,0.4264705882352941,Left,42.65
W073,479,2,0.14411764705882352,Violation,14.41
W073,480,1,0.44168734491315137,Right,44.17
W073,480,0,0.41687344913151364,Left,41.69
W073,480,2,0.141439205955335,Violation,14.14
W073,481,1,0.45741324921135645,Right,45.74
W073,481,0,0.416403785488959,Left,41.64
W073,481,2,0.12618296529968454,Violation,12.62
W073,482,1,0.4378531073446328,Right,43.79
W073,482,0,0.4293785310734463,Left,42.94
W073,482,2,0.1327683615819209,Violation,13.28
W073,483,1,0.4540229885057471,Right,45.4
W073,483,0,0.40804597701149425,Left,40.8
W073,483,2,0.13793103448275862,Violation,13.79
W073,484,1,0.484149855907781,Right,48.41
W073,484,0,0.4092219020172911,Left,40.92
W073,484,2,0.10662824207492795,Violation,10.66
W073,485,1,0.47619047619047616,Right,47.62
W073,485,0,0.42424242424242425,Left,42.42
W073,485,2,0.09956709956709957,Violation,9.96
W073,487,0,0.4116161616161616,Left,41.16
W073,487,1,0.40404040404040403,Right,40.4
W073,487,2,0.18434343434343434,Violation,18.43
W073,488,1,0.43315508021390375,Right,43.32
W073,488,0,0.41711229946524064,Left,41.71
W073,488,2,0.1497326203208556,Violation,14.97
W073,489,0,0.4274193548387097,Left,42.74
W073,489,1,0.4032258064516129,Right,40.32
W073,489,2,0.1693548387096774,Violation,16.94
W073,490,1,0.45979899497487436,Right,45.98
W073,490,0,0.40703517587939697,Left,40.7
W073,490,2,0.13316582914572864,Violation,13.32
W073,491,1,0.486284289276808,Right,48.63
W073,491,0,0.4114713216957606,Left,41.15
W073,491,2,0.10224438902743142,Violation,10.22
W073,492,0,0.4441489361702128,Left,44.41
W073,492,1,0.425531914893617,Right,42.55
W073,492,2,0.13031914893617022,Violation,13.03
W073,493,1,0.4639175257731959,Right,46.39
W073,493,0,0.41237113402061853,Left,41.24
W073,493,2,0.12371134020618557,Violation,12.37
W073,494,0,0.4657039711191336,Left,46.57
W073,494,1,0.4187725631768953,Right,41.88
W073,494,2,0.11552346570397112,Violation,11.55
W073,495,1,0.4419889502762431,Right,44.2
W073,495,0,0.430939226519337,Left,43.09
W073,495,2,0.1270718232044199,Violation,12.71
W073,496,1,0.3884297520661157,Right,38.84
W073,496,0,0.34710743801652894,Left,34.71
W073,496,2,0.2644628099173554,Violation,26.45
W073,497,1,0.4381625441696113,Right,43.82
W073,497,0,0.4275618374558304,Left,42.76
W073,497,2,0.13427561837455831,Violation,13.43
W073,498,0,0.4296577946768061,Left,42.97
W073,498,1,0.4068441064638783,Right,40.68
W073,498,2,0.1634980988593156,Violation,16.35
W073,499,0,0.48258706467661694,Left,48.26
W073,499,1,0.42786069651741293,Right,42.79
W073,499,2,0.08955223880597014,Violation,8.96
W073,500,1,0.47619047619047616,Right,47.62
W073,500,0,0.38961038961038963,Left,38.96
W073,500,2,0.1341991341991342,Violation,13.42
W073,501,0,0.4627659574468085,Left,46.28
W073,501,1,0.40425531914893614,Right,40.43
W073,501,2,0.13297872340425532,Violation,13.3
W073,502,1,0.43866171003717475,Right,43.87
W073,502,0,0.40148698884758366,Left,40.15
W073,502,2,0.15985130111524162,Violation,15.99
W073,503,0,0.4260089686098655,Left,42.6
W073,503,1,0.4260089686098655,Right,42.6
W073,503,2,0.14798206278026907,Violation,14.8
W073,504,0,0.4489795918367347,Left,44.9
W073,504,1,0.4336734693877551,Right,43.37
W073,504,2,0.11734693877551021,Violation,11.73
W073,505,0,0.4326923076923077,Left,43.27
W073,505,1,0.40384615384615385,Right,40.38
W073,505,2,0.16346153846153846,Violation,16.35
W073,506,0,0.47417840375586856,Left,47.42
W073,506,1,0.39906103286384975,Right,39.91
W073,506,2,0.1267605633802817,Violation,12.68
W073,507,0,0.41830065359477125,Left,41.83
W073,507,1,0.39869281045751637,Right,39.87
W073,507,2,0.1830065359477124,Violation,18.3
W073,508,0,0.4603174603174603,Left,46.03
W073,508,1,0.40476190476190477,Right,40.48
W073,508,2,0.1349206349206349,Violation,13.49
W073,509,1,0.46153846153846156,Right,46.15
W073,509,0,0.3803418803418803,Left,38.03
W073,509,2,0.1581196581196581,Violation,15.81
W073,510,1,0.463302752293578,Right,46.33
W073,510,0,0.42201834862385323,Left,42.2
W073,510,2,0.11467889908256881,Violation,11.47
W073,511,1,0.45701357466063347,Right,45.7
W073,511,0,0.4117647058823529,Left,41.18
W073,511,2,0.13122171945701358,Violation,13.12
W073,512,0,0.51010101010101,Left,51.01
W073,512,1,0.3888888888888889,Right,38.89
W073,512,2,0.10101010101010101,Violation,10.1
W073,513,1,0.43243243243243246,Right,43.24
W073,513,0,0.42702702702702705,Left,42.7
W073,513,2,0.14054054054054055,Violation,14.05
W073,514,0,0.4271356783919598,Left,42.71
W073,514,1,0.4271356783919598,Right,42.71
W073,514,2,0.1457286432160804,Violation,14.57
W073,515,1,0.4394904458598726,Right,43.95
W073,515,0,0.36942675159235666,Left,36.94
W073,515,2,0.1910828025477707,Violation,19.11
W073,516,0,0.437984496124031,Left,43.8
W073,516,1,0.40310077519379844,Right,40.31
W073,516,2,0.15891472868217055,Violation,15.89
W073,517,1,0.4384057971014493,Right,43.84
W073,517,0,0.3804347826086957,Left,38.04
W073,517,2,0.18115942028985507,Violation,18.12
W073,518,1,0.49344978165938863,Right,49.34
W073,518,0,0.4410480349344978,Left,44.1
W073,518,2,0.06550218340611354,Violation,6.55
W073,520,1,0.47643979057591623,Right,47.64
W073,520,0,0.3298429319371728,Left,32.98
W073,520,2,0.193717277486911,Violation,19.37
W073,521,0,0.4358974358974359,Left,43.59
W073,521,1,0.36538461538461536,Right,36.54
W073,521,2,0.1987179487179487,Violation,19.87
W073,523,1,0.3958333333333333,Right,39.58
W073,523,0,0.3697916666666667,Left,36.98
W073,523,2,0.234375,Violation,23.44
W073,524,0,0.4166666666666667,Left,41.67
W073,524,1,0.4131944444444444,Right,41.32
W073,524,2,0.1701388888888889,Violation,17.01
W073,525,1,0.44642857142857145,Right,44.64
W073,525,0,0.4107142857142857,Left,41.07
W073,525,2,0.14285714285714285,Violation,14.29
W073,526,0,0.4491017964071856,Left,44.91
W073,526,1,0.3652694610778443,Right,36.53
W073,526,2,0.18562874251497005,Violation,18.56
W073,527,0,0.4090909090909091,Left,40.91
W073,527,1,0.4090909090909091,Right,40.91
W073,527,2,0.18181818181818182,Violation,18.18
W073,528,0,0.4495798319327731,Left,44.96
W073,528,1,0.3949579831932773,Right,39.5
W073,528,2,0.15546218487394958,Violation,15.55
W073,529,0,0.48792270531400966,Left,48.79
W073,529,1,0.43478260869565216,Right,43.48
W073,529,2,0.07729468599033816,Violation,7.73
W073,530,1,0.4461538461538462,Right,44.62
W073,530,0,0.40512820512820513,Left,40.51
W073,530,2,0.14871794871794872,Violation,14.87
W073,531,1,0.4426229508196721,Right,44.26
W073,531,0,0.3770491803278688,Left,37.7
W073,531,2,0.18032786885245902,Violation,18.03
W073,532,1,0.4488888888888889,Right,44.89
W073,532,0,0.38666666666666666,Left,38.67
W073,532,2,0.16444444444444445,Violation,16.44
W073,533,1,0.4370629370629371,Right,43.71
W073,533,0,0.3986013986013986,Left,39.86
W073,533,2,0.16433566433566432,Violation,16.43
W073,534,1,0.4808510638297872,Right,48.09
W073,534,0,0.4,Left,40.0
W073,534,2,0.11914893617021277,Violation,11.91
W073,535,0,0.4482758620689655,Left,44.83
W073,535,1,0.41379310344827586,Right,41.38
W073,535,2,0.13793103448275862,Violation,13.79
W073,536,0,0.44075829383886256,Left,44.08
W073,536,1,0.43601895734597157,Right,43.6
W073,536,2,0.12322274881516587,Violation,12.32
W073,537,1,0.45701357466063347,Right,45.7
W073,537,0,0.4479638009049774,Left,44.8
W073,537,2,0.09502262443438914,Violation,9.5
W073,538,0,0.4483985765124555,Left,44.84
W073,538,1,0.4234875444839858,Right,42.35
W073,538,2,0.12811387900355872,Violation,12.81
W073,539,0,0.40239043824701193,Left,40.24
W073,539,1,0.38247011952191234,Right,38.25
W073,539,2,0.2151394422310757,Violation,21.51
W073,540,0,0.46774193548387094,Left,46.77
W073,540,1,0.3978494623655914,Right,39.78
W073,540,2,0.13440860215053763,Violation,13.44
W073,541,1,0.43243243243243246,Right,43.24
W073,541,0,0.3783783783783784,Left,37.84
W073,541,2,0.1891891891891892,Violation,18.92
W073,542,0,0.42,Left,42.0
W073,542,1,0.405,Right,40.5
W073,542,2,0.175,Violation,17.5
W073,543,1,0.462882096069869,Right,46.29
W073,543,0,0.4148471615720524,Left,41.48
W073,543,2,0.1222707423580786,Violation,12.23
W073,544,1,0.4606741573033708,Right,46.07
W073,544,0,0.40823970037453183,Left,40.82
W073,544,2,0.13108614232209737,Violation,13.11
W073,545,1,0.44642857142857145,Right,44.64
W073,545,0,0.4107142857142857,Left,41.07
W073,545,2,0.14285714285714285,Violation,14.29
W073,546,1,0.4326241134751773,Right,43.26
W073,546,0,0.41843971631205673,Left,41.84
W073,546,2,0.14893617021276595,Violation,14.89
W073,547,0,0.4181184668989547,Left,41.81
W073,547,1,0.40069686411149824,Right,40.07
W073,547,2,0.18118466898954705,Violation,18.12
W073,548,1,0.43190661478599224,Right,43.19
W073,548,0,0.4085603112840467,Left,40.86
W073,548,2,0.15953307392996108,Violation,15.95
W073,549,0,0.5,Left,50.0
W073,549,1,0.39285714285714285,Right,39.29
W073,549,2,0.10714285714285714,Violation,10.71
W073,550,0,0.4224137931034483,Left,42.24
W073,550,1,0.4224137931034483,Right,42.24
W073,550,2,0.15517241379310345,Violation,15.52
W073,551,1,0.468,Right,46.8
W073,551,0,0.424,Left,42.4
W073,551,2,0.108,Violation,10.8
W073,552,0,0.45714285714285713,Left,45.71
W073,552,1,0.4222222222222222,Right,42.22
W073,552,2,0.12063492063492064,Violation,12.06
W073,553,1,0.452755905511811,Right,45.28
W073,553,0,0.3858267716535433,Left,38.58
W073,553,2,0.16141732283464566,Violation,16.14
W073,554,1,0.46311475409836067,Right,46.31
W073,554,0,0.3975409836065574,Left,39.75
W073,554,2,0.13934426229508196,Violation,13.93
W073,555,0,0.4180327868852459,Left,41.8
W073,555,1,0.4139344262295082,Right,41.39
W073,555,2,0.1680327868852459,Violation,16.8
W073,556,0,0.4305555555555556,Left,43.06
W073,556,1,0.4305555555555556,Right,43.06
W073,556,2,0.1388888888888889,Violation,13.89
W073,557,0,0.4521276595744681,Left,45.21
W073,557,1,0.4308510638297872,Right,43.09
W073,557,2,0.11702127659574468,Violation,11.7
W073,558,1,0.4652014652014652,Right,46.52
W073,558,0,0.41025641025641024,Left,41.03
W073,558,2,0.12454212454212454,Violation,12.45
W073,559,1,0.4578313253012048,Right,45.78
W073,559,0,0.4367469879518072,Left,43.67
W073,559,2,0.10542168674698796,Violation,10.54
W073,560,0,0.4171974522292994,Left,41.72
W073,560,1,0.4140127388535032,Right,41.4
W073,560,2,0.16878980891719744,Violation,16.88
W073,561,0,0.4527027027027027,Left,45.27
W073,561,1,0.40878378378378377,Right,40.88
W073,561,2,0.13851351351351351,Violation,13.85
W073,562,1,0.4368231046931408,Right,43.68
W073,562,0,0.4187725631768953,Left,41.88
W073,562,2,0.1444043321299639,Violation,14.44
W073,563,1,0.43205574912891986,Right,43.21
W073,563,0,0.42160278745644597,Left,42.16
W073,563,2,0.14634146341463414,Violation,14.63
W073,564,1,0.44666666666666666,Right,44.67
W073,564,0,0.4166666666666667,Left,41.67
W073,564,2,0.13666666666666666,Violation,13.67
W073,565,1,0.4570446735395189,Right,45.7
W073,565,0,0.39862542955326463,Left,39.86
W073,565,2,0.14432989690721648,Violation,14.43
W073,566,1,0.42916666666666664,Right,42.92
W073,566,0,0.4083333333333333,Left,40.83
W073,566,2,0.1625,Violation,16.25
W073,567,0,0.4302788844621514,Left,43.03
W073,567,1,0.42231075697211157,Right,42.23
W073,567,2,0.14741035856573706,Violation,14.74
W073,568,0,0.41312741312741313,Left,41.31
W073,568,1,0.41312741312741313,Right,41.31
W073,568,2,0.17374517374517376,Violation,17.37
W073,569,1,0.46959459459459457,Right,46.96
W073,569,0,0.4189189189189189,Left,41.89
W073,569,2,0.11148648648648649,Violation,11.15
W073,570,0,0.47058823529411764,Left,47.06
W073,570,1,0.3715170278637771,Right,37.15
W073,570,2,0.15789473684210525,Violation,15.79
W073,571,0,0.46179401993355484,Left,46.18
W073,571,1,0.4186046511627907,Right,41.86
W073,571,2,0.11960132890365449,Violation,11.96
W073,572,1,0.494949494949495,Right,49.49
W073,572,0,0.41414141414141414,Left,41.41
W073,572,2,0.09090909090909091,Violation,9.09
W073,573,1,0.4694533762057878,Right,46.95
W073,573,0,0.4340836012861736,Left,43.41
W073,573,2,0.09646302250803858,Violation,9.65
W073,574,1,0.4628975265017668,Right,46.29
W073,574,0,0.3957597173144876,Left,39.58
W073,574,2,0.1413427561837456,Violation,14.13
W073,575,0,0.4666666666666667,Left,46.67
W073,575,1,0.43333333333333335,Right,43.33
W073,575,2,0.1,Violation,10.0
W073,576,0,0.41420118343195267,Left,41.42
W073,576,1,0.41124260355029585,Right,41.12
W073,576,2,0.17455621301775148,Violation,17.46
W073,577,0,0.4722222222222222,Left,47.22
W073,577,1,0.4523809523809524,Right,45.24
W073,577,2,0.07539682539682539,Violation,7.54
W073,578,0,0.45595854922279794,Left,45.6
W073,578,1,0.41450777202072536,Right,41.45
W073,578,2,0.12953367875647667,Violation,12.95
W073,579,0,0.4540059347181009,Left,45.4
W073,579,1,0.4362017804154303,Right,43.62
W073,579,2,0.10979228486646884,Violation,10.98
W073,580,0,0.43902439024390244,Left,43.9
W073,580,1,0.43597560975609756,Right,43.6
W073,580,2,0.125,Violation,12.5
W073,581,0,0.45149253731343286,Left,45.15
W073,581,1,0.45149253731343286,Right,45.15
W073,581,2,0.09701492537313433,Violation,9.7
W073,582,1,0.4350453172205438,Right,43.5
W073,582,0,0.43202416918429004,Left,43.2
W073,582,2,0.13293051359516617,Violation,13.29
W073,583,1,0.45126353790613716,Right,45.13
W073,583,0,0.4296028880866426,Left,42.96
W073,583,2,0.11913357400722022,Violation,11.91
W073,584,0,0.45454545454545453,Left,45.45
W073,584,1,0.44919786096256686,Right,44.92
W073,584,2,0.0962566844919786,Violation,9.63
W073,585,1,0.44594594594594594,Right,44.59
W073,585,0,0.4391891891891892,Left,43.92
W073,585,2,0.11486486486486487,Violation,11.49
W073,586,0,0.47391304347826085,Left,47.39
W073,586,1,0.43043478260869567,Right,43.04
W073,586,2,0.09565217391304348,Violation,9.57
W073,587,1,0.44609665427509293,Right,44.61
W073,587,0,0.3643122676579926,Left,36.43
W073,587,2,0.1895910780669145,Violation,18.96
W073,588,1,0.4227405247813411,Right,42.27
W073,588,0,0.40233236151603496,Left,40.23
W073,588,2,0.1749271137026239,Violation,17.49
W073,589,0,0.4830188679245283,Left,48.3
W073,589,1,0.39622641509433965,Right,39.62
W073,589,2,0.12075471698113208,Violation,12.08
W073,590,1,0.4772727272727273,Right,47.73
W073,590,0,0.36688311688311687,Left,36.69
W073,590,2,0.15584415584415584,Violation,15.58
W073,591,1,0.5207547169811321,Right,52.08
W073,591,0,0.39245283018867927,Left,39.25
W073,591,2,0.08679245283018867,Violation,8.68
W073,592,0,0.44787644787644787,Left,44.79
W073,592,1,0.42084942084942084,Right,42.08
W073,592,2,0.13127413127413126,Violation,13.13
W073,593,1,0.43037974683544306,Right,43.04
W073,593,0,0.35443037974683544,Left,35.44
W073,593,2,0.21518987341772153,Violation,21.52
W073,594,1,0.44569288389513106,Right,44.57
W073,594,0,0.4157303370786517,Left,41.57
W073,594,2,0.13857677902621723,Violation,13.86
W073,595,1,0.44813278008298757,Right,44.81
W073,595,0,0.44398340248962653,Left,44.4
W073,595,2,0.1078838174273859,Violation,10.79
W073,596,1,0.45045045045045046,Right,45.05
W073,596,0,0.4099099099099099,Left,40.99
W073,596,2,0.13963963963963963,Violation,13.96
W073,597,1,0.4772727272727273,Right,47.73
W073,597,0,0.3939393939393939,Left,39.39
W073,597,2,0.12878787878787878,Violation,12.88
W073,598,0,0.4607142857142857,Left,46.07
W073,598,1,0.40714285714285714,Right,40.71
W073,598,2,0.13214285714285715,Violation,13.21
W073,599,0,0.4110429447852761,Left,41.1
W073,599,1,0.38650306748466257,Right,38.65
W073,599,2,0.20245398773006135,Violation,20.25
W073,600,0,0.42124542124542125,Left,42.12
W073,600,1,0.42124542124542125,Right,42.12
W073,600,2,0.1575091575091575,Violation,15.75
W073,601,0,0.48484848484848486,Left,48.48
W073,601,1,0.3977272727272727,Right,39.77
W073,601,2,0.11742424242424243,Violation,11.74
W073,602,1,0.49809885931558934,Right,49.81
W073,602,0,0.3840304182509506,Left,38.4
W073,602,2,0.11787072243346007,Violation,11.79
W073,603,0,0.4362934362934363,Left,43.63
W073,603,1,0.416988416988417,Right,41.7
W073,603,2,0.14671814671814673,Violation,14.67
W073,604,0,0.4592833876221498,Left,45.93
W073,604,1,0.44299674267100975,Right,44.3
W073,604,2,0.09771986970684039,Violation,9.77
W073,605,1,0.4420289855072464,Right,44.2
W073,605,0,0.42391304347826086,Left,42.39
W073,605,2,0.13405797101449277,Violation,13.41
W073,606,1,0.4646840148698885,Right,46.47
W073,606,0,0.39776951672862454,Left,39.78
W073,606,2,0.137546468401487,Violation,13.75
W073,607,0,0.43859649122807015,Left,43.86
W073,607,1,0.4298245614035088,Right,42.98
W073,607,2,0.13157894736842105,Violation,13.16
W073,608,0,0.4444444444444444,Left,44.44
W073,608,1,0.42063492063492064,Right,42.06
W073,608,2,0.1349206349206349,Violation,13.49
W073,609,1,0.41818181818181815,Right,41.82
W073,609,0,0.4,Left,40.0
W073,609,2,0.18181818181818182,Violation,18.18
W073,610,0,0.46616541353383456,Left,46.62
W073,610,1,0.424812030075188,Right,42.48
W073,610,2,0.10902255639097744,Violation,10.9
W073,611,1,0.4778156996587031,Right,47.78
W073,611,0,0.4129692832764505,Left,41.3
W073,611,2,0.10921501706484642,Violation,10.92
W073,612,0,0.4606413994169096,Left,46.06
W073,612,1,0.4314868804664723,Right,43.15
W073,612,2,0.10787172011661808,Violation,10.79
W073,613,0,0.46579804560260585,Left,46.58
W073,613,1,0.46254071661237783,Right,46.25
W073,613,2,0.07166123778501629,Violation,7.17
W073,614,0,0.46691176470588236,Left,46.69
W073,614,1,0.4522058823529412,Right,45.22
W073,614,2,0.08088235294117647,Violation,8.09
W073,615,0,0.45454545454545453,Left,45.45
W073,615,1,0.39920948616600793,Right,39.92
W073,615,2,0.14624505928853754,Violation,14.62
W073,616,0,0.47043010752688175,Left,47.04
W073,616,1,0.4274193548387097,Right,42.74
W073,616,2,0.10215053763440861,Violation,10.22
W073,617,0,0.4738372093023256,Left,47.38
W073,617,1,0.4563953488372093,Right,45.64
W073,617,2,0.06976744186046512,Violation,6.98
W073,618,1,0.46408839779005523,Right,46.41
W073,618,0,0.4281767955801105,Left,42.82
W073,618,2,0.10773480662983426,Violation,10.77
W073,619,1,0.45866666666666667,Right,45.87
W073,619,0,0.43466666666666665,Left,43.47
W073,619,2,0.10666666666666667,Violation,10.67
W073,620,1,0.4528301886792453,Right,45.28
W073,620,0,0.4363207547169811,Left,43.63
W073,620,2,0.11084905660377359,Violation,11.08
W073,621,1,0.45454545454545453,Right,45.45
W073,621,0,0.42513368983957217,Left,42.51
W073,621,2,0.12032085561497326,Violation,12.03
W073,622,1,0.4420289855072464,Right,44.2
W073,622,0,0.41545893719806765,Left,41.55
W073,622,2,0.14251207729468598,Violation,14.25
W073,623,1,0.5193798449612403,Right,51.94
W073,623,0,0.3798449612403101,Left,37.98
W073,623,2,0.10077519379844961,Violation,10.08
W073,624,0,0.45478723404255317,Left,45.48
W073,624,1,0.45478723404255317,Right,45.48
W073,624,2,0.09042553191489362,Violation,9.04
W073,625,1,0.47685185185185186,Right,47.69
W073,625,0,0.44675925925925924,Left,44.68
W073,625,2,0.0763888888888889,Violation,7.64
W073,626,0,0.43803418803418803,Left,43.8
W073,626,1,0.42948717948717946,Right,42.95
W073,626,2,0.13247863247863248,Violation,13.25
W073,627,1,0.4625,Right,46.25
W073,627,0,0.44375,Left,44.38
W073,627,2,0.09375,Violation,9.38
W073,628,1,0.4588235294117647,Right,45.88
W073,628,0,0.4470588235294118,Left,44.71
W073,628,2,0.09411764705882353,Violation,9.41
W073,629,0,0.4521158129175947,Left,45.21
W073,629,1,0.42761692650334077,Right,42.76
W073,629,2,0.12026726057906459,Violation,12.03
W073,630,0,0.4860335195530726,Left,48.6
W073,630,1,0.4134078212290503,Right,41.34
W073,630,2,0.1005586592178771,Violation,10.06
W073,631,1,0.4603960396039604,Right,46.04
W073,631,0,0.45544554455445546,Left,45.54
W073,631,2,0.08415841584158416,Violation,8.42
W073,632,0,0.4748201438848921,Left,47.48
W073,632,1,0.434052757793765,Right,43.41
W073,632,2,0.09112709832134293,Violation,9.11
W073,633,0,0.4442105263157895,Left,44.42
W073,633,1,0.4336842105263158,Right,43.37
W073,633,2,0.12210526315789473,Violation,12.21
W073,634,1,0.48739495798319327,Right,48.74
W073,634,0,0.3949579831932773,Left,39.5
W073,634,2,0.11764705882352941,Violation,11.76
W073,635,0,0.4601542416452442,Left,46.02
W073,635,1,0.39845758354755784,Right,39.85
W073,635,2,0.14138817480719795,Violation,14.14
W073,636,1,0.47030878859857483,Right,47.03
W073,636,0,0.4489311163895487,Left,44.89
W073,636,2,0.08076009501187649,Violation,8.08
W073,637,0,0.4411764705882353,Left,44.12
W073,637,1,0.4264705882352941,Right,42.65
W073,637,2,0.1323529411764706,Violation,13.24
W073,638,1,0.484,Right,48.4
W073,638,0,0.438,Left,43.8
W073,638,2,0.078,Violation,7.8
W073,639,1,0.462,Right,46.2
W073,639,0,0.434,Left,43.4
W073,639,2,0.104,Violation,10.4
W073,640,1,0.4681647940074906,Right,46.82
W073,640,0,0.43820224719101125,Left,43.82
W073,640,2,0.09363295880149813,Violation,9.36
W073,641,1,0.43790849673202614,Right,43.79
W073,641,0,0.4226579520697168,Left,42.27
W073,641,2,0.1394335511982571,Violation,13.94
W073,642,1,0.4046692607003891,Right,40.47
W073,642,0,0.4027237354085603,Left,40.27
W073,642,2,0.1926070038910506,Violation,19.26
W073,643,1,0.47254575707154745,Right,47.25
W073,643,0,0.3876871880199667,Left,38.77
W073,643,2,0.13976705490848584,Violation,13.98
W073,644,1,0.4471057884231537,Right,44.71
W073,644,0,0.43313373253493015,Left,43.31
W073,644,2,0.11976047904191617,Violation,11.98
W073,645,0,0.4460431654676259,Left,44.6
W073,645,1,0.4244604316546763,Right,42.45
W073,645,2,0.12949640287769784,Violation,12.95
W073,646,1,0.441233140655106,Right,44.12
W073,646,0,0.43545279383429675,Left,43.55
W073,646,2,0.1233140655105973,Violation,12.33
W073,647,0,0.4411177644710579,Left,44.11
W073,647,1,0.437125748502994,Right,43.71
W073,647,2,0.1217564870259481,Violation,12.18
W073,648,0,0.40591397849462363,Left,40.59
W073,648,1,0.34946236559139787,Right,34.95
W073,648,2,0.2446236559139785,Violation,24.46
W073,649,1,0.46226415094339623,Right,46.23
W073,649,0,0.41132075471698115,Left,41.13
W073,649,2,0.12641509433962264,Violation,12.64
W073,650,1,0.4925373134328358,Right,49.25
W073,650,0,0.41492537313432837,Left,41.49
W073,650,2,0.09253731343283582,Violation,9.25
W073,651,0,0.44145873320537427,Left,44.15
W073,651,1,0.4088291746641075,Right,40.88
W073,651,2,0.14971209213051823,Violation,14.97
W073,652,0,0.46611909650924027,Left,46.61
W073,652,1,0.4188911704312115,Right,41.89
W073,652,2,0.11498973305954825,Violation,11.5
W073,653,0,0.41141732283464566,Left,41.14
W073,653,1,0.40551181102362205,Right,40.55
W073,653,2,0.1830708661417323,Violation,18.31
W073,654,0,0.44656488549618323,Left,44.66
W073,654,1,0.40458015267175573,Right,40.46
W073,654,2,0.14885496183206107,Violation,14.89
W073,655,1,0.46629213483146065,Right,46.63
W073,655,0,0.41292134831460675,Left,41.29
W073,655,2,0.12078651685393259,Violation,12.08
W073,656,1,0.47769516728624534,Right,47.77
W073,656,0,0.4070631970260223,Left,40.71
W073,656,2,0.11524163568773234,Violation,11.52
W073,657,1,0.4377224199288256,Right,43.77
W073,657,0,0.43416370106761565,Left,43.42
W073,657,2,0.12811387900355872,Violation,12.81
W073,658,1,0.44567219152854515,Right,44.57
W073,658,0,0.3867403314917127,Left,38.67
W073,658,2,0.16758747697974216,Violation,16.76
W073,659,1,0.4715447154471545,Right,47.15
W073,659,0,0.3943089430894309,Left,39.43
W073,659,2,0.13414634146341464,Violation,13.41
W073,660,0,0.40307101727447214,Left,40.31
W073,660,1,0.39731285988483683,Right,39.73
W073,660,2,0.19961612284069097,Violation,19.96
W073,661,0,0.4033412887828162,Left,40.33
W073,661,1,0.38902147971360385,Right,38.9
W073,661,2,0.20763723150357996,Violation,20.76
W073,662,1,0.44676409185803756,Right,44.68
W073,662,0,0.42379958246346555,Left,42.38
W073,662,2,0.12943632567849686,Violation,12.94
W073,663,1,0.42418426103646834,Right,42.42
W073,663,0,0.4088291746641075,Left,40.88
W073,663,2,0.16698656429942418,Violation,16.7
W073,664,1,0.42745098039215684,Right,42.75
W073,664,0,0.4176470588235294,Left,41.76
W073,664,2,0.15490196078431373,Violation,15.49
W073,665,1,0.4455252918287938,Right,44.55
W073,665,0,0.4027237354085603,Left,40.27
W073,665,2,0.1517509727626459,Violation,15.18
W073,666,1,0.4533333333333333,Right,45.33
W073,666,0,0.41,Left,41.0
W073,666,2,0.13666666666666666,Violation,13.67
W073,667,1,0.41568627450980394,Right,41.57
W073,667,0,0.40980392156862744,Left,40.98
W073,667,2,0.17450980392156862,Violation,17.45
W073,668,1,0.44468546637744033,Right,44.47
W073,668,0,0.42733188720173537,Left,42.73
W073,668,2,0.1279826464208243,Violation,12.8
W073,669,1,0.43795620437956206,Right,43.8
W073,669,0,0.4324817518248175,Left,43.25
W073,669,2,0.12956204379562045,Violation,12.96
W073,670,0,0.4378818737270876,Left,43.79
W073,670,1,0.42973523421588594,Right,42.97
W073,670,2,0.13238289205702647,Violation,13.24
W073,671,1,0.42764578833693306,Right,42.76
W073,671,0,0.4190064794816415,Left,41.9
W073,671,2,0.15334773218142547,Violation,15.33
W073,672,0,0.4261682242990654,Left,42.62
W073,672,1,0.405607476635514,Right,40.56
W073,672,2,0.16822429906542055,Violation,16.82
W073,673,1,0.4185022026431718,Right,41.85
W073,673,0,0.3920704845814978,Left,39.21
W073,673,2,0.1894273127753304,Violation,18.94
W073,674,0,0.4175824175824176,Left,41.76
W073,674,1,0.4021978021978022,Right,40.22
W073,674,2,0.18021978021978022,Violation,18.02
W073,675,1,0.43636363636363634,Right,43.64
W073,675,0,0.3656565656565657,Left,36.57
W073,675,2,0.19797979797979798,Violation,19.8
W073,676,1,0.4165067178502879,Right,41.65
W073,676,0,0.3934740882917466,Left,39.35
W073,676,2,0.19001919385796545,Violation,19.0
W073,677,1,0.39669421487603307,Right,39.67
W073,677,0,0.38636363636363635,Left,38.64
W073,677,2,0.21694214876033058,Violation,21.69
W073,678,1,0.4122137404580153,Right,41.22
W073,678,0,0.37404580152671757,Left,37.4
W073,678,2,0.21374045801526717,Violation,21.37
W073,679,1,0.39879759519038077,Right,39.88
W073,679,0,0.374749498997996,Left,37.47
W073,679,2,0.22645290581162325,Violation,22.65
W074,145,1,0.4892966360856269,Right,48.93
W074,145,0,0.44648318042813456,Left,44.65
W074,145,2,0.06422018348623854,Violation,6.42
W074,146,1,0.470404984423676,Right,47.04
W074,146,0,0.45794392523364486,Left,45.79
W074,146,2,0.07165109034267912,Violation,7.17
W074,147,0,0.49504950495049505,Left,49.5
W074,147,1,0.429042904290429,Right,42.9
W074,147,2,0.07590759075907591,Violation,7.59
W074,148,0,0.49117647058823527,Left,49.12
W074,148,1,0.4117647058823529,Right,41.18
W074,148,2,0.09705882352941177,Violation,9.71
W074,149,0,0.4928571428571429,Left,49.29
W074,149,1,0.45,Right,45.0
W074,149,2,0.05714285714285714,Violation,5.71
W074,150,1,0.4874551971326165,Right,48.75
W074,150,0,0.4444444444444444,Left,44.44
W074,150,2,0.06810035842293907,Violation,6.81
W074,151,0,0.47109826589595377,Left,47.11
W074,151,1,0.4624277456647399,Right,46.24
W074,151,2,0.06647398843930635,Violation,6.65
W074,152,1,0.4899713467048711,Right,49.0
W074,152,0,0.4297994269340974,Left,42.98
W074,152,2,0.08022922636103152,Violation,8.02
W074,153,0,0.47337278106508873,Left,47.34
W074,153,1,0.4467455621301775,Right,44.67
W074,153,2,0.07988165680473373,Violation,7.99
W074,154,1,0.4490861618798956,Right,44.91
W074,154,0,0.4386422976501306,Left,43.86
W074,154,2,0.1122715404699739,Violation,11.23
W074,155,0,0.425414364640884,Left,42.54
W074,155,1,0.35359116022099446,Right,35.36
W074,155,2,0.22099447513812154,Violation,22.1
W074,156,1,0.42424242424242425,Right,42.42
W074,156,0,0.41515151515151516,Left,41.52
W074,156,2,0.1606060606060606,Violation,16.06
W074,157,1,0.44,Right,44.0
W074,157,0,0.3781818181818182,Left,37.82
W074,157,2,0.18181818181818182,Violation,18.18
W074,158,0,0.4271523178807947,Left,42.72
W074,158,1,0.40728476821192056,Right,40.73
W074,158,2,0.16556291390728478,Violation,16.56
W074,159,1,0.45588235294117646,Right,45.59
W074,159,0,0.4441176470588235,Left,44.41
W074,159,2,0.1,Violation,10.0
W074,160,0,0.47465437788018433,Left,47.47
W074,160,1,0.3548387096774194,Right,35.48
W074,160,2,0.17050691244239632,Violation,17.05
W074,161,1,0.43529411764705883,Right,43.53
W074,161,0,0.42745098039215684,Left,42.75
W074,161,2,0.13725490196078433,Violation,13.73
W074,162,0,0.43989071038251365,Left,43.99
W074,162,1,0.4344262295081967,Right,43.44
W074,162,2,0.12568306010928962,Violation,12.57
W074,163,0,0.44879518072289154,Left,44.88
W074,163,1,0.44879518072289154,Right,44.88
W074,163,2,0.10240963855421686,Violation,10.24
W074,164,0,0.4393939393939394,Left,43.94
W074,164,1,0.43434343434343436,Right,43.43
W074,164,2,0.12626262626262627,Violation,12.63
W074,165,1,0.478125,Right,47.81
W074,165,0,0.409375,Left,40.94
W074,165,2,0.1125,Violation,11.25
W074,166,0,0.4417989417989418,Left,44.18
W074,166,1,0.42592592592592593,Right,42.59
W074,166,2,0.13227513227513227,Violation,13.23
W074,167,1,0.4084507042253521,Right,40.85
W074,167,0,0.4056338028169014,Left,40.56
W074,167,2,0.18591549295774648,Violation,18.59
W074,168,0,0.46153846153846156,Left,46.15
W074,168,1,0.44871794871794873,Right,44.87
W074,168,2,0.08974358974358974,Violation,8.97
W074,169,0,0.46842105263157896,Left,46.84
W074,169,1,0.4236842105263158,Right,42.37
W074,169,2,0.10789473684210527,Violation,10.79
W074,170,0,0.47164948453608246,Left,47.16
W074,170,1,0.4381443298969072,Right,43.81
W074,170,2,0.09020618556701031,Violation,9.02
W074,171,1,0.4621212121212121,Right,46.21
W074,171,0,0.44191919191919193,Left,44.19
W074,171,2,0.09595959595959595,Violation,9.6
W074,172,0,0.4952978056426332,Left,49.53
W074,172,1,0.4012539184952978,Right,40.13
W074,172,2,0.10344827586206896,Violation,10.34
W074,173,0,0.46842105263157896,Left,46.84
W074,173,1,0.45263157894736844,Right,45.26
W074,173,2,0.07894736842105263,Violation,7.89
W074,174,0,0.4964705882352941,Left,49.65
W074,174,1,0.4047058823529412,Right,40.47
W074,174,2,0.0988235294117647,Violation,9.88
W074,175,1,0.4845814977973568,Right,48.46
W074,175,0,0.41629955947136565,Left,41.63
W074,175,2,0.09911894273127753,Violation,9.91
W074,176,0,0.4816247582205029,Left,48.16
W074,176,1,0.44294003868471954,Right,44.29
W074,176,2,0.07543520309477757,Violation,7.54
W074,177,0,0.44258373205741625,Left,44.26
W074,177,1,0.430622009569378,Right,43.06
W074,177,2,0.12679425837320574,Violation,12.68
W074,178,0,0.4748603351955307,Left,47.49
W074,178,1,0.44972067039106145,Right,44.97
W074,178,2,0.07541899441340782,Violation,7.54
W074,179,0,0.46462264150943394,Left,46.46
W074,179,1,0.41273584905660377,Right,41.27
W074,179,2,0.12264150943396226,Violation,12.26
W074,180,0,0.48123620309050774,Left,48.12
W074,180,1,0.45695364238410596,Right,45.7
W074,180,2,0.06181015452538632,Violation,6.18
W074,181,0,0.43137254901960786,Left,43.14
W074,181,1,0.4150326797385621,Right,41.5
W074,181,2,0.15359477124183007,Violation,15.36
W074,182,0,0.45364238410596025,Left,45.36
W074,182,1,0.4205298013245033,Right,42.05
W074,182,2,0.12582781456953643,Violation,12.58
W074,183,1,0.47745358090185674,Right,47.75
W074,183,0,0.46684350132625996,Left,46.68
W074,183,2,0.05570291777188329,Violation,5.57
W074,184,1,0.5112781954887218,Right,51.13
W074,184,0,0.41604010025062654,Left,41.6
W074,184,2,0.07268170426065163,Violation,7.27
W074,185,0,0.47619047619047616,Left,47.62
W074,185,1,0.45714285714285713,Right,45.71
W074,185,2,0.06666666666666667,Violation,6.67
W074,186,1,0.4597014925373134,Right,45.97
W074,186,0,0.43283582089552236,Left,43.28
W074,186,2,0.10746268656716418,Violation,10.75
W074,187,1,0.4560810810810811,Right,45.61
W074,187,0,0.4358108108108108,Left,43.58
W074,187,2,0.10810810810810811,Violation,10.81
W074,188,1,0.48984771573604063,Right,48.98
W074,188,0,0.4365482233502538,Left,43.65
W074,188,2,0.07360406091370558,Violation,7.36
W074,189,0,0.48562300319488816,Left,48.56
W074,189,1,0.4536741214057508,Right,45.37
W074,189,2,0.06070287539936102,Violation,6.07
W074,190,0,0.48306997742663654,Left,48.31
W074,190,1,0.48081264108352145,Right,48.08
W074,190,2,0.03611738148984198,Violation,3.61
W074,191,0,0.4634146341463415,Left,46.34
W074,191,1,0.43902439024390244,Right,43.9
W074,191,2,0.0975609756097561,Violation,9.76
W074,192,1,0.4988179669030733,Right,49.88
W074,192,0,0.4397163120567376,Left,43.97
W074,192,2,0.061465721040189124,Violation,6.15
W074,193,0,0.43010752688172044,Left,43.01
W074,193,1,0.41935483870967744,Right,41.94
W074,193,2,0.15053763440860216,Violation,15.05
W074,194,0,0.4485981308411215,Left,44.86
W074,194,1,0.4439252336448598,Right,44.39
W074,194,2,0.10747663551401869,Violation,10.75
W074,195,0,0.48068669527896996,Left,48.07
W074,195,1,0.39914163090128757,Right,39.91
W074,195,2,0.12017167381974249,Violation,12.02
W074,196,0,0.4789156626506024,Left,47.89
W074,196,1,0.4397590361445783,Right,43.98
W074,196,2,0.08132530120481928,Violation,8.13
W074,198,1,0.4715909090909091,Right,47.16
W074,198,0,0.4375,Left,43.75
W074,198,2,0.09090909090909091,Violation,9.09
W074,199,1,0.45879120879120877,Right,45.88
W074,199,0,0.45604395604395603,Left,45.6
W074,199,2,0.08516483516483517,Violation,8.52
W074,200,1,0.47774480712166173,Right,47.77
W074,200,0,0.4391691394658754,Left,43.92
W074,200,2,0.0830860534124629,Violation,8.31
W074,201,0,0.4591549295774648,Left,45.92
W074,201,1,0.4422535211267606,Right,44.23
W074,201,2,0.09859154929577464,Violation,9.86
W074,202,1,0.47494033412887826,Right,47.49
W074,202,0,0.45823389021479716,Left,45.82
W074,202,2,0.06682577565632458,Violation,6.68
W074,203,1,0.47075208913649025,Right,47.08
W074,203,0,0.41225626740947074,Left,41.23
W074,203,2,0.116991643454039,Violation,11.7
W074,204,0,0.471875,Left,47.19
W074,204,1,0.434375,Right,43.44
W074,204,2,0.09375,Violation,9.38
W074,205,1,0.4746666666666667,Right,47.47
W074,205,0,0.43733333333333335,Left,43.73
W074,205,2,0.088,Violation,8.8
W074,206,0,0.47540983606557374,Left,47.54
W074,206,1,0.45081967213114754,Right,45.08
W074,206,2,0.07377049180327869,Violation,7.38
W074,207,1,0.4410377358490566,Right,44.1
W074,207,0,0.3867924528301887,Left,38.68
W074,207,2,0.1721698113207547,Violation,17.22
W074,208,0,0.45794392523364486,Left,45.79
W074,208,1,0.45560747663551404,Right,45.56
W074,208,2,0.08644859813084112,Violation,8.64
W074,209,1,0.4635416666666667,Right,46.35
W074,209,0,0.3984375,Left,39.84
W074,209,2,0.13802083333333334,Violation,13.8
W074,210,1,0.48655913978494625,Right,48.66
W074,210,0,0.4327956989247312,Left,43.28
W074,210,2,0.08064516129032258,Violation,8.06
W074,211,1,0.4666666666666667,Right,46.67
W074,211,0,0.448,Left,44.8
W074,211,2,0.08533333333333333,Violation,8.53
W074,212,1,0.4632352941176471,Right,46.32
W074,212,0,0.4411764705882353,Left,44.12
W074,212,2,0.09558823529411764,Violation,9.56
W074,213,1,0.46904761904761905,Right,46.9
W074,213,0,0.4666666666666667,Left,46.67
W074,213,2,0.06428571428571428,Violation,6.43
W074,214,1,0.45,Right,45.0
W074,214,0,0.4305555555555556,Left,43.06
W074,214,2,0.11944444444444445,Violation,11.94
W074,215,0,0.4788732394366197,Left,47.89
W074,215,1,0.4309859154929577,Right,43.1
W074,215,2,0.09014084507042254,Violation,9.01
W074,216,0,0.47404063205417607,Left,47.4
W074,216,1,0.4221218961625282,Right,42.21
W074,216,2,0.1038374717832957,Violation,10.38
W074,217,1,0.473551637279597,Right,47.36
W074,217,0,0.4256926952141058,Left,42.57
W074,217,2,0.10075566750629723,Violation,10.08
W074,218,1,0.4826666666666667,Right,48.27
W074,218,0,0.43466666666666665,Left,43.47
W074,218,2,0.08266666666666667,Violation,8.27
W074,219,0,0.45664739884393063,Left,45.66
W074,219,1,0.4393063583815029,Right,43.93
W074,219,2,0.10404624277456648,Violation,10.4
W074,220,1,0.4652777777777778,Right,46.53
W074,220,0,0.43287037037037035,Left,43.29
W074,220,2,0.10185185185185185,Violation,10.19
W074,221,0,0.4737991266375546,Left,47.38
W074,221,1,0.45414847161572053,Right,45.41
W074,221,2,0.07205240174672489,Violation,7.21
W074,222,1,0.4912663755458515,Right,49.13
W074,222,0,0.4519650655021834,Left,45.2
W074,222,2,0.056768558951965066,Violation,5.68
W074,223,0,0.4541176470588235,Left,45.41
W074,223,1,0.45176470588235296,Right,45.18
W074,223,2,0.09411764705882353,Violation,9.41
W074,224,1,0.4876543209876543,Right,48.77
W074,224,0,0.43004115226337447,Left,43.0
W074,224,2,0.0823045267489712,Violation,8.23
W074,225,1,0.4684095860566449,Right,46.84
W074,225,0,0.4662309368191721,Left,46.62
W074,225,2,0.06535947712418301,Violation,6.54
W074,226,1,0.5026178010471204,Right,50.26
W074,226,0,0.43455497382198954,Left,43.46
W074,226,2,0.06282722513089005,Violation,6.28
W074,227,0,0.4766146993318486,Left,47.66
W074,227,1,0.42761692650334077,Right,42.76
W074,227,2,0.0957683741648107,Violation,9.58
W074,228,1,0.44142259414225943,Right,44.14
W074,228,0,0.401673640167364,Left,40.17
W074,228,2,0.15690376569037656,Violation,15.69
W074,229,1,0.47738693467336685,Right,47.74
W074,229,0,0.45979899497487436,Left,45.98
W074,229,2,0.06281407035175879,Violation,6.28
W074,230,0,0.47761194029850745,Left,47.76
W074,230,1,0.44776119402985076,Right,44.78
W074,230,2,0.07462686567164178,Violation,7.46
W074,231,1,0.4605263157894737,Right,46.05
W074,231,0,0.43201754385964913,Left,43.2
W074,231,2,0.1074561403508772,Violation,10.75
W074,232,1,0.5,Right,50.0
W074,232,0,0.4635416666666667,Left,46.35
W074,232,2,0.036458333333333336,Violation,3.65
W074,233,1,0.5025510204081632,Right,50.26
W074,233,0,0.4362244897959184,Left,43.62
W074,233,2,0.061224489795918366,Violation,6.12
W074,234,1,0.4988344988344988,Right,49.88
W074,234,0,0.4405594405594406,Left,44.06
W074,234,2,0.06060606060606061,Violation,6.06
W074,235,1,0.4986301369863014,Right,49.86
W074,235,0,0.4410958904109589,Left,44.11
W074,235,2,0.06027397260273973,Violation,6.03
W074,236,1,0.5022222222222222,Right,50.22
W074,236,0,0.4266666666666667,Left,42.67
W074,236,2,0.07111111111111111,Violation,7.11
W074,237,1,0.513715710723192,Right,51.37
W074,237,0,0.4164588528678304,Left,41.65
W074,237,2,0.06982543640897755,Violation,6.98
W074,238,0,0.4057971014492754,Left,40.58
W074,238,1,0.391304347826087,Right,39.13
W074,238,2,0.2028985507246377,Violation,20.29
W074,239,0,0.4804177545691906,Left,48.04
W074,239,1,0.45430809399477806,Right,45.43
W074,239,2,0.06527415143603134,Violation,6.53
W074,240,1,0.45228215767634855,Right,45.23
W074,240,0,0.42323651452282157,Left,42.32
W074,240,2,0.12448132780082988,Violation,12.45
W074,241,0,0.45892351274787535,Left,45.89
W074,241,1,0.45042492917847027,Right,45.04
W074,241,2,0.0906515580736544,Violation,9.07
W074,242,1,0.4975845410628019,Right,49.76
W074,242,0,0.4251207729468599,Left,42.51
W074,242,2,0.07729468599033816,Violation,7.73
W074,243,1,0.5180180180180181,Right,51.8
W074,243,0,0.4391891891891892,Left,43.92
W074,243,2,0.04279279279279279,Violation,4.28
W074,244,1,0.5056179775280899,Right,50.56
W074,244,0,0.4157303370786517,Left,41.57
W074,244,2,0.07865168539325842,Violation,7.87
W074,245,0,0.486646884272997,Left,48.66
W074,245,1,0.4629080118694362,Right,46.29
W074,245,2,0.050445103857566766,Violation,5.04
W074,246,0,0.46567164179104475,Left,46.57
W074,246,1,0.45671641791044776,Right,45.67
W074,246,2,0.07761194029850746,Violation,7.76
W074,247,1,0.46938775510204084,Right,46.94
W074,247,0,0.46647230320699706,Left,46.65
W074,247,2,0.0641399416909621,Violation,6.41
W074,248,0,0.46,Left,46.0
W074,248,1,0.43,Right,43.0
W074,248,2,0.11,Violation,11.0
W074,249,0,0.4772727272727273,Left,47.73
W074,249,1,0.4681818181818182,Right,46.82
W074,249,2,0.05454545454545454,Violation,5.45
W074,250,0,0.48138297872340424,Left,48.14
W074,250,1,0.4734042553191489,Right,47.34
W074,250,2,0.04521276595744681,Violation,4.52
W074,251,1,0.44931506849315067,Right,44.93
W074,251,0,0.4438356164383562,Left,44.38
W074,251,2,0.10684931506849316,Violation,10.68
W074,252,0,0.4498567335243553,Left,44.99
W074,252,1,0.4469914040114613,Right,44.7
W074,252,2,0.10315186246418338,Violation,10.32
W074,253,0,0.4708860759493671,Left,47.09
W074,253,1,0.46835443037974683,Right,46.84
W074,253,2,0.060759493670886074,Violation,6.08
W074,254,1,0.4401294498381877,Right,44.01
W074,254,0,0.4368932038834951,Left,43.69
W074,254,2,0.12297734627831715,Violation,12.3
W074,255,1,0.48655256723716384,Right,48.66
W074,255,0,0.4352078239608802,Left,43.52
W074,255,2,0.07823960880195599,Violation,7.82
W074,256,1,0.4870689655172414,Right,48.71
W074,256,0,0.43103448275862066,Left,43.1
W074,256,2,0.08189655172413793,Violation,8.19
W074,257,1,0.44556451612903225,Right,44.56
W074,257,0,0.43548387096774194,Left,43.55
W074,257,2,0.11895161290322581,Violation,11.9
W074,258,0,0.47046843177189407,Left,47.05
W074,258,1,0.43584521384928715,Right,43.58
W074,258,2,0.09368635437881874,Violation,9.37
W074,259,1,0.45320197044334976,Right,45.32
W074,259,0,0.4458128078817734,Left,44.58
W074,259,2,0.10098522167487685,Violation,10.1
W074,260,0,0.4767123287671233,Left,47.67
W074,260,1,0.4575342465753425,Right,45.75
W074,260,2,0.06575342465753424,Violation,6.58
W074,261,1,0.4562334217506631,Right,45.62
W074,261,0,0.44297082228116713,Left,44.3
W074,261,2,0.10079575596816977,Violation,10.08
W074,262,1,0.4498567335243553,Right,44.99
W074,262,0,0.4469914040114613,Left,44.7
W074,262,2,0.10315186246418338,Violation,10.32
W074,263,1,0.49385749385749383,Right,49.39
W074,263,0,0.40786240786240785,Left,40.79
W074,263,2,0.09828009828009827,Violation,9.83
W074,264,1,0.4730290456431535,Right,47.3
W074,264,0,0.4211618257261411,Left,42.12
W074,264,2,0.10580912863070539,Violation,10.58
W074,265,0,0.483271375464684,Left,48.33
W074,265,1,0.42936802973977695,Right,42.94
W074,265,2,0.08736059479553904,Violation,8.74
W074,266,1,0.4707379134860051,Right,47.07
W074,266,0,0.4300254452926209,Left,43.0
W074,266,2,0.09923664122137404,Violation,9.92
W074,267,0,0.49869451697127937,Left,49.87
W074,267,1,0.43342036553524804,Right,43.34
W074,267,2,0.06788511749347259,Violation,6.79
W074,268,1,0.44488977955911824,Right,44.49
W074,268,0,0.4408817635270541,Left,44.09
W074,268,2,0.11422845691382766,Violation,11.42
W074,269,0,0.500990099009901,Left,50.1
W074,269,1,0.4297029702970297,Right,42.97
W074,269,2,0.06930693069306931,Violation,6.93
W074,270,1,0.48015122873345933,Right,48.02
W074,270,0,0.4725897920604915,Left,47.26
W074,270,2,0.04725897920604915,Violation,4.73
W074,271,1,0.4470588235294118,Right,44.71
W074,271,0,0.4411764705882353,Left,44.12
W074,271,2,0.11176470588235295,Violation,11.18
W074,272,0,0.4684317718940937,Left,46.84
W074,272,1,0.4439918533604888,Right,44.4
W074,272,2,0.08757637474541752,Violation,8.76
W074,273,0,0.49056603773584906,Left,49.06
W074,273,1,0.4481132075471698,Right,44.81
W074,273,2,0.06132075471698113,Violation,6.13
W074,274,0,0.47761194029850745,Left,47.76
W074,274,1,0.47761194029850745,Right,47.76
W074,274,2,0.04477611940298507,Violation,4.48
W074,275,1,0.5285714285714286,Right,52.86
W074,275,0,0.44761904761904764,Left,44.76
W074,275,2,0.023809523809523808,Violation,2.38
W074,276,0,0.48155737704918034,Left,48.16
W074,276,1,0.47540983606557374,Right,47.54
W074,276,2,0.0430327868852459,Violation,4.3
W074,277,1,0.5023809523809524,Right,50.24
W074,277,0,0.45476190476190476,Left,45.48
W074,277,2,0.04285714285714286,Violation,4.29
W074,278,1,0.5012106537530266,Right,50.12
W074,278,0,0.45278450363196127,Left,45.28
W074,278,2,0.04600484261501211,Violation,4.6
W074,279,1,0.5128205128205128,Right,51.28
W074,279,0,0.44522144522144524,Left,44.52
W074,279,2,0.04195804195804196,Violation,4.2
W074,280,1,0.49382716049382713,Right,49.38
W074,280,0,0.454320987654321,Left,45.43
W074,280,2,0.05185185185185185,Violation,5.19
W074,281,1,0.49748743718592964,Right,49.75
W074,281,0,0.47738693467336685,Left,47.74
W074,281,2,0.02512562814070352,Violation,2.51
W074,282,1,0.4908675799086758,Right,49.09
W074,282,0,0.4748858447488584,Left,47.49
W074,282,2,0.03424657534246575,Violation,3.42
W074,283,0,0.5174129353233831,Left,51.74
W074,283,1,0.4154228855721393,Right,41.54
W074,283,2,0.06716417910447761,Violation,6.72
W074,284,1,0.5049261083743842,Right,50.49
W074,284,0,0.4458128078817734,Left,44.58
W074,284,2,0.04926108374384237,Violation,4.93
W074,285,1,0.527536231884058,Right,52.75
W074,285,0,0.4318840579710145,Left,43.19
W074,285,2,0.04057971014492753,Violation,4.06
W074,286,1,0.4765840220385675,Right,47.66
W074,286,0,0.45454545454545453,Left,45.45
W074,286,2,0.06887052341597796,Violation,6.89
W074,287,0,0.45871559633027525,Left,45.87
W074,287,1,0.41896024464831805,Right,41.9
W074,287,2,0.12232415902140673,Violation,12.23
W074,288,0,0.4858757062146893,Left,48.59
W074,288,1,0.4463276836158192,Right,44.63
W074,288,2,0.06779661016949153,Violation,6.78
W074,289,1,0.4738095238095238,Right,47.38
W074,289,0,0.4452380952380952,Left,44.52
W074,289,2,0.08095238095238096,Violation,8.1
W074,290,0,0.4583333333333333,Left,45.83
W074,290,1,0.4128787878787879,Right,41.29
W074,290,2,0.12878787878787878,Violation,12.88
W074,291,1,0.47161572052401746,Right,47.16
W074,291,0,0.4650655021834061,Left,46.51
W074,291,2,0.06331877729257641,Violation,6.33
W074,292,1,0.4959349593495935,Right,49.59
W074,292,0,0.43902439024390244,Left,43.9
W074,292,2,0.06504065040650407,Violation,6.5
W074,293,1,0.4973544973544973,Right,49.74
W074,293,0,0.4365079365079365,Left,43.65
W074,293,2,0.06613756613756613,Violation,6.61
W074,294,1,0.5039370078740157,Right,50.39
W074,294,0,0.4435695538057743,Left,44.36
W074,294,2,0.05249343832020997,Violation,5.25
W074,295,0,0.49740932642487046,Left,49.74
W074,295,1,0.4533678756476684,Right,45.34
W074,295,2,0.04922279792746114,Violation,4.92
W074,296,1,0.4757834757834758,Right,47.58
W074,296,0,0.4444444444444444,Left,44.44
W074,296,2,0.07977207977207977,Violation,7.98
W074,297,0,0.5023041474654378,Left,50.23
W074,297,1,0.4377880184331797,Right,43.78
W074,297,2,0.059907834101382486,Violation,5.99
W074,298,1,0.4900990099009901,Right,49.01
W074,298,0,0.4282178217821782,Left,42.82
W074,298,2,0.08168316831683169,Violation,8.17
W074,299,0,0.4892086330935252,Left,48.92
W074,299,1,0.4556354916067146,Right,45.56
W074,299,2,0.05515587529976019,Violation,5.52
W074,300,0,0.4740740740740741,Left,47.41
W074,300,1,0.47160493827160493,Right,47.16
W074,300,2,0.05432098765432099,Violation,5.43
W074,301,1,0.5,Right,50.0
W074,301,0,0.4393063583815029,Left,43.93
W074,301,2,0.06069364161849711,Violation,6.07
W074,302,1,0.4634146341463415,Right,46.34
W074,302,0,0.44715447154471544,Left,44.72
W074,302,2,0.08943089430894309,Violation,8.94
W074,303,1,0.5140845070422535,Right,51.41
W074,303,0,0.43661971830985913,Left,43.66
W074,303,2,0.04929577464788732,Violation,4.93
W074,304,0,0.49748743718592964,Left,49.75
W074,304,1,0.45979899497487436,Right,45.98
W074,304,2,0.04271356783919598,Violation,4.27
W074,305,1,0.4782608695652174,Right,47.83
W074,305,0,0.4645308924485126,Left,46.45
W074,305,2,0.057208237986270026,Violation,5.72
W074,306,0,0.4626865671641791,Left,46.27
W074,306,1,0.43656716417910446,Right,43.66
W074,306,2,0.10074626865671642,Violation,10.07
W074,307,1,0.5205811138014528,Right,52.06
W074,307,0,0.4600484261501211,Left,46.0
W074,307,2,0.01937046004842615,Violation,1.94
W074,308,1,0.5068493150684932,Right,50.68
W074,308,0,0.4191780821917808,Left,41.92
W074,308,2,0.07397260273972603,Violation,7.4
W074,309,0,0.48548812664907653,Left,48.55
W074,309,1,0.45646437994722955,Right,45.65
W074,309,2,0.05804749340369393,Violation,5.8
W074,310,1,0.5029126213592233,Right,50.29
W074,310,0,0.4446601941747573,Left,44.47
W074,310,2,0.05242718446601942,Violation,5.24
W074,311,1,0.4649122807017544,Right,46.49
W074,311,0,0.4605263157894737,Left,46.05
W074,311,2,0.07456140350877193,Violation,7.46
W074,312,1,0.47019867549668876,Right,47.02
W074,312,0,0.45695364238410596,Left,45.7
W074,312,2,0.0728476821192053,Violation,7.28
W074,313,0,0.49464668094218417,Left,49.46
W074,313,1,0.43897216274089934,Right,43.9
W074,313,2,0.06638115631691649,Violation,6.64
W074,314,1,0.4489795918367347,Right,44.9
W074,314,0,0.44387755102040816,Left,44.39
W074,314,2,0.10714285714285714,Violation,10.71
W074,315,1,0.5046153846153846,Right,50.46
W074,315,0,0.4153846153846154,Left,41.54
W074,315,2,0.08,Violation,8.0
W074,316,1,0.4863731656184486,Right,48.64
W074,316,0,0.44654088050314467,Left,44.65
W074,316,2,0.06708595387840671,Violation,6.71
W074,317,0,0.48065173116089616,Left,48.07
W074,317,1,0.47657841140529533,Right,47.66
W074,317,2,0.04276985743380855,Violation,4.28
W074,318,1,0.47695390781563124,Right,47.7
W074,318,0,0.4589178356713427,Left,45.89
W074,318,2,0.06412825651302605,Violation,6.41
W074,319,1,0.47835497835497837,Right,47.84
W074,319,0,0.44805194805194803,Left,44.81
W074,319,2,0.0735930735930736,Violation,7.36
W074,320,1,0.4813895781637717,Right,48.14
W074,320,0,0.456575682382134,Left,45.66
W074,320,2,0.062034739454094295,Violation,6.2
W074,321,1,0.49363867684478374,Right,49.36
W074,321,0,0.44783715012722647,Left,44.78
W074,321,2,0.058524173027989825,Violation,5.85
W074,322,0,0.4776470588235294,Left,47.76
W074,322,1,0.45647058823529413,Right,45.65
W074,322,2,0.06588235294117648,Violation,6.59
W074,323,1,0.48693586698337293,Right,48.69
W074,323,0,0.45368171021377673,Left,45.37
W074,323,2,0.05938242280285035,Violation,5.94
W074,324,1,0.5071428571428571,Right,50.71
W074,324,0,0.46190476190476193,Left,46.19
W074,324,2,0.030952380952380953,Violation,3.1
W074,325,1,0.5163551401869159,Right,51.64
W074,325,0,0.441588785046729,Left,44.16
W074,325,2,0.04205607476635514,Violation,4.21
W074,326,0,0.4773662551440329,Left,47.74
W074,326,1,0.46296296296296297,Right,46.3
W074,326,2,0.059670781893004114,Violation,5.97
W074,327,0,0.4676258992805755,Left,46.76
W074,327,1,0.4676258992805755,Right,46.76
W074,327,2,0.06474820143884892,Violation,6.47
W074,328,0,0.4708860759493671,Left,47.09
W074,328,1,0.46582278481012657,Right,46.58
W074,328,2,0.06329113924050633,Violation,6.33
W074,329,1,0.5026315789473684,Right,50.26
W074,329,0,0.4605263157894737,Left,46.05
W074,329,2,0.03684210526315789,Violation,3.68
W074,330,0,0.4935064935064935,Left,49.35
W074,330,1,0.4588744588744589,Right,45.89
W074,330,2,0.047619047619047616,Violation,4.76
W074,331,1,0.4904632152588556,Right,49.05
W074,331,0,0.45231607629427795,Left,45.23
W074,331,2,0.05722070844686648,Violation,5.72
W074,332,1,0.47043010752688175,Right,47.04
W074,332,0,0.45698924731182794,Left,45.7
W074,332,2,0.07258064516129033,Violation,7.26
W074,333,0,0.4884910485933504,Left,48.85
W074,333,1,0.4629156010230179,Right,46.29
W074,333,2,0.04859335038363171,Violation,4.86
W074,334,1,0.48095238095238096,Right,48.1
W074,334,0,0.4357142857142857,Left,43.57
W074,334,2,0.08333333333333333,Violation,8.33
W074,335,0,0.4661016949152542,Left,46.61
W074,335,1,0.4632768361581921,Right,46.33
W074,335,2,0.07062146892655367,Violation,7.06
W074,336,1,0.49171270718232046,Right,49.17
W074,336,0,0.46685082872928174,Left,46.69
W074,336,2,0.04143646408839779,Violation,4.14
W074,337,1,0.5230352303523035,Right,52.3
W074,337,0,0.44173441734417346,Left,44.17
W074,337,2,0.03523035230352303,Violation,3.52
W074,338,1,0.4666666666666667,Right,46.67
W074,338,0,0.4603174603174603,Left,46.03
W074,338,2,0.07301587301587302,Violation,7.3
W074,339,1,0.4943820224719101,Right,49.44
W074,339,0,0.43258426966292135,Left,43.26
W074,339,2,0.07303370786516854,Violation,7.3
W074,340,2,0.9035087719298246,Violation,90.35
W074,340,0,0.08771929824561403,Left,8.77
W074,340,1,0.008771929824561403,Right,0.88
W074,341,0,0.46595744680851064,Left,46.6
W074,341,1,0.43617021276595747,Right,43.62
W074,341,2,0.09787234042553192,Violation,9.79
W074,342,1,0.496,Right,49.6
W074,342,0,0.404,Left,40.4
W074,342,2,0.1,Violation,10.0
W074,343,1,0.4823529411764706,Right,48.24
W074,343,0,0.4235294117647059,Left,42.35
W074,343,2,0.09411764705882353,Violation,9.41
W074,344,1,0.4752475247524752,Right,47.52
W074,344,0,0.4504950495049505,Left,45.05
W074,344,2,0.07425742574257425,Violation,7.43
W074,345,0,0.4780600461893764,Left,47.81
W074,345,1,0.47344110854503463,Right,47.34
W074,345,2,0.04849884526558892,Violation,4.85
W074,346,1,0.5075268817204301,Right,50.75
W074,346,0,0.43655913978494626,Left,43.66
W074,346,2,0.05591397849462366,Violation,5.59
W074,347,1,0.4738878143133462,Right,47.39
W074,347,0,0.4564796905222437,Left,45.65
W074,347,2,0.06963249516441006,Violation,6.96
W074,348,0,0.5067264573991032,Left,50.67
W074,348,1,0.4798206278026906,Right,47.98
W074,348,2,0.013452914798206279,Violation,1.35
W074,349,1,0.46680080482897385,Right,46.68
W074,349,0,0.4426559356136821,Left,44.27
W074,349,2,0.09054325955734406,Violation,9.05
W074,350,0,0.4876847290640394,Left,48.77
W074,350,1,0.4408866995073892,Right,44.09
W074,350,2,0.07142857142857142,Violation,7.14
W074,351,1,0.5108695652173914,Right,51.09
W074,351,0,0.42391304347826086,Left,42.39
W074,351,2,0.06521739130434782,Violation,6.52
W074,352,1,0.490521327014218,Right,49.05
W074,352,0,0.4786729857819905,Left,47.87
W074,352,2,0.030805687203791468,Violation,3.08
W074,353,1,0.510752688172043,Right,51.08
W074,353,0,0.3387096774193548,Left,33.87
W074,353,2,0.15053763440860216,Violation,15.05
W074,354,0,0.4375,Left,43.75
W074,354,1,0.43080357142857145,Right,43.08
W074,354,2,0.13169642857142858,Violation,13.17
W074,355,0,0.45494505494505494,Left,45.49
W074,355,1,0.45054945054945056,Right,45.05
W074,355,2,0.0945054945054945,Violation,9.45
W074,356,1,0.4325153374233129,Right,43.25
W074,356,0,0.4263803680981595,Left,42.64
W074,356,2,0.1411042944785276,Violation,14.11
W074,357,0,0.4631578947368421,Left,46.32
W074,357,1,0.4263157894736842,Right,42.63
W074,357,2,0.11052631578947368,Violation,11.05
W074,358,0,0.45707656612529,Left,45.71
W074,358,1,0.4222737819025522,Right,42.23
W074,358,2,0.12064965197215777,Violation,12.06
W074,359,1,0.4675925925925926,Right,46.76
W074,359,0,0.4513888888888889,Left,45.14
W074,359,2,0.08101851851851852,Violation,8.1
W074,360,1,0.47848101265822784,Right,47.85
W074,360,0,0.4506329113924051,Left,45.06
W074,360,2,0.07088607594936709,Violation,7.09
W074,361,1,0.4176954732510288,Right,41.77
W074,361,0,0.3765432098765432,Left,37.65
W074,361,2,0.205761316872428,Violation,20.58
W074,362,1,0.47534516765285995,Right,47.53
W074,362,0,0.44970414201183434,Left,44.97
W074,362,2,0.07495069033530571,Violation,7.5
W074,363,0,0.45738636363636365,Left,45.74
W074,363,1,0.4318181818181818,Right,43.18
W074,363,2,0.11079545454545454,Violation,11.08
W074,364,1,0.45905707196029777,Right,45.91
W074,364,0,0.4441687344913151,Left,44.42
W074,364,2,0.0967741935483871,Violation,9.68
W074,365,1,0.46236559139784944,Right,46.24
W074,365,0,0.432258064516129,Left,43.23
W074,365,2,0.1053763440860215,Violation,10.54
W074,366,1,0.44794188861985473,Right,44.79
W074,366,0,0.43099273607748184,Left,43.1
W074,366,2,0.12106537530266344,Violation,12.11
W074,367,1,0.5114678899082569,Right,51.15
W074,367,0,0.42660550458715596,Left,42.66
W074,367,2,0.06192660550458716,Violation,6.19
W074,368,1,0.44583333333333336,Right,44.58
W074,368,0,0.44166666666666665,Left,44.17
W074,368,2,0.1125,Violation,11.25
W074,369,1,0.46629213483146065,Right,46.63
W074,369,0,0.45131086142322097,Left,45.13
W074,369,2,0.08239700374531835,Violation,8.24
W074,370,0,0.4380952380952381,Left,43.81
W074,370,1,0.4031746031746032,Right,40.32
W074,370,2,0.15873015873015872,Violation,15.87
W074,371,0,0.48578811369509045,Left,48.58
W074,371,1,0.4599483204134367,Right,45.99
W074,371,2,0.05426356589147287,Violation,5.43
W074,372,0,0.4721549636803874,Left,47.22
W074,372,1,0.4430992736077482,Right,44.31
W074,372,2,0.0847457627118644,Violation,8.47
W074,373,1,0.5,Right,50.0
W074,373,0,0.3987730061349693,Left,39.88
W074,373,2,0.10122699386503067,Violation,10.12
W074,374,1,0.4788135593220339,Right,47.88
W074,374,0,0.4258474576271186,Left,42.58
W074,374,2,0.09533898305084745,Violation,9.53
W074,375,0,0.46611909650924027,Left,46.61
W074,375,1,0.43737166324435317,Right,43.74
W074,375,2,0.09650924024640657,Violation,9.65
W074,376,1,0.4940898345153664,Right,49.41
W074,376,0,0.44208037825059104,Left,44.21
W074,376,2,0.06382978723404255,Violation,6.38
W074,377,0,0.49382716049382713,Left,49.38
W074,377,1,0.43950617283950616,Right,43.95
W074,377,2,0.06666666666666667,Violation,6.67
W074,378,1,0.486810551558753,Right,48.68
W074,378,0,0.4412470023980815,Left,44.12
W074,378,2,0.07194244604316546,Violation,7.19
W074,379,1,0.45774647887323944,Right,45.77
W074,379,0,0.43661971830985913,Left,43.66
W074,379,2,0.1056338028169014,Violation,10.56
W074,380,1,0.4840182648401826,Right,48.4
W074,380,0,0.4657534246575342,Left,46.58
W074,380,2,0.0502283105022831,Violation,5.02
W074,381,0,0.4668094218415418,Left,46.68
W074,381,1,0.41113490364025695,Right,41.11
W074,381,2,0.12205567451820129,Violation,12.21
W074,382,1,0.4577114427860697,Right,45.77
W074,382,0,0.44029850746268656,Left,44.03
W074,382,2,0.10199004975124377,Violation,10.2
W074,383,1,0.47435897435897434,Right,47.44
W074,383,0,0.4423076923076923,Left,44.23
W074,383,2,0.08333333333333333,Violation,8.33
W074,384,0,0.4617117117117117,Left,46.17
W074,384,1,0.43018018018018017,Right,43.02
W074,384,2,0.10810810810810811,Violation,10.81
W074,385,0,0.4591549295774648,Left,45.92
W074,385,1,0.4507042253521127,Right,45.07
W074,385,2,0.09014084507042254,Violation,9.01
W074,386,1,0.4589041095890411,Right,45.89
W074,386,0,0.4452054794520548,Left,44.52
W074,386,2,0.0958904109589041,Violation,9.59
W074,387,0,0.4473007712082262,Left,44.73
W074,387,1,0.4267352185089974,Right,42.67
W074,387,2,0.12596401028277635,Violation,12.6
W074,388,1,0.4878048780487805,Right,48.78
W074,388,0,0.43458980044345896,Left,43.46
W074,388,2,0.07760532150776053,Violation,7.76
W074,389,0,0.4601542416452442,Left,46.02
W074,389,1,0.43958868894601544,Right,43.96
W074,389,2,0.10025706940874037,Violation,10.03
W074,390,0,0.4471830985915493,Left,44.72
W074,390,1,0.43309859154929575,Right,43.31
W074,390,2,0.11971830985915492,Violation,11.97
W074,391,1,0.4840764331210191,Right,48.41
W074,391,0,0.45010615711252655,Left,45.01
W074,391,2,0.06581740976645435,Violation,6.58
W074,392,0,0.47337278106508873,Left,47.34
W074,392,1,0.45956607495069035,Right,45.96
W074,392,2,0.0670611439842209,Violation,6.71
W074,393,0,0.44419134396355353,Left,44.42
W074,393,1,0.42596810933940776,Right,42.6
W074,393,2,0.12984054669703873,Violation,12.98
W074,394,0,0.44989339019189767,Left,44.99
W074,394,1,0.43710021321961623,Right,43.71
W074,394,2,0.11300639658848614,Violation,11.3
W074,395,1,0.4525862068965517,Right,45.26
W074,395,0,0.4353448275862069,Left,43.53
W074,395,2,0.11206896551724138,Violation,11.21
W074,396,1,0.4645308924485126,Right,46.45
W074,396,0,0.4233409610983982,Left,42.33
W074,396,2,0.11212814645308924,Violation,11.21
W074,397,0,0.4649122807017544,Left,46.49
W074,397,1,0.45614035087719296,Right,45.61
W074,397,2,0.07894736842105263,Violation,7.89
W074,398,1,0.4444444444444444,Right,44.44
W074,398,0,0.40540540540540543,Left,40.54
W074,398,2,0.15015015015015015,Violation,15.02
W074,399,1,0.46320346320346323,Right,46.32
W074,399,0,0.461038961038961,Left,46.1
W074,399,2,0.07575757575757576,Violation,7.58
W074,400,1,0.446985446985447,Right,44.7
W074,400,0,0.44282744282744285,Left,44.28
W074,400,2,0.1101871101871102,Violation,11.02
W074,401,1,0.4556354916067146,Right,45.56
W074,401,0,0.4364508393285372,Left,43.65
W074,401,2,0.1079136690647482,Violation,10.79
W074,402,1,0.49122807017543857,Right,49.12
W074,402,0,0.43859649122807015,Left,43.86
W074,402,2,0.07017543859649122,Violation,7.02
W074,403,0,0.4647887323943662,Left,46.48
W074,403,1,0.4245472837022133,Right,42.45
W074,403,2,0.11066398390342053,Violation,11.07
W074,404,0,0.49145299145299143,Left,49.15
W074,404,1,0.4081196581196581,Right,40.81
W074,404,2,0.10042735042735043,Violation,10.04
W074,405,1,0.4879807692307692,Right,48.8
W074,405,0,0.4375,Left,43.75
W074,405,2,0.07451923076923077,Violation,7.45
W074,406,1,0.445859872611465,Right,44.59
W074,406,0,0.43312101910828027,Left,43.31
W074,406,2,0.12101910828025478,Violation,12.1
W074,407,1,0.47019867549668876,Right,47.02
W074,407,0,0.4481236203090508,Left,44.81
W074,407,2,0.08167770419426049,Violation,8.17
W074,408,1,0.5194805194805194,Right,51.95
W074,408,0,0.3974025974025974,Left,39.74
W074,408,2,0.08311688311688312,Violation,8.31
W074,409,0,0.46745562130177515,Left,46.75
W074,409,1,0.4556213017751479,Right,45.56
W074,409,2,0.07692307692307693,Violation,7.69
W074,410,0,0.4592274678111588,Left,45.92
W074,410,1,0.44849785407725323,Right,44.85
W074,410,2,0.09227467811158799,Violation,9.23
W074,411,1,0.4637096774193548,Right,46.37
W074,411,0,0.4274193548387097,Left,42.74
W074,411,2,0.10887096774193548,Violation,10.89
W074,412,1,0.47953216374269003,Right,47.95
W074,412,0,0.45614035087719296,Left,45.61
W074,412,2,0.06432748538011696,Violation,6.43
W074,413,0,0.497907949790795,Left,49.79
W074,413,1,0.4581589958158996,Right,45.82
W074,413,2,0.043933054393305436,Violation,4.39
W074,414,1,0.4978448275862069,Right,49.78
W074,414,0,0.42887931034482757,Left,42.89
W074,414,2,0.07327586206896551,Violation,7.33
W074,415,1,0.466403162055336,Right,46.64
W074,415,0,0.45652173913043476,Left,45.65
W074,415,2,0.07707509881422925,Violation,7.71
W074,416,1,0.48608534322820035,Right,48.61
W074,416,0,0.46382189239332094,Left,46.38
W074,416,2,0.05009276437847866,Violation,5.01
W074,417,1,0.4849699398797595,Right,48.5
W074,417,0,0.43887775551102204,Left,43.89
W074,417,2,0.07615230460921844,Violation,7.62
W074,418,0,0.466,Left,46.6
W074,418,1,0.466,Right,46.6
W074,418,2,0.068,Violation,6.8
W074,419,1,0.4976851851851852,Right,49.77
W074,419,0,0.41435185185185186,Left,41.44
W074,419,2,0.08796296296296297,Violation,8.8
W074,420,0,0.4855769230769231,Left,48.56
W074,420,1,0.43028846153846156,Right,43.03
W074,420,2,0.08413461538461539,Violation,8.41
W074,421,1,0.4827586206896552,Right,48.28
W074,421,0,0.4521072796934866,Left,45.21
W074,421,2,0.06513409961685823,Violation,6.51
W074,422,0,0.46774193548387094,Left,46.77
W074,422,1,0.46169354838709675,Right,46.17
W074,422,2,0.07056451612903226,Violation,7.06
W074,423,1,0.4935064935064935,Right,49.35
W074,423,0,0.42857142857142855,Left,42.86
W074,423,2,0.07792207792207792,Violation,7.79
W074,424,1,0.47784200385356457,Right,47.78
W074,424,0,0.45472061657032753,Left,45.47
W074,424,2,0.0674373795761079,Violation,6.74
W074,425,1,0.4601018675721562,Right,46.01
W074,425,0,0.4465195246179966,Left,44.65
W074,425,2,0.0933786078098472,Violation,9.34
W074,426,1,0.4835589941972921,Right,48.36
W074,426,0,0.4332688588007737,Left,43.33
W074,426,2,0.08317214700193423,Violation,8.32
W074,427,1,0.4790697674418605,Right,47.91
W074,427,0,0.44651162790697674,Left,44.65
W074,427,2,0.07441860465116279,Violation,7.44
W074,428,1,0.4929078014184397,Right,49.29
W074,428,0,0.43617021276595747,Left,43.62
W074,428,2,0.07092198581560284,Violation,7.09
W074,429,1,0.4882032667876588,Right,48.82
W074,429,0,0.44464609800362975,Left,44.46
W074,429,2,0.06715063520871144,Violation,6.72
W074,430,1,0.4724689165186501,Right,47.25
W074,430,0,0.46003552397868563,Left,46.0
W074,430,2,0.0674955595026643,Violation,6.75
W074,431,0,0.44782608695652176,Left,44.78
W074,431,1,0.40869565217391307,Right,40.87
W074,431,2,0.14347826086956522,Violation,14.35
W074,432,0,0.5031055900621118,Left,50.31
W074,432,1,0.4554865424430642,Right,45.55
W074,432,2,0.041407867494824016,Violation,4.14
W074,433,1,0.46586345381526106,Right,46.59
W074,433,0,0.463855421686747,Left,46.39
W074,433,2,0.07028112449799197,Violation,7.03
W074,434,1,0.46373626373626375,Right,46.37
W074,434,0,0.45274725274725275,Left,45.27
W074,434,2,0.08351648351648351,Violation,8.35
W074,435,1,0.5109649122807017,Right,51.1
W074,435,0,0.3925438596491228,Left,39.25
W074,435,2,0.09649122807017543,Violation,9.65
W074,436,1,0.4662576687116564,Right,46.63
W074,436,0,0.45807770961145194,Left,45.81
W074,436,2,0.07566462167689161,Violation,7.57
W074,437,1,0.4835589941972921,Right,48.36
W074,437,0,0.47195357833655704,Left,47.2
W074,437,2,0.04448742746615087,Violation,4.45
W074,438,1,0.4864864864864865,Right,48.65
W074,438,0,0.4594594594594595,Left,45.95
W074,438,2,0.05405405405405406,Violation,5.41
W074,440,0,0.4512471655328798,Left,45.12
W074,440,1,0.4376417233560091,Right,43.76
W074,440,2,0.1111111111111111,Violation,11.11
W074,441,1,0.4906015037593985,Right,49.06
W074,441,0,0.42857142857142855,Left,42.86
W074,441,2,0.08082706766917293,Violation,8.08
W074,442,0,0.4789473684210526,Left,47.89
W074,442,1,0.46842105263157896,Right,46.84
W074,442,2,0.05263157894736842,Violation,5.26
W074,443,0,0.44988344988344986,Left,44.99
W074,443,1,0.44988344988344986,Right,44.99
W074,443,2,0.10023310023310024,Violation,10.02
W074,444,0,0.47058823529411764,Left,47.06
W074,444,1,0.4645030425963489,Right,46.45
W074,444,2,0.06490872210953347,Violation,6.49
W074,445,0,0.460446247464503,Left,46.04
W074,445,1,0.4543610547667343,Right,45.44
W074,445,2,0.08519269776876268,Violation,8.52
W074,446,1,0.49619771863117873,Right,49.62
W074,446,0,0.4505703422053232,Left,45.06
W074,446,2,0.053231939163498096,Violation,5.32
W074,447,0,0.4896694214876033,Left,48.97
W074,447,1,0.4194214876033058,Right,41.94
W074,447,2,0.09090909090909091,Violation,9.09
W074,448,1,0.49193548387096775,Right,49.19
W074,448,0,0.4274193548387097,Left,42.74
W074,448,2,0.08064516129032258,Violation,8.06
W074,449,1,0.47544642857142855,Right,47.54
W074,449,0,0.45535714285714285,Left,45.54
W074,449,2,0.06919642857142858,Violation,6.92
W074,450,1,0.4826325411334552,Right,48.26
W074,450,0,0.4351005484460695,Left,43.51
W074,450,2,0.08226691042047532,Violation,8.23
W074,451,2,0.4970414201183432,Violation,49.7
W074,451,0,0.28402366863905326,Left,28.4
W074,451,1,0.21893491124260356,Right,21.89
W074,452,1,0.4750542299349241,Right,47.51
W074,452,0,0.4164859002169197,Left,41.65
W074,452,2,0.10845986984815618,Violation,10.85
W074,453,0,0.4779270633397313,Left,47.79
W074,453,1,0.42802303262955854,Right,42.8
W074,453,2,0.09404990403071017,Violation,9.4
W074,454,1,0.49454545454545457,Right,49.45
W074,454,0,0.4309090909090909,Left,43.09
W074,454,2,0.07454545454545454,Violation,7.45
W074,455,1,0.5029126213592233,Right,50.29
W074,455,0,0.41359223300970877,Left,41.36
W074,455,2,0.08349514563106795,Violation,8.35
W074,456,1,0.4599483204134367,Right,45.99
W074,456,0,0.4289405684754522,Left,42.89
W074,456,2,0.1111111111111111,Violation,11.11
W074,457,1,0.4968944099378882,Right,49.69
W074,457,0,0.43478260869565216,Left,43.48
W074,457,2,0.06832298136645963,Violation,6.83
W074,458,1,0.4767676767676768,Right,47.68
W074,458,0,0.4484848484848485,Left,44.85
W074,458,2,0.07474747474747474,Violation,7.47
W074,459,0,0.46357615894039733,Left,46.36
W074,459,1,0.46357615894039733,Right,46.36
W074,459,2,0.0728476821192053,Violation,7.28
W074,460,1,0.4756335282651072,Right,47.56
W074,460,0,0.4678362573099415,Left,46.78
W074,460,2,0.056530214424951264,Violation,5.65
W074,461,1,0.4909090909090909,Right,49.09
W074,461,0,0.4163636363636364,Left,41.64
W074,461,2,0.09272727272727273,Violation,9.27
W074,462,1,0.4866920152091255,Right,48.67
W074,462,0,0.4372623574144487,Left,43.73
W074,462,2,0.07604562737642585,Violation,7.6
W074,463,0,0.4888507718696398,Left,48.89
W074,463,1,0.45454545454545453,Right,45.45
W074,463,2,0.05660377358490566,Violation,5.66
W074,464,1,0.4635036496350365,Right,46.35
W074,464,0,0.45255474452554745,Left,45.26
W074,464,2,0.08394160583941605,Violation,8.39
W074,465,1,0.4681238615664845,Right,46.81
W074,465,0,0.46083788706739526,Left,46.08
W074,465,2,0.07103825136612021,Violation,7.1
W074,466,0,0.4831168831168831,Left,48.31
W074,466,1,0.44415584415584414,Right,44.42
W074,466,2,0.07272727272727272,Violation,7.27
W074,467,1,0.4816666666666667,Right,48.17
W074,467,0,0.43666666666666665,Left,43.67
W074,467,2,0.08166666666666667,Violation,8.17
W074,468,1,0.46893787575150303,Right,46.89
W074,468,0,0.41282565130260523,Left,41.28
W074,468,2,0.11823647294589178,Violation,11.82
W074,469,1,0.46116504854368934,Right,46.12
W074,469,0,0.459546925566343,Left,45.95
W074,469,2,0.07928802588996764,Violation,7.93
W074,470,1,0.5115864527629234,Right,51.16
W074,470,0,0.4385026737967914,Left,43.85
W074,470,2,0.049910873440285206,Violation,4.99
W074,471,0,0.4757142857142857,Left,47.57
W074,471,1,0.47285714285714286,Right,47.29
W074,471,2,0.05142857142857143,Violation,5.14
W074,472,1,0.4847972972972973,Right,48.48
W074,472,0,0.46621621621621623,Left,46.62
W074,472,2,0.048986486486486486,Violation,4.9
W074,473,1,0.4853801169590643,Right,48.54
W074,473,0,0.43859649122807015,Left,43.86
W074,473,2,0.07602339181286549,Violation,7.6
W074,474,1,0.49295774647887325,Right,49.3
W074,474,0,0.45271629778672035,Left,45.27
W074,474,2,0.05432595573440644,Violation,5.43
W074,475,0,0.4696969696969697,Left,46.97
W074,475,1,0.4595959595959596,Right,45.96
W074,475,2,0.0707070707070707,Violation,7.07
W074,476,1,0.48440366972477067,Right,48.44
W074,476,0,0.45137614678899085,Left,45.14
W074,476,2,0.06422018348623854,Violation,6.42
W074,477,0,0.527027027027027,Left,52.7
W074,477,1,0.3837837837837838,Right,38.38
W074,477,2,0.0891891891891892,Violation,8.92
W074,478,0,0.41578947368421054,Left,41.58
W074,478,1,0.4131578947368421,Right,41.32
W074,478,2,0.17105263157894737,Violation,17.11
W074,479,1,0.4675834970530452,Right,46.76
W074,479,0,0.4027504911591356,Left,40.28
W074,479,2,0.12966601178781925,Violation,12.97
W074,480,1,0.45358649789029537,Right,45.36
W074,480,0,0.42616033755274263,Left,42.62
W074,480,2,0.12025316455696203,Violation,12.03
W074,481,1,0.47317073170731705,Right,47.32
W074,481,0,0.44146341463414634,Left,44.15
W074,481,2,0.08536585365853659,Violation,8.54
W074,482,1,0.44834307992202727,Right,44.83
W074,482,0,0.4346978557504873,Left,43.47
W074,482,2,0.11695906432748537,Violation,11.7
W074,483,1,0.47731755424063116,Right,47.73
W074,483,0,0.4280078895463511,Left,42.8
W074,483,2,0.09467455621301775,Violation,9.47
W074,484,1,0.477124183006536,Right,47.71
W074,484,0,0.4095860566448802,Left,40.96
W074,484,2,0.11328976034858387,Violation,11.33
W074,485,0,0.4396728016359918,Left,43.97
W074,485,1,0.43149284253578735,Right,43.15
W074,485,2,0.12883435582822086,Violation,12.88
W074,486,1,0.3730886850152905,Right,37.31
W074,486,0,0.3333333333333333,Left,33.33
W074,486,2,0.29357798165137616,Violation,29.36
W074,488,1,0.4296577946768061,Right,42.97
W074,488,0,0.41254752851711024,Left,41.25
W074,488,2,0.15779467680608364,Violation,15.78
W074,489,1,0.44150943396226416,Right,44.15
W074,489,0,0.42452830188679247,Left,42.45
W074,489,2,0.1339622641509434,Violation,13.4
W074,490,1,0.4646017699115044,Right,46.46
W074,490,0,0.4225663716814159,Left,42.26
W074,490,2,0.11283185840707964,Violation,11.28
W074,491,1,0.45898778359511344,Right,45.9
W074,491,0,0.450261780104712,Left,45.03
W074,491,2,0.09075043630017451,Violation,9.08
W074,492,0,0.45751633986928103,Left,45.75
W074,492,1,0.45098039215686275,Right,45.1
W074,492,2,0.0915032679738562,Violation,9.15
W074,493,1,0.4934086629001883,Right,49.34
W074,493,0,0.4613935969868173,Left,46.14
W074,493,2,0.04519774011299435,Violation,4.52
W074,494,0,0.4757630161579892,Left,47.58
W074,494,1,0.4631956912028725,Right,46.32
W074,494,2,0.06104129263913824,Violation,6.1
W074,495,1,0.45544554455445546,Right,45.54
W074,495,0,0.4514851485148515,Left,45.15
W074,495,2,0.09306930693069307,Violation,9.31
W074,496,0,0.46808510638297873,Left,46.81
W074,496,1,0.46335697399527187,Right,46.34
W074,496,2,0.06855791962174941,Violation,6.86
W074,497,0,0.47674418604651164,Left,47.67
W074,497,1,0.46744186046511627,Right,46.74
W074,497,2,0.05581395348837209,Violation,5.58
W074,498,1,0.4626865671641791,Right,46.27
W074,498,0,0.43656716417910446,Left,43.66
W074,498,2,0.10074626865671642,Violation,10.07
W074,499,1,0.4298245614035088,Right,42.98
W074,499,0,0.41403508771929826,Left,41.4
W074,499,2,0.156140350877193,Violation,15.61
W074,500,1,0.46416938110749184,Right,46.42
W074,500,0,0.40716612377850164,Left,40.72
W074,500,2,0.12866449511400652,Violation,12.87
W074,501,1,0.37401574803149606,Right,37.4
W074,501,0,0.3700787401574803,Left,37.01
W074,501,2,0.2559055118110236,Violation,25.59
W074,502,1,0.4349593495934959,Right,43.5
W074,502,0,0.4166666666666667,Left,41.67
W074,502,2,0.1483739837398374,Violation,14.84
W074,503,0,0.4308617234468938,Left,43.09
W074,503,1,0.42685370741482964,Right,42.69
W074,503,2,0.14228456913827656,Violation,14.23
W074,504,0,0.36156351791530944,Left,36.16
W074,504,1,0.33876221498371334,Right,33.88
W074,504,2,0.2996742671009772,Violation,29.97
W074,505,0,0.4142335766423358,Left,41.42
W074,505,1,0.3813868613138686,Right,38.14
W074,505,2,0.20437956204379562,Violation,20.44
W074,506,1,0.44508670520231214,Right,44.51
W074,506,0,0.3930635838150289,Left,39.31
W074,506,2,0.16184971098265896,Violation,16.18
W074,507,1,0.475103734439834,Right,47.51
W074,507,0,0.3796680497925311,Left,37.97
W074,507,2,0.14522821576763487,Violation,14.52
W074,508,1,0.44878048780487806,Right,44.88
W074,508,0,0.3829268292682927,Left,38.29
W074,508,2,0.16829268292682928,Violation,16.83
W074,509,1,0.4218181818181818,Right,42.18
W074,509,0,0.3927272727272727,Left,39.27
W074,509,2,0.18545454545454546,Violation,18.55
W074,510,1,0.45132743362831856,Right,45.13
W074,510,0,0.4446902654867257,Left,44.47
W074,510,2,0.10398230088495575,Violation,10.4
W074,511,1,0.450354609929078,Right,45.04
W074,511,0,0.4379432624113475,Left,43.79
W074,511,2,0.11170212765957446,Violation,11.17
W074,512,1,0.47522935779816516,Right,47.52
W074,512,0,0.42935779816513764,Left,42.94
W074,512,2,0.09541284403669725,Violation,9.54
W074,513,1,0.4763636363636364,Right,47.64
W074,513,0,0.44,Left,44.0
W074,513,2,0.08363636363636363,Violation,8.36
W074,514,0,0.4543269230769231,Left,45.43
W074,514,1,0.4375,Right,43.75
W074,514,2,0.10817307692307693,Violation,10.82
W074,515,1,0.4775510204081633,Right,47.76
W074,515,0,0.4142857142857143,Left,41.43
W074,515,2,0.10816326530612246,Violation,10.82
W074,516,1,0.4376130198915009,Right,43.76
W074,516,0,0.4267631103074141,Left,42.68
W074,516,2,0.13562386980108498,Violation,13.56
W074,517,1,0.46408839779005523,Right,46.41
W074,517,0,0.44751381215469616,Left,44.75
W074,517,2,0.08839779005524862,Violation,8.84
W074,518,1,0.5009523809523809,Right,50.1
W074,518,0,0.44571428571428573,Left,44.57
W074,518,2,0.05333333333333334,Violation,5.33
W074,519,1,0.46741154562383613,Right,46.74
W074,519,0,0.441340782122905,Left,44.13
W074,519,2,0.09124767225325885,Violation,9.12
W074,520,1,0.49272727272727274,Right,49.27
W074,520,0,0.44181818181818183,Left,44.18
W074,520,2,0.06545454545454546,Violation,6.55
W074,521,1,0.49264705882352944,Right,49.26
W074,521,0,0.45955882352941174,Left,45.96
W074,521,2,0.04779411764705882,Violation,4.78
W074,522,1,0.4668094218415418,Right,46.68
W074,522,0,0.43254817987152033,Left,43.25
W074,522,2,0.1006423982869379,Violation,10.06
W074,523,1,0.4612676056338028,Right,46.13
W074,523,0,0.4454225352112676,Left,44.54
W074,523,2,0.09330985915492958,Violation,9.33
W074,524,1,0.4857142857142857,Right,48.57
W074,524,0,0.4552380952380952,Left,45.52
W074,524,2,0.05904761904761905,Violation,5.9
W074,525,1,0.4927797833935018,Right,49.28
W074,525,0,0.4332129963898917,Left,43.32
W074,525,2,0.0740072202166065,Violation,7.4
W074,526,0,0.4741532976827095,Left,47.42
W074,526,1,0.45098039215686275,Right,45.1
W074,526,2,0.0748663101604278,Violation,7.49
W074,527,1,0.4962962962962963,Right,49.63
W074,527,0,0.43703703703703706,Left,43.7
W074,527,2,0.06666666666666667,Violation,6.67
W074,528,1,0.45759368836291914,Right,45.76
W074,528,0,0.4181459566074951,Left,41.81
W074,528,2,0.1242603550295858,Violation,12.43
W074,529,1,0.489010989010989,Right,48.9
W074,529,0,0.4267399267399267,Left,42.67
W074,529,2,0.08424908424908426,Violation,8.42
W074,530,1,0.4517766497461929,Right,45.18
W074,530,0,0.4263959390862944,Left,42.64
W074,530,2,0.1218274111675127,Violation,12.18
W074,531,1,0.47027972027972026,Right,47.03
W074,531,0,0.458041958041958,Left,45.8
W074,531,2,0.07167832167832168,Violation,7.17
W074,532,1,0.44908180300500833,Right,44.91
W074,532,0,0.44240400667779634,Left,44.24
W074,532,2,0.10851419031719532,Violation,10.85
W074,533,1,0.5027322404371585,Right,50.27
W074,533,0,0.4663023679417122,Left,46.63
W074,533,2,0.030965391621129327,Violation,3.1
W074,534,1,0.5042158516020236,Right,50.42
W074,534,0,0.41652613827993257,Left,41.65
W074,534,2,0.07925801011804384,Violation,7.93
W074,535,0,0.47959183673469385,Left,47.96
W074,535,1,0.4163265306122449,Right,41.63
W074,535,2,0.10408163265306122,Violation,10.41
W074,536,0,0.476280834914611,Left,47.63
W074,536,1,0.45351043643263755,Right,45.35
W074,536,2,0.07020872865275142,Violation,7.02
W074,537,1,0.47619047619047616,Right,47.62
W074,537,0,0.46886446886446886,Left,46.89
W074,537,2,0.054945054945054944,Violation,5.49
W074,538,1,0.4761092150170648,Right,47.61
W074,538,0,0.46245733788395904,Left,46.25
W074,538,2,0.06143344709897611,Violation,6.14
W074,539,1,0.4708994708994709,Right,47.09
W074,539,0,0.43386243386243384,Left,43.39
W074,539,2,0.09523809523809523,Violation,9.52
W074,540,1,0.44810543657331137,Right,44.81
W074,540,0,0.4102141680395387,Left,41.02
W074,540,2,0.1416803953871499,Violation,14.17
W074,541,1,0.49544626593806923,Right,49.54
W074,541,0,0.4426229508196721,Left,44.26
W074,541,2,0.061930783242258654,Violation,6.19
W074,542,1,0.498134328358209,Right,49.81
W074,542,0,0.458955223880597,Left,45.9
W074,542,2,0.04291044776119403,Violation,4.29
W074,543,0,0.4570446735395189,Left,45.7
W074,543,1,0.4484536082474227,Right,44.85
W074,543,2,0.09450171821305842,Violation,9.45
W074,544,1,0.5027124773960217,Right,50.27
W074,544,0,0.4430379746835443,Left,44.3
W074,544,2,0.054249547920433995,Violation,5.42
W074,545,1,0.48639455782312924,Right,48.64
W074,545,0,0.4574829931972789,Left,45.75
W074,545,2,0.05612244897959184,Violation,5.61
W074,546,0,0.473421926910299,Left,47.34
W074,546,1,0.45182724252491696,Right,45.18
W074,546,2,0.07475083056478406,Violation,7.48
W074,547,1,0.4726962457337884,Right,47.27
W074,547,0,0.4658703071672355,Left,46.59
W074,547,2,0.06143344709897611,Violation,6.14
W074,548,1,0.4581497797356828,Right,45.81
W074,548,0,0.44273127753303965,Left,44.27
W074,548,2,0.09911894273127753,Violation,9.91
W074,549,1,0.458984375,Right,45.9
W074,549,0,0.455078125,Left,45.51
W074,549,2,0.0859375,Violation,8.59
W074,550,0,0.46098003629764067,Left,46.1
W074,550,1,0.4573502722323049,Right,45.74
W074,550,2,0.08166969147005444,Violation,8.17
W074,551,1,0.4965156794425087,Right,49.65
W074,551,0,0.45121951219512196,Left,45.12
W074,551,2,0.05226480836236934,Violation,5.23
W074,552,1,0.478476821192053,Right,47.85
W074,552,0,0.4288079470198676,Left,42.88
W074,552,2,0.09271523178807947,Violation,9.27
W074,553,0,0.47088186356073214,Left,47.09
W074,553,1,0.47088186356073214,Right,47.09
W074,553,2,0.05823627287853577,Violation,5.82
W074,554,1,0.4855595667870036,Right,48.56
W074,554,0,0.4151624548736462,Left,41.52
W074,554,2,0.09927797833935018,Violation,9.93
W074,555,1,0.48322147651006714,Right,48.32
W074,555,0,0.4250559284116331,Left,42.51
W074,555,2,0.09172259507829977,Violation,9.17
W074,556,0,0.49333333333333335,Left,49.33
W074,556,1,0.4577777777777778,Right,45.78
W074,556,2,0.04888888888888889,Violation,4.89
W074,557,1,0.5064377682403434,Right,50.64
W074,557,0,0.41630901287553645,Left,41.63
W074,557,2,0.07725321888412018,Violation,7.73
W074,558,1,0.4610169491525424,Right,46.1
W074,558,0,0.4,Left,40.0
W074,558,2,0.13898305084745763,Violation,13.9
W074,559,0,0.4541387024608501,Left,45.41
W074,559,1,0.44966442953020136,Right,44.97
W074,559,2,0.09619686800894854,Violation,9.62
W074,560,1,0.4452423698384201,Right,44.52
W074,560,0,0.44165170556552963,Left,44.17
W074,560,2,0.11310592459605028,Violation,11.31
W074,561,0,0.47183098591549294,Left,47.18
W074,561,1,0.44366197183098594,Right,44.37
W074,561,2,0.08450704225352113,Violation,8.45
W074,562,0,0.4865831842576029,Left,48.66
W074,562,1,0.407871198568873,Right,40.79
W074,562,2,0.10554561717352415,Violation,10.55
W074,563,1,0.4583333333333333,Right,45.83
W074,563,0,0.43201754385964913,Left,43.2
W074,563,2,0.10964912280701754,Violation,10.96
W074,564,0,0.46420323325635104,Left,46.42
W074,564,1,0.46420323325635104,Right,46.42
W074,564,2,0.07159353348729793,Violation,7.16
W074,565,1,0.4659498207885305,Right,46.59
W074,565,0,0.44802867383512546,Left,44.8
W074,565,2,0.08602150537634409,Violation,8.6
W074,566,1,0.45146726862302483,Right,45.15
W074,566,0,0.43340857787810383,Left,43.34
W074,566,2,0.11512415349887133,Violation,11.51
W074,567,1,0.4787234042553192,Right,47.87
W074,567,0,0.4219858156028369,Left,42.2
W074,567,2,0.09929078014184398,Violation,9.93
W074,568,1,0.5055350553505535,Right,50.55
W074,568,0,0.4059040590405904,Left,40.59
W074,568,2,0.08856088560885608,Violation,8.86
W074,569,1,0.5038167938931297,Right,50.38
W074,569,0,0.41475826972010177,Left,41.48
W074,569,2,0.08142493638676845,Violation,8.14
W074,570,1,0.4018181818181818,Right,40.18
W074,570,0,0.37272727272727274,Left,37.27
W074,570,2,0.22545454545454546,Violation,22.55
W074,571,1,0.49364791288566245,Right,49.36
W074,571,0,0.40834845735027225,Left,40.83
W074,571,2,0.09800362976406533,Violation,9.8
W074,572,1,0.49206349206349204,Right,49.21
W074,572,0,0.42857142857142855,Left,42.86
W074,572,2,0.07936507936507936,Violation,7.94
W074,573,0,0.42487046632124353,Left,42.49
W074,573,1,0.41968911917098445,Right,41.97
W074,573,2,0.15544041450777202,Violation,15.54
W074,574,1,0.4628712871287129,Right,46.29
W074,574,0,0.39603960396039606,Left,39.6
W074,574,2,0.14108910891089108,Violation,14.11
W074,575,1,0.45874587458745875,Right,45.87
W074,575,0,0.4438943894389439,Left,44.39
W074,575,2,0.09735973597359736,Violation,9.74
W074,576,1,0.4312796208530806,Right,43.13
W074,576,0,0.3981042654028436,Left,39.81
W074,576,2,0.17061611374407584,Violation,17.06
W074,577,0,0.49440715883668906,Left,49.44
W074,577,1,0.4451901565995526,Right,44.52
W074,577,2,0.06040268456375839,Violation,6.04
W074,578,1,0.47840531561461797,Right,47.84
W074,578,0,0.4318936877076412,Left,43.19
W074,578,2,0.08970099667774087,Violation,8.97
W074,579,1,0.4915254237288136,Right,49.15
W074,579,0,0.4689265536723164,Left,46.89
W074,579,2,0.03954802259887006,Violation,3.95
W074,580,1,0.48214285714285715,Right,48.21
W074,580,0,0.44107142857142856,Left,44.11
W074,580,2,0.07678571428571429,Violation,7.68
W074,581,1,0.4930662557781202,Right,49.31
W074,581,0,0.4268104776579353,Left,42.68
W074,581,2,0.08012326656394453,Violation,8.01
W074,582,1,0.4720394736842105,Right,47.2
W074,582,0,0.4588815789473684,Left,45.89
W074,582,2,0.06907894736842106,Violation,6.91
W074,583,1,0.4924406047516199,Right,49.24
W074,583,0,0.43628509719222464,Left,43.63
W074,583,2,0.07127429805615551,Violation,7.13
W074,584,1,0.4791666666666667,Right,47.92
W074,584,0,0.45265151515151514,Left,45.27
W074,584,2,0.06818181818181818,Violation,6.82
W074,585,0,0.4763358778625954,Left,47.63
W074,585,1,0.44274809160305345,Right,44.27
W074,585,2,0.08091603053435115,Violation,8.09
W074,586,1,0.4139402560455192,Right,41.39
W074,586,0,0.4096728307254623,Left,40.97
W074,586,2,0.1763869132290185,Violation,17.64
W074,587,1,0.47416413373860183,Right,47.42
W074,587,0,0.44832826747720367,Left,44.83
W074,587,2,0.07750759878419453,Violation,7.75
W074,588,1,0.4878048780487805,Right,48.78
W074,588,0,0.44715447154471544,Left,44.72
W074,588,2,0.06504065040650407,Violation,6.5
W074,589,0,0.4737631184407796,Left,47.38
W074,589,1,0.4737631184407796,Right,47.38
W074,589,2,0.05247376311844078,Violation,5.25
W074,590,0,0.46506986027944114,Left,46.51
W074,590,1,0.45708582834331335,Right,45.71
W074,590,2,0.07784431137724551,Violation,7.78
W074,591,0,0.4821002386634845,Left,48.21
W074,591,1,0.4630071599045346,Right,46.3
W074,591,2,0.05489260143198091,Violation,5.49
W074,592,0,0.4711864406779661,Left,47.12
W074,592,1,0.4661016949152542,Right,46.61
W074,592,2,0.06271186440677966,Violation,6.27
W074,593,1,0.47976011994003,Right,47.98
W074,593,0,0.43478260869565216,Left,43.48
W074,593,2,0.08545727136431784,Violation,8.55
W074,594,0,0.47202797202797203,Left,47.2
W074,594,1,0.45454545454545453,Right,45.45
W074,594,2,0.07342657342657342,Violation,7.34
W074,595,1,0.45544554455445546,Right,45.54
W074,595,0,0.44554455445544555,Left,44.55
W074,595,2,0.09900990099009901,Violation,9.9
W074,596,0,0.48194662480376765,Left,48.19
W074,596,1,0.4474097331240188,Right,44.74
W074,596,2,0.0706436420722135,Violation,7.06
W074,597,1,0.49310344827586206,Right,49.31
W074,597,0,0.4379310344827586,Left,43.79
W074,597,2,0.06896551724137931,Violation,6.9
W074,598,1,0.50199203187251,Right,50.2
W074,598,0,0.44223107569721115,Left,44.22
W074,598,2,0.055776892430278883,Violation,5.58
W074,599,1,0.4609494640122512,Right,46.09
W074,599,0,0.445635528330781,Left,44.56
W074,599,2,0.09341500765696784,Violation,9.34
W074,600,1,0.47337278106508873,Right,47.34
W074,600,0,0.45857988165680474,Left,45.86
W074,600,2,0.06804733727810651,Violation,6.8
W074,601,0,0.47878787878787876,Left,47.88
W074,601,1,0.4121212121212121,Right,41.21
W074,601,2,0.10909090909090909,Violation,10.91
W074,602,0,0.4507462686567164,Left,45.07
W074,602,1,0.44776119402985076,Right,44.78
W074,602,2,0.10149253731343283,Violation,10.15
W074,603,0,0.4610951008645533,Left,46.11
W074,603,1,0.4553314121037464,Right,45.53
W074,603,2,0.08357348703170028,Violation,8.36
W074,604,1,0.47854785478547857,Right,47.85
W074,604,0,0.4521452145214521,Left,45.21
W074,604,2,0.06930693069306931,Violation,6.93
W074,605,0,0.46199701937406856,Left,46.2
W074,605,1,0.45901639344262296,Right,45.9
W074,605,2,0.07898658718330849,Violation,7.9
W074,606,1,0.4691011235955056,Right,46.91
W074,606,0,0.45224719101123595,Left,45.22
W074,606,2,0.07865168539325842,Violation,7.87
W074,607,1,0.4577572964669739,Right,45.78
W074,607,0,0.4393241167434716,Left,43.93
W074,607,2,0.10291858678955453,Violation,10.29
W074,608,1,0.4627831715210356,Right,46.28
W074,608,0,0.45792880258899676,Left,45.79
W074,608,2,0.07928802588996764,Violation,7.93
W074,609,0,0.4622093023255814,Left,46.22
W074,609,1,0.4331395348837209,Right,43.31
W074,609,2,0.10465116279069768,Violation,10.47
W074,610,0,0.4330708661417323,Left,43.31
W074,610,1,0.41929133858267714,Right,41.93
W074,610,2,0.14763779527559054,Violation,14.76
W074,611,1,0.45857988165680474,Right,45.86
W074,611,0,0.44822485207100593,Left,44.82
W074,611,2,0.09319526627218935,Violation,9.32
W074,612,0,0.4267605633802817,Left,42.68
W074,612,1,0.4070422535211268,Right,40.7
W074,612,2,0.16619718309859155,Violation,16.62
W074,613,0,0.45871559633027525,Left,45.87
W074,613,1,0.4510703363914373,Right,45.11
W074,613,2,0.09021406727828746,Violation,9.02
W074,614,0,0.4777777777777778,Left,47.78
W074,614,1,0.43492063492063493,Right,43.49
W074,614,2,0.0873015873015873,Violation,8.73
W074,615,1,0.4780564263322884,Right,47.81
W074,615,0,0.45297805642633227,Left,45.3
W074,615,2,0.06896551724137931,Violation,6.9
W074,616,1,0.45840130505709625,Right,45.84
W074,616,0,0.43882544861337686,Left,43.88
W074,616,2,0.10277324632952692,Violation,10.28
W074,617,1,0.4918793503480278,Right,49.19
W074,617,0,0.40835266821345706,Left,40.84
W074,617,2,0.09976798143851508,Violation,9.98
W074,618,1,0.4602510460251046,Right,46.03
W074,618,0,0.43654114365411434,Left,43.65
W074,618,2,0.10320781032078104,Violation,10.32
W074,619,0,0.49921752738654146,Left,49.92
W074,619,1,0.4209702660406886,Right,42.1
W074,619,2,0.07981220657276995,Violation,7.98
W074,620,0,0.4381818181818182,Left,43.82
W074,620,1,0.43454545454545457,Right,43.45
W074,620,2,0.12727272727272726,Violation,12.73
W074,621,1,0.47282608695652173,Right,47.28
W074,621,0,0.44021739130434784,Left,44.02
W074,621,2,0.08695652173913043,Violation,8.7
W074,622,1,0.4562607204116638,Right,45.63
W074,622,0,0.39622641509433965,Left,39.62
W074,622,2,0.14751286449399656,Violation,14.75
W074,623,1,0.425,Right,42.5
W074,623,0,0.41964285714285715,Left,41.96
W074,623,2,0.15535714285714286,Violation,15.54
W074,624,1,0.43103448275862066,Right,43.1
W074,624,0,0.42528735632183906,Left,42.53
W074,624,2,0.14367816091954022,Violation,14.37
W074,625,1,0.451505016722408,Right,45.15
W074,625,0,0.3745819397993311,Left,37.46
W074,625,2,0.17391304347826086,Violation,17.39
W074,626,1,0.40619307832422585,Right,40.62
W074,626,0,0.3697632058287796,Left,36.98
W074,626,2,0.22404371584699453,Violation,22.4
W074,627,1,0.4592,Right,45.92
W074,627,0,0.3872,Left,38.72
W074,627,2,0.1536,Violation,15.36
W074,628,1,0.4340344168260038,Right,43.4
W074,628,0,0.4149139579349904,Left,41.49
W074,628,2,0.15105162523900573,Violation,15.11
W074,629,1,0.45072992700729925,Right,45.07
W074,629,0,0.4251824817518248,Left,42.52
W074,629,2,0.12408759124087591,Violation,12.41
W074,630,1,0.4357142857142857,Right,43.57
W074,630,0,0.3982142857142857,Left,39.82
W074,630,2,0.16607142857142856,Violation,16.61
W074,631,1,0.40458015267175573,Right,40.46
W074,631,0,0.3638676844783715,Left,36.39
W074,631,2,0.23155216284987276,Violation,23.16
W074,632,1,0.4469565217391304,Right,44.7
W074,632,0,0.38608695652173913,Left,38.61
W074,632,2,0.16695652173913045,Violation,16.7
W074,633,1,0.425531914893617,Right,42.55
W074,633,0,0.3780687397708674,Left,37.81
W074,633,2,0.19639934533551553,Violation,19.64
W074,634,1,0.4422187981510015,Right,44.22
W074,634,0,0.38366718027734975,Left,38.37
W074,634,2,0.17411402157164868,Violation,17.41
W074,635,1,0.4453924914675768,Right,44.54
W074,635,0,0.3771331058020478,Left,37.71
W074,635,2,0.17747440273037543,Violation,17.75
W074,636,1,0.4458041958041958,Right,44.58
W074,636,0,0.3916083916083916,Left,39.16
W074,636,2,0.16258741258741258,Violation,16.26
W074,637,1,0.42170818505338076,Right,42.17
W074,637,0,0.4199288256227758,Left,41.99
W074,637,2,0.1583629893238434,Violation,15.84
W074,638,1,0.43922651933701656,Right,43.92
W074,638,0,0.3812154696132597,Left,38.12
W074,638,2,0.17955801104972377,Violation,17.96
W074,639,1,0.4170940170940171,Right,41.71
W074,639,0,0.37435897435897436,Left,37.44
W074,639,2,0.20854700854700856,Violation,20.85
W074,640,1,0.44770642201834865,Right,44.77
W074,640,0,0.43486238532110094,Left,43.49
W074,640,2,0.11743119266055047,Violation,11.74
W074,641,0,0.4213197969543147,Left,42.13
W074,641,1,0.41624365482233505,Right,41.62
W074,641,2,0.16243654822335024,Violation,16.24
W074,642,1,0.4548872180451128,Right,45.49
W074,642,0,0.42857142857142855,Left,42.86
W074,642,2,0.11654135338345864,Violation,11.65
W074,643,1,0.43657331136738053,Right,43.66
W074,643,0,0.4184514003294893,Left,41.85
W074,643,2,0.14497528830313014,Violation,14.5
W074,644,1,0.4318936877076412,Right,43.19
W074,644,0,0.42358803986710963,Left,42.36
W074,644,2,0.14451827242524917,Violation,14.45
W074,645,0,0.43833017077798864,Left,43.83
W074,645,1,0.43263757115749524,Right,43.26
W074,645,2,0.12903225806451613,Violation,12.9
W074,646,1,0.4479495268138801,Right,44.79
W074,646,0,0.4069400630914827,Left,40.69
W074,646,2,0.14511041009463724,Violation,14.51
W074,647,1,0.43914473684210525,Right,43.91
W074,647,0,0.4243421052631579,Left,42.43
W074,647,2,0.13651315789473684,Violation,13.65
W074,648,1,0.44223107569721115,Right,44.22
W074,648,0,0.4302788844621514,Left,43.03
W074,648,2,0.12749003984063745,Violation,12.75
W074,649,1,0.4095826893353941,Right,40.96
W074,649,0,0.40494590417310666,Left,40.49
W074,649,2,0.18547140649149924,Violation,18.55
W074,650,1,0.4427350427350427,Right,44.27
W074,650,0,0.4222222222222222,Left,42.22
W074,650,2,0.13504273504273503,Violation,13.5
W074,651,1,0.42569659442724456,Right,42.57
W074,651,0,0.39473684210526316,Left,39.47
W074,651,2,0.17956656346749225,Violation,17.96
W074,652,1,0.4344262295081967,Right,43.44
W074,652,0,0.41475409836065574,Left,41.48
W074,652,2,0.15081967213114755,Violation,15.08
W074,653,1,0.4451219512195122,Right,44.51
W074,653,0,0.38414634146341464,Left,38.41
W074,653,2,0.17073170731707318,Violation,17.07
W074,654,1,0.4714765100671141,Right,47.15
W074,654,0,0.39429530201342283,Left,39.43
W074,654,2,0.1342281879194631,Violation,13.42
W074,655,1,0.44878957169459965,Right,44.88
W074,655,0,0.39664804469273746,Left,39.66
W074,655,2,0.15456238361266295,Violation,15.46
W074,656,1,0.4178628389154705,Right,41.79
W074,656,0,0.41148325358851673,Left,41.15
W074,656,2,0.17065390749601275,Violation,17.07
W074,657,1,0.45084745762711864,Right,45.08
W074,657,0,0.4101694915254237,Left,41.02
W074,657,2,0.13898305084745763,Violation,13.9
W074,658,1,0.4723320158102767,Right,47.23
W074,658,0,0.391304347826087,Left,39.13
W074,658,2,0.13636363636363635,Violation,13.64
W074,659,0,0.461038961038961,Left,46.1
W074,659,1,0.3912337662337662,Right,39.12
W074,659,2,0.14772727272727273,Violation,14.77
W074,660,1,0.47566718995290425,Right,47.57
W074,660,0,0.4003139717425432,Left,40.03
W074,660,2,0.12401883830455258,Violation,12.4
W075,126,1,0.4119047619047619,Right,41.19
W075,126,0,0.40476190476190477,Left,40.48
W075,126,2,0.18333333333333332,Violation,18.33
W075,127,1,0.4297994269340974,Right,42.98
W075,127,0,0.42406876790830944,Left,42.41
W075,127,2,0.14613180515759314,Violation,14.61
W075,128,1,0.4420731707317073,Right,44.21
W075,128,0,0.40853658536585363,Left,40.85
W075,128,2,0.14939024390243902,Violation,14.94
W075,129,1,0.4373401534526854,Right,43.73
W075,129,0,0.38107416879795397,Left,38.11
W075,129,2,0.1815856777493606,Violation,18.16
W075,130,0,0.43031784841075793,Left,43.03
W075,130,1,0.4058679706601467,Right,40.59
W075,130,2,0.16381418092909536,Violation,16.38
W075,131,1,0.41492537313432837,Right,41.49
W075,131,0,0.408955223880597,Left,40.9
W075,131,2,0.1761194029850746,Violation,17.61
W075,132,0,0.4513715710723192,Left,45.14
W075,132,1,0.39650872817955113,Right,39.65
W075,132,2,0.15211970074812967,Violation,15.21
W075,133,1,0.42606516290726815,Right,42.61
W075,133,0,0.41353383458646614,Left,41.35
W075,133,2,0.16040100250626566,Violation,16.04
W075,134,1,0.4398976982097187,Right,43.99
W075,134,0,0.42710997442455245,Left,42.71
W075,134,2,0.1329923273657289,Violation,13.3
W075,135,1,0.4624413145539906,Right,46.24
W075,135,0,0.41784037558685444,Left,41.78
W075,135,2,0.11971830985915492,Violation,11.97
W075,136,1,0.43640897755610975,Right,43.64
W075,136,0,0.38403990024937656,Left,38.4
W075,136,2,0.17955112219451372,Violation,17.96
W075,137,1,0.4271604938271605,Right,42.72
W075,137,0,0.39753086419753086,Left,39.75
W075,137,2,0.17530864197530865,Violation,17.53
W075,138,1,0.4391304347826087,Right,43.91
W075,138,0,0.3826086956521739,Left,38.26
W075,138,2,0.1782608695652174,Violation,17.83
W075,139,0,0.4576271186440678,Left,45.76
W075,139,1,0.4124293785310734,Right,41.24
W075,139,2,0.12994350282485875,Violation,12.99
W075,140,1,0.43059490084985835,Right,43.06
W075,140,0,0.42776203966005666,Left,42.78
W075,140,2,0.141643059490085,Violation,14.16
W075,141,0,0.4157608695652174,Left,41.58
W075,141,1,0.3641304347826087,Right,36.41
W075,141,2,0.22010869565217392,Violation,22.01
W075,142,1,0.41836734693877553,Right,41.84
W075,142,0,0.41581632653061223,Left,41.58
W075,142,2,0.16581632653061223,Violation,16.58
W075,143,1,0.4208955223880597,Right,42.09
W075,143,0,0.3940298507462687,Left,39.4
W075,143,2,0.18507462686567164,Violation,18.51
W075,144,0,0.40987654320987654,Left,40.99
W075,144,1,0.37530864197530867,Right,37.53
W075,144,2,0.21481481481481482,Violation,21.48
W075,145,1,0.452970297029703,Right,45.3
W075,145,0,0.42326732673267325,Left,42.33
W075,145,2,0.12376237623762376,Violation,12.38
W075,146,0,0.4658385093167702,Left,46.58
W075,146,1,0.41304347826086957,Right,41.3
W075,146,2,0.12111801242236025,Violation,12.11
W075,147,0,0.3830227743271222,Left,38.3
W075,147,1,0.3498964803312629,Right,34.99
W075,147,2,0.2670807453416149,Violation,26.71
W075,148,0,0.36818181818181817,Left,36.82
W075,148,1,0.3613636363636364,Right,36.14
W075,148,2,0.27045454545454545,Violation,27.05
W075,149,1,0.4144927536231884,Right,41.45
W075,149,0,0.40869565217391307,Left,40.87
W075,149,2,0.17681159420289855,Violation,17.68
W075,150,1,0.46296296296296297,Right,46.3
W075,150,0,0.4050925925925926,Left,40.51
W075,150,2,0.13194444444444445,Violation,13.19
W075,151,0,0.3960674157303371,Left,39.61
W075,151,1,0.3707865168539326,Right,37.08
W075,151,2,0.23314606741573032,Violation,23.31
W075,152,1,0.4326647564469914,Right,43.27
W075,152,0,0.39255014326647564,Left,39.26
W075,152,2,0.17478510028653296,Violation,17.48
W075,153,0,0.40582959641255606,Left,40.58
W075,153,1,0.3811659192825112,Right,38.12
W075,153,2,0.21300448430493274,Violation,21.3
W075,154,0,0.4482758620689655,Left,44.83
W075,154,1,0.3994252873563218,Right,39.94
W075,154,2,0.15229885057471265,Violation,15.23
W075,155,1,0.45,Right,45.0
W075,155,0,0.41,Left,41.0
W075,155,2,0.14,Violation,14.0
W075,156,1,0.44510385756676557,Right,44.51
W075,156,0,0.4094955489614243,Left,40.95
W075,156,2,0.14540059347181009,Violation,14.54
W075,157,1,0.43832020997375326,Right,43.83
W075,157,0,0.41732283464566927,Left,41.73
W075,157,2,0.14435695538057744,Violation,14.44
W075,158,0,0.3790849673202614,Left,37.91
W075,158,1,0.37254901960784315,Right,37.25
W075,158,2,0.24836601307189543,Violation,24.84
W075,159,0,0.44542772861356933,Left,44.54
W075,159,1,0.41002949852507375,Right,41.0
W075,159,2,0.14454277286135694,Violation,14.45
W075,160,1,0.4444444444444444,Right,44.44
W075,160,0,0.4327485380116959,Left,43.27
W075,160,2,0.12280701754385964,Violation,12.28
W075,161,0,0.4282051282051282,Left,42.82
W075,161,1,0.4,Right,40.0
W075,161,2,0.1717948717948718,Violation,17.18
W075,162,1,0.4403409090909091,Right,44.03
W075,162,0,0.42045454545454547,Left,42.05
W075,162,2,0.13920454545454544,Violation,13.92
W075,163,1,0.40524781341107874,Right,40.52
W075,163,0,0.40233236151603496,Left,40.23
W075,163,2,0.1924198250728863,Violation,19.24
W075,164,1,0.42776203966005666,Right,42.78
W075,164,0,0.40509915014164305,Left,40.51
W075,164,2,0.1671388101983003,Violation,16.71
W075,165,0,0.4146981627296588,Left,41.47
W075,165,1,0.3858267716535433,Right,38.58
W075,165,2,0.1994750656167979,Violation,19.95
W075,166,1,0.3401015228426396,Right,34.01
W075,166,2,0.3350253807106599,Violation,33.5
W075,166,0,0.3248730964467005,Left,32.49
W075,167,2,0.4960159362549801,Violation,49.6
W075,167,1,0.25298804780876494,Right,25.3
W075,167,0,0.250996015936255,Left,25.1
W075,168,1,0.37066666666666664,Right,37.07
W075,168,0,0.3546666666666667,Left,35.47
W075,168,2,0.27466666666666667,Violation,27.47
W075,169,1,0.36893203883495146,Right,36.89
W075,169,2,0.3333333333333333,Violation,33.33
W075,169,0,0.2977346278317152,Left,29.77
W075,170,1,0.4404432132963989,Right,44.04
W075,170,0,0.42105263157894735,Left,42.11
W075,170,2,0.13850415512465375,Violation,13.85
W075,171,1,0.39235412474849096,Right,39.24
W075,171,0,0.3822937625754527,Left,38.23
W075,171,2,0.22535211267605634,Violation,22.54
W075,172,1,0.4225663716814159,Right,42.26
W075,172,0,0.4004424778761062,Left,40.04
W075,172,2,0.17699115044247787,Violation,17.7
W075,173,1,0.40774487471526194,Right,40.77
W075,173,0,0.3917995444191344,Left,39.18
W075,173,2,0.20045558086560364,Violation,20.05
W075,174,1,0.42990654205607476,Right,42.99
W075,174,0,0.3574766355140187,Left,35.75
W075,174,2,0.21261682242990654,Violation,21.26
W075,175,1,0.39539748953974896,Right,39.54
W075,175,0,0.3472803347280335,Left,34.73
W075,175,2,0.25732217573221755,Violation,25.73
W075,176,1,0.39285714285714285,Right,39.29
W075,176,0,0.36904761904761907,Left,36.9
W075,176,2,0.23809523809523808,Violation,23.81
W075,177,1,0.40976645435244163,Right,40.98
W075,177,0,0.3821656050955414,Left,38.22
W075,177,2,0.208067940552017,Violation,20.81
W075,178,1,0.4173387096774194,Right,41.73
W075,178,0,0.3850806451612903,Left,38.51
W075,178,2,0.1975806451612903,Violation,19.76
W075,179,0,0.3881856540084388,Left,38.82
W075,179,1,0.3860759493670886,Right,38.61
W075,179,2,0.22573839662447256,Violation,22.57
W075,180,1,0.381294964028777,Right,38.13
W075,180,0,0.33573141486810554,Left,33.57
W075,180,2,0.2829736211031175,Violation,28.3
W075,181,0,0.3945578231292517,Left,39.46
W075,181,1,0.3786848072562358,Right,37.87
W075,181,2,0.22675736961451248,Violation,22.68
W075,182,1,0.3941299790356394,Right,39.41
W075,182,0,0.32914046121593293,Left,32.91
W075,182,2,0.27672955974842767,Violation,27.67
W075,183,0,0.3755186721991701,Left,37.55
W075,183,1,0.3651452282157676,Right,36.51
W075,183,2,0.25933609958506226,Violation,25.93
W075,184,1,0.38549618320610685,Right,38.55
W075,184,0,0.3606870229007634,Left,36.07
W075,184,2,0.2538167938931298,Violation,25.38
W075,185,0,0.45555555555555555,Left,45.56
W075,185,1,0.4166666666666667,Right,41.67
W075,185,2,0.12777777777777777,Violation,12.78
W075,186,1,0.4791666666666667,Right,47.92
W075,186,0,0.4340277777777778,Left,43.4
W075,186,2,0.08680555555555555,Violation,8.68
W075,187,0,0.43478260869565216,Left,43.48
W075,187,1,0.42474916387959866,Right,42.47
W075,187,2,0.14046822742474915,Violation,14.05
W075,188,0,0.390625,Left,39.06
W075,188,1,0.38392857142857145,Right,38.39
W075,188,2,0.22544642857142858,Violation,22.54
W075,189,0,0.43829787234042555,Left,43.83
W075,189,1,0.3829787234042553,Right,38.3
W075,189,2,0.17872340425531916,Violation,17.87
W075,190,0,0.4183168316831683,Left,41.83
W075,190,1,0.39851485148514854,Right,39.85
W075,190,2,0.18316831683168316,Violation,18.32
W075,191,1,0.41732283464566927,Right,41.73
W075,191,0,0.3425196850393701,Left,34.25
W075,191,2,0.24015748031496062,Violation,24.02
W075,192,0,0.3722943722943723,Left,37.23
W075,192,1,0.37012987012987014,Right,37.01
W075,192,2,0.25757575757575757,Violation,25.76
W075,193,1,0.42369020501138954,Right,42.37
W075,193,0,0.3895216400911162,Left,38.95
W075,193,2,0.1867881548974943,Violation,18.68
W075,194,1,0.4367816091954023,Right,43.68
W075,194,0,0.3879310344827586,Left,38.79
W075,194,2,0.1752873563218391,Violation,17.53
W075,195,0,0.44871794871794873,Left,44.87
W075,195,1,0.4166666666666667,Right,41.67
W075,195,2,0.1346153846153846,Violation,13.46
W075,196,1,0.3831417624521073,Right,38.31
W075,196,0,0.32375478927203066,Left,32.38
W075,196,2,0.29310344827586204,Violation,29.31
W075,197,1,0.38675213675213677,Right,38.68
W075,197,0,0.38247863247863245,Left,38.25
W075,197,2,0.23076923076923078,Violation,23.08
W075,198,1,0.38257575757575757,Right,38.26
W075,198,0,0.3693181818181818,Left,36.93
W075,198,2,0.2481060606060606,Violation,24.81
W075,199,1,0.40756302521008403,Right,40.76
W075,199,0,0.4054621848739496,Left,40.55
W075,199,2,0.1869747899159664,Violation,18.7
W075,200,0,0.4331065759637188,Left,43.31
W075,200,1,0.4217687074829932,Right,42.18
W075,200,2,0.14512471655328799,Violation,14.51
W075,201,0,0.4375,Left,43.75
W075,201,1,0.4375,Right,43.75
W075,201,2,0.125,Violation,12.5
W075,202,0,0.43799472295514513,Left,43.8
W075,202,1,0.43535620052770446,Right,43.54
W075,202,2,0.1266490765171504,Violation,12.66
W075,203,1,0.38611713665943603,Right,38.61
W075,203,0,0.3600867678958785,Left,36.01
W075,203,2,0.25379609544468545,Violation,25.38
W075,204,1,0.44536082474226807,Right,44.54
W075,204,0,0.41649484536082476,Left,41.65
W075,204,2,0.13814432989690723,Violation,13.81
W075,205,0,0.45145631067961167,Left,45.15
W075,205,1,0.42475728155339804,Right,42.48
W075,205,2,0.12378640776699029,Violation,12.38
W075,206,0,0.4188911704312115,Left,41.89
W075,206,1,0.3860369609856263,Right,38.6
W075,206,2,0.19507186858316222,Violation,19.51
W075,207,1,0.448207171314741,Right,44.82
W075,207,0,0.37649402390438247,Left,37.65
W075,207,2,0.1752988047808765,Violation,17.53
W075,208,0,0.4810606060606061,Left,48.11
W075,208,1,0.375,Right,37.5
W075,208,2,0.14393939393939395,Violation,14.39
W075,209,0,0.4137254901960784,Left,41.37
W075,209,1,0.40588235294117647,Right,40.59
W075,209,2,0.1803921568627451,Violation,18.04
W075,210,1,0.4246861924686193,Right,42.47
W075,210,0,0.39748953974895396,Left,39.75
W075,210,2,0.17782426778242677,Violation,17.78
W075,211,0,0.47240618101545256,Left,47.24
W075,211,1,0.41721854304635764,Right,41.72
W075,211,2,0.11037527593818984,Violation,11.04
W075,212,1,0.4342379958246347,Right,43.42
W075,212,0,0.42379958246346555,Left,42.38
W075,212,2,0.1419624217118998,Violation,14.2
W075,213,1,0.4314159292035398,Right,43.14
W075,213,0,0.4225663716814159,Left,42.26
W075,213,2,0.14601769911504425,Violation,14.6
W075,214,0,0.46621621621621623,Left,46.62
W075,214,1,0.36824324324324326,Right,36.82
W075,214,2,0.16554054054054054,Violation,16.55
W075,215,1,0.4506329113924051,Right,45.06
W075,215,0,0.4379746835443038,Left,43.8
W075,215,2,0.11139240506329114,Violation,11.14
W075,216,1,0.436046511627907,Right,43.6
W075,216,0,0.36046511627906974,Left,36.05
W075,216,2,0.20348837209302326,Violation,20.35
W075,217,1,0.4306569343065693,Right,43.07
W075,217,0,0.40875912408759124,Left,40.88
W075,217,2,0.16058394160583941,Violation,16.06
W075,218,1,0.46247464503042596,Right,46.25
W075,218,0,0.38742393509127787,Left,38.74
W075,218,2,0.15010141987829614,Violation,15.01
W075,219,0,0.3908256880733945,Left,39.08
W075,219,1,0.3688073394495413,Right,36.88
W075,219,2,0.24036697247706423,Violation,24.04
W075,220,0,0.45397489539748953,Left,45.4
W075,220,1,0.4393305439330544,Right,43.93
W075,220,2,0.10669456066945607,Violation,10.67
W075,221,1,0.4262734584450402,Right,42.63
W075,221,0,0.4128686327077748,Left,41.29
W075,221,2,0.16085790884718498,Violation,16.09
W075,222,1,0.47074468085106386,Right,47.07
W075,222,0,0.39893617021276595,Left,39.89
W075,222,2,0.13031914893617022,Violation,13.03
W075,223,0,0.4372384937238494,Left,43.72
W075,223,1,0.40376569037656906,Right,40.38
W075,223,2,0.1589958158995816,Violation,15.9
W075,224,1,0.45871559633027525,Right,45.87
W075,224,0,0.44954128440366975,Left,44.95
W075,224,2,0.09174311926605505,Violation,9.17
W075,225,1,0.4513064133016627,Right,45.13
W075,225,0,0.4251781472684085,Left,42.52
W075,225,2,0.12351543942992874,Violation,12.35
W075,226,2,0.3743016759776536,Violation,37.43
W075,226,1,0.31843575418994413,Right,31.84
W075,226,0,0.30726256983240224,Left,30.73
W075,227,0,0.4015444015444015,Left,40.15
W075,227,1,0.4015444015444015,Right,40.15
W075,227,2,0.1969111969111969,Violation,19.69
W075,228,1,0.4298850574712644,Right,42.99
W075,228,0,0.4206896551724138,Left,42.07
W075,228,2,0.14942528735632185,Violation,14.94
W075,229,0,0.4888888888888889,Left,48.89
W075,229,1,0.4158730158730159,Right,41.59
W075,229,2,0.09523809523809523,Violation,9.52
W075,230,0,0.45251396648044695,Left,45.25
W075,230,1,0.4245810055865922,Right,42.46
W075,230,2,0.12290502793296089,Violation,12.29
W075,231,1,0.38526912181303113,Right,38.53
W075,231,0,0.34560906515580736,Left,34.56
W075,231,2,0.26912181303116145,Violation,26.91
W075,233,1,0.4083333333333333,Right,40.83
W075,233,0,0.3861111111111111,Left,38.61
W075,233,2,0.20555555555555555,Violation,20.56
W075,234,1,0.4326424870466321,Right,43.26
W075,234,0,0.3911917098445596,Left,39.12
W075,234,2,0.17616580310880828,Violation,17.62
W075,235,0,0.4276018099547511,Left,42.76
W075,235,1,0.39592760180995473,Right,39.59
W075,235,2,0.17647058823529413,Violation,17.65
W075,236,0,0.46285714285714286,Left,46.29
W075,236,1,0.44,Right,44.0
W075,236,2,0.09714285714285714,Violation,9.71
W075,237,1,0.4144736842105263,Right,41.45
W075,237,0,0.40789473684210525,Left,40.79
W075,237,2,0.17763157894736842,Violation,17.76
W075,238,0,0.5181159420289855,Left,51.81
W075,238,1,0.39492753623188404,Right,39.49
W075,238,2,0.08695652173913043,Violation,8.7
W075,239,0,0.4751908396946565,Left,47.52
W075,239,1,0.38549618320610685,Right,38.55
W075,239,2,0.13931297709923665,Violation,13.93
W075,240,0,0.41434262948207173,Left,41.43
W075,240,1,0.38247011952191234,Right,38.25
W075,240,2,0.20318725099601595,Violation,20.32
W075,241,0,0.47129186602870815,Left,47.13
W075,241,1,0.40669856459330145,Right,40.67
W075,241,2,0.12200956937799043,Violation,12.2
W075,242,0,0.42337662337662335,Left,42.34
W075,242,1,0.4103896103896104,Right,41.04
W075,242,2,0.16623376623376623,Violation,16.62
W075,243,1,0.40836653386454186,Right,40.84
W075,243,0,0.38247011952191234,Left,38.25
W075,243,2,0.20916334661354583,Violation,20.92
W075,244,0,0.4437367303609342,Left,44.37
W075,244,1,0.416135881104034,Right,41.61
W075,244,2,0.14012738853503184,Violation,14.01
W075,245,1,0.4482758620689655,Right,44.83
W075,245,0,0.4298850574712644,Left,42.99
W075,245,2,0.12183908045977011,Violation,12.18
W075,246,1,0.4785276073619632,Right,47.85
W075,246,0,0.4396728016359918,Left,43.97
W075,246,2,0.081799591002045,Violation,8.18
W075,247,1,0.43243243243243246,Right,43.24
W075,247,0,0.42084942084942084,Left,42.08
W075,247,2,0.14671814671814673,Violation,14.67
W075,248,0,0.44421487603305787,Left,44.42
W075,248,1,0.34917355371900827,Right,34.92
W075,248,2,0.2066115702479339,Violation,20.66
W075,249,1,0.4503171247357294,Right,45.03
W075,249,0,0.42283298097251587,Left,42.28
W075,249,2,0.12684989429175475,Violation,12.68
W075,250,1,0.4375,Right,43.75
W075,250,0,0.4053030303030303,Left,40.53
W075,250,2,0.1571969696969697,Violation,15.72
W075,251,1,0.45665961945031713,Right,45.67
W075,251,0,0.42071881606765327,Left,42.07
W075,251,2,0.1226215644820296,Violation,12.26
W075,252,1,0.4316831683168317,Right,43.17
W075,252,0,0.4277227722772277,Left,42.77
W075,252,2,0.1405940594059406,Violation,14.06
W075,253,1,0.4592274678111588,Right,45.92
W075,253,0,0.3948497854077253,Left,39.48
W075,253,2,0.1459227467811159,Violation,14.59
W075,254,1,0.4610951008645533,Right,46.11
W075,254,0,0.42363112391930835,Left,42.36
W075,254,2,0.11527377521613832,Violation,11.53
W075,255,0,0.38649155722326456,Left,38.65
W075,255,1,0.38649155722326456,Right,38.65
W075,255,2,0.2270168855534709,Violation,22.7
W075,256,1,0.4619883040935672,Right,46.2
W075,256,0,0.42300194931773877,Left,42.3
W075,256,2,0.11500974658869395,Violation,11.5
W075,257,0,0.4407158836689038,Left,44.07
W075,257,1,0.42953020134228187,Right,42.95
W075,257,2,0.1297539149888143,Violation,12.98
W075,258,1,0.43172690763052207,Right,43.17
W075,258,0,0.42369477911646586,Left,42.37
W075,258,2,0.14457831325301204,Violation,14.46
W075,259,1,0.4282655246252677,Right,42.83
W075,259,0,0.3961456102783726,Left,39.61
W075,259,2,0.17558886509635974,Violation,17.56
W075,260,0,0.40229885057471265,Left,40.23
W075,260,1,0.38850574712643676,Right,38.85
W075,260,2,0.20919540229885059,Violation,20.92
W075,261,0,0.42670157068062825,Left,42.67
W075,261,1,0.4162303664921466,Right,41.62
W075,261,2,0.15706806282722513,Violation,15.71
W075,262,0,0.4538653366583541,Left,45.39
W075,262,1,0.4339152119700748,Right,43.39
W075,262,2,0.11221945137157108,Violation,11.22
W075,263,0,0.4293785310734463,Left,42.94
W075,263,1,0.4265536723163842,Right,42.66
W075,263,2,0.1440677966101695,Violation,14.41
W075,264,1,0.45077720207253885,Right,45.08
W075,264,0,0.4067357512953368,Left,40.67
W075,264,2,0.14248704663212436,Violation,14.25
W075,265,0,0.44801980198019803,Left,44.8
W075,265,1,0.4282178217821782,Right,42.82
W075,265,2,0.12376237623762376,Violation,12.38
W075,266,1,0.4418604651162791,Right,44.19
W075,266,0,0.436046511627907,Left,43.6
W075,266,2,0.12209302325581395,Violation,12.21
W075,267,0,0.4697802197802198,Left,46.98
W075,267,1,0.37637362637362637,Right,37.64
W075,267,2,0.15384615384615385,Violation,15.38
W075,268,1,0.43315508021390375,Right,43.32
W075,268,0,0.41711229946524064,Left,41.71
W075,268,2,0.1497326203208556,Violation,14.97
W075,269,0,0.4275,Left,42.75
W075,269,1,0.41,Right,41.0
W075,269,2,0.1625,Violation,16.25
W075,270,0,0.4263803680981595,Left,42.64
W075,270,1,0.3895705521472393,Right,38.96
W075,270,2,0.18404907975460122,Violation,18.4
W075,271,0,0.44987775061124696,Left,44.99
W075,271,1,0.39119804400978,Right,39.12
W075,271,2,0.15892420537897312,Violation,15.89
W075,272,0,0.47075208913649025,Left,47.08
W075,272,1,0.3871866295264624,Right,38.72
W075,272,2,0.14206128133704735,Violation,14.21
W075,273,0,0.4472049689440994,Left,44.72
W075,273,1,0.43167701863354035,Right,43.17
W075,273,2,0.12111801242236025,Violation,12.11
W075,274,1,0.47575757575757577,Right,47.58
W075,274,0,0.3939393939393939,Left,39.39
W075,274,2,0.1303030303030303,Violation,13.03
W075,275,0,0.45714285714285713,Left,45.71
W075,275,1,0.39183673469387753,Right,39.18
W075,275,2,0.1510204081632653,Violation,15.1
W075,276,1,0.43564356435643564,Right,43.56
W075,276,0,0.38283828382838286,Left,38.28
W075,276,2,0.18151815181518152,Violation,18.15
W075,277,0,0.4767123287671233,Left,47.67
W075,277,1,0.40821917808219177,Right,40.82
W075,277,2,0.11506849315068493,Violation,11.51
W075,278,0,0.4662756598240469,Left,46.63
W075,278,1,0.3841642228739003,Right,38.42
W075,278,2,0.1495601173020528,Violation,14.96
W075,279,1,0.4609375,Right,46.09
W075,279,0,0.4401041666666667,Left,44.01
W075,279,2,0.09895833333333333,Violation,9.9
W075,280,1,0.43922651933701656,Right,43.92
W075,280,0,0.4116022099447514,Left,41.16
W075,280,2,0.14917127071823205,Violation,14.92
W075,281,1,0.43465045592705165,Right,43.47
W075,281,0,0.42857142857142855,Left,42.86
W075,281,2,0.13677811550151975,Violation,13.68
W075,282,1,0.41379310344827586,Right,41.38
W075,282,0,0.40948275862068967,Left,40.95
W075,282,2,0.17672413793103448,Violation,17.67
W075,283,1,0.4275092936802974,Right,42.75
W075,283,0,0.3903345724907063,Left,39.03
W075,283,2,0.1821561338289963,Violation,18.22
W075,284,0,0.43729903536977494,Left,43.73
W075,284,1,0.40192926045016075,Right,40.19
W075,284,2,0.1607717041800643,Violation,16.08
W075,285,1,0.43915343915343913,Right,43.92
W075,285,0,0.43386243386243384,Left,43.39
W075,285,2,0.12698412698412698,Violation,12.7
W075,286,1,0.4691011235955056,Right,46.91
W075,286,0,0.38764044943820225,Left,38.76
W075,286,2,0.14325842696629212,Violation,14.33
W075,287,1,0.4586894586894587,Right,45.87
W075,287,0,0.4358974358974359,Left,43.59
W075,287,2,0.10541310541310542,Violation,10.54
W075,288,0,0.4444444444444444,Left,44.44
W075,288,1,0.39766081871345027,Right,39.77
W075,288,2,0.15789473684210525,Violation,15.79
W075,289,0,0.45141065830721006,Left,45.14
W075,289,1,0.4263322884012539,Right,42.63
W075,289,2,0.12225705329153605,Violation,12.23
W075,290,0,0.45066666666666666,Left,45.07
W075,290,1,0.44,Right,44.0
W075,290,2,0.10933333333333334,Violation,10.93
W075,291,1,0.44502617801047123,Right,44.5
W075,291,0,0.4214659685863874,Left,42.15
W075,291,2,0.13350785340314136,Violation,13.35
W075,292,1,0.4573002754820937,Right,45.73
W075,292,0,0.42699724517906334,Left,42.7
W075,292,2,0.11570247933884298,Violation,11.57
W075,293,1,0.4648910411622276,Right,46.49
W075,293,0,0.41646489104116224,Left,41.65
W075,293,2,0.11864406779661017,Violation,11.86
W075,294,1,0.4586894586894587,Right,45.87
W075,294,0,0.41025641025641024,Left,41.03
W075,294,2,0.13105413105413105,Violation,13.11
W075,295,1,0.39184952978056425,Right,39.18
W075,295,0,0.3824451410658307,Left,38.24
W075,295,2,0.22570532915360503,Violation,22.57
W075,296,1,0.44549763033175355,Right,44.55
W075,296,0,0.3886255924170616,Left,38.86
W075,296,2,0.16587677725118483,Violation,16.59
W075,297,1,0.45215311004784686,Right,45.22
W075,297,0,0.39952153110047844,Left,39.95
W075,297,2,0.14832535885167464,Violation,14.83
W075,298,0,0.4555256064690027,Left,45.55
W075,298,1,0.40431266846361186,Right,40.43
W075,298,2,0.14016172506738545,Violation,14.02
W075,299,0,0.4639423076923077,Left,46.39
W075,299,1,0.42788461538461536,Right,42.79
W075,299,2,0.10817307692307693,Violation,10.82
W075,300,0,0.4444444444444444,Left,44.44
W075,300,1,0.4092140921409214,Right,40.92
W075,300,2,0.14634146341463414,Violation,14.63
W075,301,0,0.4048582995951417,Left,40.49
W075,301,1,0.4008097165991903,Right,40.08
W075,301,2,0.19433198380566802,Violation,19.43
W075,302,0,0.43719806763285024,Left,43.72
W075,302,1,0.39855072463768115,Right,39.86
W075,302,2,0.1642512077294686,Violation,16.43
W075,303,0,0.43301435406698563,Left,43.3
W075,303,1,0.430622009569378,Right,43.06
W075,303,2,0.13636363636363635,Violation,13.64
W075,304,1,0.4417910447761194,Right,44.18
W075,304,0,0.3850746268656716,Left,38.51
W075,304,2,0.17313432835820897,Violation,17.31
W075,305,1,0.45714285714285713,Right,45.71
W075,305,0,0.41818181818181815,Left,41.82
W075,305,2,0.12467532467532468,Violation,12.47
W075,306,0,0.4124293785310734,Left,41.24
W075,306,1,0.3954802259887006,Right,39.55
W075,306,2,0.192090395480226,Violation,19.21
W075,307,1,0.4318181818181818,Right,43.18
W075,307,0,0.4034090909090909,Left,40.34
W075,307,2,0.16477272727272727,Violation,16.48
W075,308,1,0.4717948717948718,Right,47.18
W075,308,0,0.3923076923076923,Left,39.23
W075,308,2,0.1358974358974359,Violation,13.59
W075,309,0,0.45151515151515154,Left,45.15
W075,309,1,0.4303030303030303,Right,43.03
W075,309,2,0.11818181818181818,Violation,11.82
W075,310,0,0.46475195822454307,Left,46.48
W075,310,1,0.4046997389033943,Right,40.47
W075,310,2,0.13054830287206268,Violation,13.05
W075,311,1,0.48517520215633425,Right,48.52
W075,311,0,0.42587601078167114,Left,42.59
W075,311,2,0.0889487870619946,Violation,8.89
W075,312,0,0.4115942028985507,Left,41.16
W075,312,1,0.3884057971014493,Right,38.84
W075,312,2,0.2,Violation,20.0
W075,313,1,0.45714285714285713,Right,45.71
W075,313,0,0.38285714285714284,Left,38.29
W075,313,2,0.16,Violation,16.0
W075,314,0,0.41904761904761906,Left,41.9
W075,314,1,0.4142857142857143,Right,41.43
W075,314,2,0.16666666666666666,Violation,16.67
W075,315,0,0.4153846153846154,Left,41.54
W075,315,1,0.4123076923076923,Right,41.23
W075,315,2,0.1723076923076923,Violation,17.23
W075,316,0,0.4519774011299435,Left,45.2
W075,316,1,0.4124293785310734,Right,41.24
W075,316,2,0.13559322033898305,Violation,13.56
W075,317,0,0.4716981132075472,Left,47.17
W075,317,1,0.42452830188679247,Right,42.45
W075,317,2,0.10377358490566038,Violation,10.38
W075,318,0,0.4472361809045226,Left,44.72
W075,318,1,0.4271356783919598,Right,42.71
W075,318,2,0.12562814070351758,Violation,12.56
W075,319,0,0.4620253164556962,Left,46.2
W075,319,1,0.41455696202531644,Right,41.46
W075,319,2,0.12341772151898735,Violation,12.34
W075,320,0,0.45098039215686275,Left,45.1
W075,320,1,0.41421568627450983,Right,41.42
W075,320,2,0.13480392156862744,Violation,13.48
W075,321,0,0.48010610079575594,Left,48.01
W075,321,1,0.4217506631299735,Right,42.18
W075,321,2,0.09814323607427056,Violation,9.81
W075,322,1,0.4498977505112474,Right,44.99
W075,322,0,0.4274028629856851,Left,42.74
W075,322,2,0.12269938650306748,Violation,12.27
W075,323,1,0.4631043256997455,Right,46.31
W075,323,0,0.4351145038167939,Left,43.51
W075,323,2,0.10178117048346055,Violation,10.18
W075,324,1,0.46632124352331605,Right,46.63
W075,324,0,0.41450777202072536,Left,41.45
W075,324,2,0.11917098445595854,Violation,11.92
W075,325,1,0.4581005586592179,Right,45.81
W075,325,0,0.4301675977653631,Left,43.02
W075,325,2,0.11173184357541899,Violation,11.17
W075,326,0,0.4772117962466488,Left,47.72
W075,326,1,0.41823056300268097,Right,41.82
W075,326,2,0.10455764075067024,Violation,10.46
W075,327,0,0.45622119815668205,Left,45.62
W075,327,1,0.43317972350230416,Right,43.32
W075,327,2,0.11059907834101383,Violation,11.06
W075,328,0,0.4730077120822622,Left,47.3
W075,328,1,0.42159383033419023,Right,42.16
W075,328,2,0.10539845758354756,Violation,10.54
W075,329,0,0.46035805626598464,Left,46.04
W075,329,1,0.4578005115089514,Right,45.78
W075,329,2,0.08184143222506395,Violation,8.18
W075,330,0,0.43902439024390244,Left,43.9
W075,330,1,0.4292682926829268,Right,42.93
W075,330,2,0.13170731707317074,Violation,13.17
W075,331,0,0.4739454094292804,Left,47.39
W075,331,1,0.44168734491315137,Right,44.17
W075,331,2,0.08436724565756824,Violation,8.44
W075,332,0,0.4383561643835616,Left,43.84
W075,332,1,0.4132420091324201,Right,41.32
W075,332,2,0.14840182648401826,Violation,14.84
W075,333,1,0.45295404814004375,Right,45.3
W075,333,0,0.4179431072210066,Left,41.79
W075,333,2,0.12910284463894967,Violation,12.91
W075,334,0,0.4831730769230769,Left,48.32
W075,334,1,0.43028846153846156,Right,43.03
W075,334,2,0.08653846153846154,Violation,8.65
W075,335,0,0.46335697399527187,Left,46.34
W075,335,1,0.44680851063829785,Right,44.68
W075,335,2,0.08983451536643026,Violation,8.98
W075,336,1,0.4369747899159664,Right,43.7
W075,336,0,0.4005602240896359,Left,40.06
W075,336,2,0.16246498599439776,Violation,16.25
W075,337,0,0.4467120181405896,Left,44.67
W075,337,1,0.41950113378684806,Right,41.95
W075,337,2,0.13378684807256236,Violation,13.38
W075,338,0,0.4346846846846847,Left,43.47
W075,338,1,0.42342342342342343,Right,42.34
W075,338,2,0.14189189189189189,Violation,14.19
W075,339,0,0.44036697247706424,Left,44.04
W075,339,1,0.44036697247706424,Right,44.04
W075,339,2,0.11926605504587157,Violation,11.93
W075,340,1,0.45278450363196127,Right,45.28
W075,340,0,0.44552058111380144,Left,44.55
W075,340,2,0.1016949152542373,Violation,10.17
W075,341,0,0.46153846153846156,Left,46.15
W075,341,1,0.44871794871794873,Right,44.87
W075,341,2,0.08974358974358974,Violation,8.97
W075,342,0,0.4581151832460733,Left,45.81
W075,342,1,0.4581151832460733,Right,45.81
W075,342,2,0.08376963350785341,Violation,8.38
W075,343,0,0.4361948955916473,Left,43.62
W075,343,1,0.42691415313225056,Right,42.69
W075,343,2,0.1368909512761021,Violation,13.69
W075,344,1,0.45146726862302483,Right,45.15
W075,344,0,0.43340857787810383,Left,43.34
W075,344,2,0.11512415349887133,Violation,11.51
W075,345,0,0.45454545454545453,Left,45.45
W075,345,1,0.4355179704016913,Right,43.55
W075,345,2,0.10993657505285412,Violation,10.99
W075,346,1,0.4712041884816754,Right,47.12
W075,346,0,0.43455497382198954,Left,43.46
W075,346,2,0.09424083769633508,Violation,9.42
W075,347,1,0.46887966804979253,Right,46.89
W075,347,0,0.4336099585062241,Left,43.36
W075,347,2,0.0975103734439834,Violation,9.75
W075,348,0,0.4785714285714286,Left,47.86
W075,348,1,0.430952380952381,Right,43.1
W075,348,2,0.09047619047619047,Violation,9.05
W075,349,1,0.4755244755244755,Right,47.55
W075,349,0,0.4382284382284382,Left,43.82
W075,349,2,0.08624708624708624,Violation,8.62
W075,350,0,0.4531914893617021,Left,45.32
W075,350,1,0.4127659574468085,Right,41.28
W075,350,2,0.13404255319148936,Violation,13.4
W075,351,0,0.5165562913907285,Left,51.66
W075,351,1,0.3730684326710817,Right,37.31
W075,351,2,0.11037527593818984,Violation,11.04
W075,352,0,0.4617117117117117,Left,46.17
W075,352,1,0.43018018018018017,Right,43.02
W075,352,2,0.10810810810810811,Violation,10.81
W075,353,1,0.47912087912087914,Right,47.91
W075,353,0,0.42417582417582417,Left,42.42
W075,353,2,0.0967032967032967,Violation,9.67
W075,354,0,0.49104859335038364,Left,49.1
W075,354,1,0.3887468030690537,Right,38.87
W075,354,2,0.12020460358056266,Violation,12.02
W075,355,1,0.4490358126721763,Right,44.9
W075,355,0,0.39944903581267216,Left,39.94
W075,355,2,0.15151515151515152,Violation,15.15
W075,356,0,0.4451476793248945,Left,44.51
W075,356,1,0.43037974683544306,Right,43.04
W075,356,2,0.12447257383966245,Violation,12.45
W075,357,1,0.47854077253218885,Right,47.85
W075,357,0,0.4012875536480687,Left,40.13
W075,357,2,0.12017167381974249,Violation,12.02
W075,358,1,0.43577981651376146,Right,43.58
W075,358,0,0.4013761467889908,Left,40.14
W075,358,2,0.1628440366972477,Violation,16.28
W075,359,0,0.4860215053763441,Left,48.6
W075,359,1,0.421505376344086,Right,42.15
W075,359,2,0.09247311827956989,Violation,9.25
W075,360,0,0.4564755838641189,Left,45.65
W075,360,1,0.42250530785562634,Right,42.25
W075,360,2,0.12101910828025478,Violation,12.1
W075,361,1,0.4541284403669725,Right,45.41
W075,361,0,0.44724770642201833,Left,44.72
W075,361,2,0.09862385321100918,Violation,9.86
W075,362,0,0.48,Left,48.0
W075,362,1,0.43058823529411766,Right,43.06
W075,362,2,0.08941176470588236,Violation,8.94
W075,363,0,0.45278450363196127,Left,45.28
W075,363,1,0.4358353510895884,Right,43.58
W075,363,2,0.11138014527845036,Violation,11.14
W075,364,2,0.45695364238410596,Violation,45.7
W075,364,1,0.2913907284768212,Right,29.14
W075,364,0,0.25165562913907286,Left,25.17
W075,365,1,0.44339622641509435,Right,44.34
W075,365,0,0.41273584905660377,Left,41.27
W075,365,2,0.14386792452830188,Violation,14.39
W075,366,1,0.4796747967479675,Right,47.97
W075,366,0,0.46612466124661245,Left,46.61
W075,366,2,0.05420054200542006,Violation,5.42
W075,367,1,0.47183098591549294,Right,47.18
W075,367,0,0.4225352112676056,Left,42.25
W075,367,2,0.1056338028169014,Violation,10.56
W075,368,1,0.48448687350835323,Right,48.45
W075,368,0,0.43675417661097854,Left,43.68
W075,368,2,0.07875894988066826,Violation,7.88
W075,369,0,0.45794392523364486,Left,45.79
W075,369,1,0.4158878504672897,Right,41.59
W075,369,2,0.1261682242990654,Violation,12.62
W075,370,1,0.4881516587677725,Right,48.82
W075,370,0,0.44549763033175355,Left,44.55
W075,370,2,0.06635071090047394,Violation,6.64
W075,371,1,0.47357293868921774,Right,47.36
W075,371,0,0.3953488372093023,Left,39.53
W075,371,2,0.13107822410147993,Violation,13.11
W075,372,0,0.4813953488372093,Left,48.14
W075,372,1,0.4418604651162791,Right,44.19
W075,372,2,0.07674418604651163,Violation,7.67
W075,373,1,0.45714285714285713,Right,45.71
W075,373,0,0.42857142857142855,Left,42.86
W075,373,2,0.11428571428571428,Violation,11.43
W075,374,1,0.4317617866004963,Right,43.18
W075,374,0,0.4218362282878412,Left,42.18
W075,374,2,0.14640198511166252,Violation,14.64
W075,375,0,0.4874141876430206,Left,48.74
W075,375,1,0.41647597254004576,Right,41.65
W075,375,2,0.09610983981693363,Violation,9.61
W075,376,1,0.4821852731591449,Right,48.22
W075,376,0,0.41330166270783847,Left,41.33
W075,376,2,0.10451306413301663,Violation,10.45
W075,377,0,0.45758354755784064,Left,45.76
W075,377,1,0.4524421593830334,Right,45.24
W075,377,2,0.08997429305912596,Violation,9.0
W075,378,1,0.4878640776699029,Right,48.79
W075,378,0,0.41262135922330095,Left,41.26
W075,378,2,0.09951456310679611,Violation,9.95
W075,379,0,0.46,Left,46.0
W075,379,1,0.45,Right,45.0
W075,379,2,0.09,Violation,9.0
W075,380,1,0.4744186046511628,Right,47.44
W075,380,0,0.4255813953488372,Left,42.56
W075,380,2,0.1,Violation,10.0
W075,381,1,0.45633187772925765,Right,45.63
W075,381,0,0.43231441048034935,Left,43.23
W075,381,2,0.11135371179039301,Violation,11.14
W075,382,1,0.4746987951807229,Right,47.47
W075,382,0,0.44096385542168676,Left,44.1
W075,382,2,0.08433734939759036,Violation,8.43
W075,383,0,0.45938375350140054,Left,45.94
W075,383,1,0.45098039215686275,Right,45.1
W075,383,2,0.0896358543417367,Violation,8.96
W075,384,0,0.4584323040380047,Left,45.84
W075,384,1,0.45605700712589076,Right,45.61
W075,384,2,0.0855106888361045,Violation,8.55
W075,385,1,0.4831730769230769,Right,48.32
W075,385,0,0.43990384615384615,Left,43.99
W075,385,2,0.07692307692307693,Violation,7.69
W075,386,1,0.4883177570093458,Right,48.83
W075,386,0,0.4322429906542056,Left,43.22
W075,386,2,0.0794392523364486,Violation,7.94
W075,387,1,0.4751131221719457,Right,47.51
W075,387,0,0.3891402714932127,Left,38.91
W075,387,2,0.13574660633484162,Violation,13.57
W075,388,1,0.45808383233532934,Right,45.81
W075,388,0,0.4101796407185629,Left,41.02
W075,388,2,0.1317365269461078,Violation,13.17
W075,389,1,0.47804878048780486,Right,47.8
W075,389,0,0.424390243902439,Left,42.44
W075,389,2,0.0975609756097561,Violation,9.76
W075,390,1,0.4877450980392157,Right,48.77
W075,390,0,0.40931372549019607,Left,40.93
W075,390,2,0.10294117647058823,Violation,10.29
W075,391,1,0.46296296296296297,Right,46.3
W075,391,0,0.4021164021164021,Left,40.21
W075,391,2,0.1349206349206349,Violation,13.49
W075,392,1,0.4636363636363636,Right,46.36
W075,392,0,0.41818181818181815,Left,41.82
W075,392,2,0.11818181818181818,Violation,11.82
W075,393,1,0.44930875576036866,Right,44.93
W075,393,0,0.4470046082949309,Left,44.7
W075,393,2,0.10368663594470046,Violation,10.37
W075,394,1,0.4673913043478261,Right,46.74
W075,394,0,0.44565217391304346,Left,44.57
W075,394,2,0.08695652173913043,Violation,8.7
W075,395,1,0.4603960396039604,Right,46.04
W075,395,0,0.4306930693069307,Left,43.07
W075,395,2,0.10891089108910891,Violation,10.89
W075,396,1,0.45475113122171945,Right,45.48
W075,396,0,0.4479638009049774,Left,44.8
W075,396,2,0.09728506787330317,Violation,9.73
W075,397,1,0.4793388429752066,Right,47.93
W075,397,0,0.41597796143250687,Left,41.6
W075,397,2,0.1046831955922865,Violation,10.47
W075,398,1,0.4708860759493671,Right,47.09
W075,398,0,0.45569620253164556,Left,45.57
W075,398,2,0.07341772151898734,Violation,7.34
W075,399,1,0.4675,Right,46.75
W075,399,0,0.4375,Left,43.75
W075,399,2,0.095,Violation,9.5
W075,400,1,0.45871559633027525,Right,45.87
W075,400,0,0.44954128440366975,Left,44.95
W075,400,2,0.09174311926605505,Violation,9.17
W075,401,1,0.4672897196261682,Right,46.73
W075,401,0,0.43457943925233644,Left,43.46
W075,401,2,0.09813084112149532,Violation,9.81
W075,402,1,0.4772727272727273,Right,47.73
W075,402,0,0.425,Left,42.5
W075,402,2,0.09772727272727273,Violation,9.77
W075,403,1,0.5131578947368421,Right,51.32
W075,403,0,0.39210526315789473,Left,39.21
W075,403,2,0.09473684210526316,Violation,9.47
W075,404,1,0.45023696682464454,Right,45.02
W075,404,0,0.44549763033175355,Left,44.55
W075,404,2,0.10426540284360189,Violation,10.43
W075,405,1,0.44176706827309237,Right,44.18
W075,405,0,0.4397590361445783,Left,43.98
W075,405,2,0.11847389558232932,Violation,11.85
W075,406,0,0.449468085106383,Left,44.95
W075,406,1,0.4308510638297872,Right,43.09
W075,406,2,0.1196808510638298,Violation,11.97
W075,407,1,0.5,Right,50.0
W075,407,0,0.4075829383886256,Left,40.76
W075,407,2,0.0924170616113744,Violation,9.24
W075,408,1,0.48095238095238096,Right,48.1
W075,408,0,0.4,Left,40.0
W075,408,2,0.11904761904761904,Violation,11.9
W075,409,1,0.41823899371069184,Right,41.82
W075,409,0,0.39937106918238996,Left,39.94
W075,409,2,0.18238993710691823,Violation,18.24
W075,410,1,0.4444444444444444,Right,44.44
W075,410,0,0.43686868686868685,Left,43.69
W075,410,2,0.11868686868686869,Violation,11.87
W075,411,1,0.42408376963350786,Right,42.41
W075,411,0,0.33507853403141363,Left,33.51
W075,411,2,0.24083769633507854,Violation,24.08
W075,412,0,0.480719794344473,Left,48.07
W075,412,1,0.4473007712082262,Right,44.73
W075,412,2,0.07197943444730077,Violation,7.2
W075,413,0,0.4854368932038835,Left,48.54
W075,413,1,0.4563106796116505,Right,45.63
W075,413,2,0.05825242718446602,Violation,5.83
W075,414,1,0.47527472527472525,Right,47.53
W075,414,0,0.4642857142857143,Left,46.43
W075,414,2,0.06043956043956044,Violation,6.04
W075,415,1,0.4628099173553719,Right,46.28
W075,415,0,0.45179063360881544,Left,45.18
W075,415,2,0.08539944903581267,Violation,8.54
W075,416,1,0.4728682170542636,Right,47.29
W075,416,0,0.4082687338501292,Left,40.83
W075,416,2,0.11886304909560723,Violation,11.89
W075,417,1,0.4713541666666667,Right,47.14
W075,417,0,0.4453125,Left,44.53
W075,417,2,0.08333333333333333,Violation,8.33
W075,418,1,0.4495192307692308,Right,44.95
W075,418,0,0.4182692307692308,Left,41.83
W075,418,2,0.13221153846153846,Violation,13.22
W075,419,1,0.4634146341463415,Right,46.34
W075,419,0,0.4024390243902439,Left,40.24
W075,419,2,0.13414634146341464,Violation,13.41
W075,420,1,0.4506329113924051,Right,45.06
W075,420,0,0.4278481012658228,Left,42.78
W075,420,2,0.12151898734177215,Violation,12.15
W075,421,0,0.47297297297297297,Left,47.3
W075,421,1,0.43513513513513513,Right,43.51
W075,421,2,0.0918918918918919,Violation,9.19
W075,422,1,0.4623376623376623,Right,46.23
W075,422,0,0.4051948051948052,Left,40.52
W075,422,2,0.13246753246753246,Violation,13.25
W075,423,0,0.42857142857142855,Left,42.86
W075,423,1,0.42857142857142855,Right,42.86
W075,423,2,0.14285714285714285,Violation,14.29
W075,424,1,0.4718826405867971,Right,47.19
W075,424,0,0.37163814180929094,Left,37.16
W075,424,2,0.15647921760391198,Violation,15.65
W075,425,0,0.4577777777777778,Left,45.78
W075,425,1,0.44222222222222224,Right,44.22
W075,425,2,0.1,Violation,10.0
W075,426,1,0.4512471655328798,Right,45.12
W075,426,0,0.4421768707482993,Left,44.22
W075,426,2,0.10657596371882086,Violation,10.66
W075,427,1,0.42701525054466233,Right,42.7
W075,427,0,0.40522875816993464,Left,40.52
W075,427,2,0.16775599128540306,Violation,16.78
W075,428,1,0.47368421052631576,Right,47.37
W075,428,0,0.41148325358851673,Left,41.15
W075,428,2,0.11483253588516747,Violation,11.48
W075,429,0,0.46153846153846156,Left,46.15
W075,429,1,0.43665158371040724,Right,43.67
W075,429,2,0.10180995475113122,Violation,10.18
W075,430,1,0.4646924829157175,Right,46.47
W075,430,0,0.4191343963553531,Left,41.91
W075,430,2,0.11617312072892938,Violation,11.62
W075,431,1,0.45494505494505494,Right,45.49
W075,431,0,0.4087912087912088,Left,40.88
W075,431,2,0.13626373626373625,Violation,13.63
W075,432,1,0.46361746361746364,Right,46.36
W075,432,0,0.4178794178794179,Left,41.79
W075,432,2,0.11850311850311851,Violation,11.85
W075,433,1,0.43847874720357943,Right,43.85
W075,433,0,0.41834451901565994,Left,41.83
W075,433,2,0.14317673378076062,Violation,14.32
W075,434,0,0.47285067873303166,Left,47.29
W075,434,1,0.4479638009049774,Right,44.8
W075,434,2,0.07918552036199095,Violation,7.92
W075,435,1,0.4879807692307692,Right,48.8
W075,435,0,0.41586538461538464,Left,41.59
W075,435,2,0.09615384615384616,Violation,9.62
W075,436,0,0.45368171021377673,Left,45.37
W075,436,1,0.44418052256532065,Right,44.42
W075,436,2,0.1021377672209026,Violation,10.21
W075,437,0,0.4692982456140351,Left,46.93
W075,437,1,0.4144736842105263,Right,41.45
W075,437,2,0.1162280701754386,Violation,11.62
W075,438,1,0.4851063829787234,Right,48.51
W075,438,0,0.425531914893617,Left,42.55
W075,438,2,0.08936170212765958,Violation,8.94
W075,439,1,0.4426229508196721,Right,44.26
W075,439,0,0.38114754098360654,Left,38.11
W075,439,2,0.1762295081967213,Violation,17.62
W075,440,1,0.45393258426966293,Right,45.39
W075,440,0,0.4404494382022472,Left,44.04
W075,440,2,0.10561797752808989,Violation,10.56
W075,441,1,0.4876847290640394,Right,48.77
W075,441,0,0.4187192118226601,Left,41.87
W075,441,2,0.09359605911330049,Violation,9.36
W075,442,0,0.4692982456140351,Left,46.93
W075,442,1,0.42543859649122806,Right,42.54
W075,442,2,0.10526315789473684,Violation,10.53
W075,443,0,0.4580335731414868,Left,45.8
W075,443,1,0.45083932853717024,Right,45.08
W075,443,2,0.09112709832134293,Violation,9.11
W075,444,1,0.4817351598173516,Right,48.17
W075,444,0,0.4269406392694064,Left,42.69
W075,444,2,0.091324200913242,Violation,9.13
W075,445,0,0.4203187250996016,Left,42.03
W075,445,1,0.4163346613545817,Right,41.63
W075,445,2,0.16334661354581673,Violation,16.33
W075,446,1,0.4388185654008439,Right,43.88
W075,446,0,0.4345991561181435,Left,43.46
W075,446,2,0.12658227848101267,Violation,12.66
W075,447,1,0.4668141592920354,Right,46.68
W075,447,0,0.40707964601769914,Left,40.71
W075,447,2,0.1261061946902655,Violation,12.61
W075,448,1,0.45652173913043476,Right,45.65
W075,448,0,0.3869565217391304,Left,38.7
W075,448,2,0.1565217391304348,Violation,15.65
W075,449,1,0.424860853432282,Right,42.49
W075,449,0,0.4230055658627087,Left,42.3
W075,449,2,0.15213358070500926,Violation,15.21
W075,450,1,0.47333333333333333,Right,47.33
W075,450,0,0.4444444444444444,Left,44.44
W075,450,2,0.08222222222222222,Violation,8.22
W075,451,1,0.4827586206896552,Right,48.28
W075,451,0,0.42298850574712643,Left,42.3
W075,451,2,0.09425287356321839,Violation,9.43
W075,452,0,0.46551724137931033,Left,46.55
W075,452,1,0.42887931034482757,Right,42.89
W075,452,2,0.10560344827586207,Violation,10.56
W075,453,1,0.48451327433628316,Right,48.45
W075,453,0,0.4004424778761062,Left,40.04
W075,453,2,0.11504424778761062,Violation,11.5
W075,454,1,0.4823529411764706,Right,48.24
W075,454,0,0.43529411764705883,Left,43.53
W075,454,2,0.08235294117647059,Violation,8.24
W075,455,1,0.4899135446685879,Right,48.99
W075,455,0,0.4207492795389049,Left,42.07
W075,455,2,0.0893371757925072,Violation,8.93
W075,456,1,0.44072948328267475,Right,44.07
W075,456,0,0.42249240121580545,Left,42.25
W075,456,2,0.13677811550151975,Violation,13.68
W075,457,1,0.4364508393285372,Right,43.65
W075,457,0,0.42685851318944845,Left,42.69
W075,457,2,0.1366906474820144,Violation,13.67
W075,458,1,0.4645669291338583,Right,46.46
W075,458,0,0.4094488188976378,Left,40.94
W075,458,2,0.12598425196850394,Violation,12.6
W075,459,0,0.45305164319248825,Left,45.31
W075,459,1,0.45305164319248825,Right,45.31
W075,459,2,0.09389671361502347,Violation,9.39
W075,460,0,0.47117794486215536,Left,47.12
W075,460,1,0.42857142857142855,Right,42.86
W075,460,2,0.10025062656641603,Violation,10.03
W075,461,0,0.44835164835164837,Left,44.84
W075,461,1,0.42417582417582417,Right,42.42
W075,461,2,0.12747252747252746,Violation,12.75
W075,462,1,0.4268292682926829,Right,42.68
W075,462,0,0.4097560975609756,Left,40.98
W075,462,2,0.16341463414634147,Violation,16.34
W075,463,0,0.4632352941176471,Left,46.32
W075,463,1,0.4117647058823529,Right,41.18
W075,463,2,0.125,Violation,12.5
W075,464,1,0.4840182648401826,Right,48.4
W075,464,0,0.3789954337899543,Left,37.9
W075,464,2,0.136986301369863,Violation,13.7
W075,465,0,0.4578313253012048,Left,45.78
W075,465,1,0.4506024096385542,Right,45.06
W075,465,2,0.09156626506024096,Violation,9.16
W075,466,1,0.4268867924528302,Right,42.69
W075,466,0,0.41509433962264153,Left,41.51
W075,466,2,0.1580188679245283,Violation,15.8
W075,467,0,0.4514285714285714,Left,45.14
W075,467,1,0.44285714285714284,Right,44.29
W075,467,2,0.10571428571428572,Violation,10.57
W075,468,1,0.42297650130548303,Right,42.3
W075,468,0,0.34464751958224543,Left,34.46
W075,468,2,0.23237597911227154,Violation,23.24
W075,469,1,0.42452830188679247,Right,42.45
W075,469,0,0.4221698113207547,Left,42.22
W075,469,2,0.15330188679245282,Violation,15.33
W075,470,1,0.4549763033175355,Right,45.5
W075,470,0,0.43838862559241704,Left,43.84
W075,470,2,0.1066350710900474,Violation,10.66
W075,471,1,0.44415584415584414,Right,44.42
W075,471,0,0.42077922077922075,Left,42.08
W075,471,2,0.13506493506493505,Violation,13.51
W075,472,1,0.46543778801843316,Right,46.54
W075,472,0,0.4423963133640553,Left,44.24
W075,472,2,0.09216589861751152,Violation,9.22
W075,473,1,0.47126436781609193,Right,47.13
W075,473,0,0.38850574712643676,Left,38.85
W075,473,2,0.14022988505747128,Violation,14.02
W075,474,0,0.4429530201342282,Left,44.3
W075,474,1,0.40268456375838924,Right,40.27
W075,474,2,0.15436241610738255,Violation,15.44
W075,475,1,0.490521327014218,Right,49.05
W075,475,0,0.41232227488151657,Left,41.23
W075,475,2,0.0971563981042654,Violation,9.72
W075,476,0,0.4125560538116592,Left,41.26
W075,476,1,0.4125560538116592,Right,41.26
W075,476,2,0.17488789237668162,Violation,17.49
W075,477,1,0.39563106796116504,Right,39.56
W075,477,0,0.38106796116504854,Left,38.11
W075,477,2,0.22330097087378642,Violation,22.33
W075,478,1,0.4602803738317757,Right,46.03
W075,478,0,0.397196261682243,Left,39.72
W075,478,2,0.1425233644859813,Violation,14.25
W075,479,1,0.42857142857142855,Right,42.86
W075,479,0,0.42410714285714285,Left,42.41
W075,479,2,0.14732142857142858,Violation,14.73
W075,480,1,0.5054945054945055,Right,50.55
W075,480,0,0.40384615384615385,Left,40.38
W075,480,2,0.09065934065934066,Violation,9.07
W075,481,0,0.44285714285714284,Left,44.29
W075,481,1,0.430952380952381,Right,43.1
W075,481,2,0.1261904761904762,Violation,12.62
W075,482,0,0.36633663366336633,Left,36.63
W075,482,1,0.36633663366336633,Right,36.63
W075,482,2,0.26732673267326734,Violation,26.73
W075,483,1,0.4451901565995526,Right,44.52
W075,483,0,0.42058165548098436,Left,42.06
W075,483,2,0.1342281879194631,Violation,13.42
W075,484,1,0.4326923076923077,Right,43.27
W075,484,0,0.4014423076923077,Left,40.14
W075,484,2,0.1658653846153846,Violation,16.59
W075,485,1,0.4640198511166253,Right,46.4
W075,485,0,0.3945409429280397,Left,39.45
W075,485,2,0.141439205955335,Violation,14.14
W075,486,1,0.4444444444444444,Right,44.44
W075,486,0,0.3915343915343915,Left,39.15
W075,486,2,0.164021164021164,Violation,16.4
W075,487,1,0.43532338308457713,Right,43.53
W075,487,0,0.417910447761194,Left,41.79
W075,487,2,0.14676616915422885,Violation,14.68
W075,488,1,0.4510739856801909,Right,45.11
W075,488,0,0.42720763723150357,Left,42.72
W075,488,2,0.12171837708830549,Violation,12.17
W075,489,1,0.4625,Right,46.25
W075,489,0,0.38,Left,38.0
W075,489,2,0.1575,Violation,15.75
W075,490,1,0.45989304812834225,Right,45.99
W075,490,0,0.4385026737967914,Left,43.85
W075,490,2,0.10160427807486631,Violation,10.16
W075,491,1,0.46472019464720193,Right,46.47
W075,491,0,0.43309002433090027,Left,43.31
W075,491,2,0.10218978102189781,Violation,10.22
W075,492,0,0.4318181818181818,Left,43.18
W075,492,1,0.4318181818181818,Right,43.18
W075,492,2,0.13636363636363635,Violation,13.64
W075,493,1,0.4503464203233256,Right,45.03
W075,493,0,0.3903002309468822,Left,39.03
W075,493,2,0.15935334872979215,Violation,15.94
W075,494,1,0.44552058111380144,Right,44.55
W075,494,0,0.4358353510895884,Left,43.58
W075,494,2,0.11864406779661017,Violation,11.86
W075,495,1,0.5024038461538461,Right,50.24
W075,495,0,0.39903846153846156,Left,39.9
W075,495,2,0.0985576923076923,Violation,9.86
W075,496,1,0.48725212464589235,Right,48.73
W075,496,0,0.4447592067988669,Left,44.48
W075,496,2,0.0679886685552408,Violation,6.8
W075,497,1,0.4744186046511628,Right,47.44
W075,497,0,0.4558139534883721,Left,45.58
W075,497,2,0.06976744186046512,Violation,6.98
W075,498,1,0.4604904632152589,Right,46.05
W075,498,0,0.44141689373297005,Left,44.14
W075,498,2,0.09809264305177112,Violation,9.81
W075,499,0,0.4587378640776699,Left,45.87
W075,499,1,0.44902912621359226,Right,44.9
W075,499,2,0.09223300970873786,Violation,9.22
W075,500,0,0.4459770114942529,Left,44.6
W075,500,1,0.4160919540229885,Right,41.61
W075,500,2,0.13793103448275862,Violation,13.79
W075,501,1,0.47912087912087914,Right,47.91
W075,501,0,0.378021978021978,Left,37.8
W075,501,2,0.14285714285714285,Violation,14.29
W075,502,1,0.4435483870967742,Right,44.35
W075,502,0,0.4274193548387097,Left,42.74
W075,502,2,0.12903225806451613,Violation,12.9
W075,503,0,0.4618937644341801,Left,46.19
W075,503,1,0.4387990762124711,Right,43.88
W075,503,2,0.09930715935334873,Violation,9.93
W075,504,1,0.49379652605459057,Right,49.38
W075,504,0,0.3920595533498759,Left,39.21
W075,504,2,0.1141439205955335,Violation,11.41
W075,505,1,0.49379652605459057,Right,49.38
W075,505,0,0.4292803970223325,Left,42.93
W075,505,2,0.07692307692307693,Violation,7.69
W075,506,1,0.487012987012987,Right,48.7
W075,506,0,0.3787878787878788,Left,37.88
W075,506,2,0.1341991341991342,Violation,13.42
W075,507,1,0.45454545454545453,Right,45.45
W075,507,0,0.4393939393939394,Left,43.94
W075,507,2,0.10606060606060606,Violation,10.61
W075,508,0,0.42171189979123175,Left,42.17
W075,508,1,0.42171189979123175,Right,42.17
W075,508,2,0.15657620041753653,Violation,15.66
W075,509,0,0.4597156398104265,Left,45.97
W075,509,1,0.4431279620853081,Right,44.31
W075,509,2,0.0971563981042654,Violation,9.72
W075,510,0,0.42758620689655175,Left,42.76
W075,510,1,0.41839080459770117,Right,41.84
W075,510,2,0.15402298850574714,Violation,15.4
W075,511,0,0.4409090909090909,Left,44.09
W075,511,1,0.43863636363636366,Right,43.86
W075,511,2,0.12045454545454545,Violation,12.05
W075,512,1,0.4319654427645788,Right,43.2
W075,512,0,0.4298056155507559,Left,42.98
W075,512,2,0.13822894168466524,Violation,13.82
W075,513,1,0.47073170731707314,Right,47.07
W075,513,0,0.4121951219512195,Left,41.22
W075,513,2,0.11707317073170732,Violation,11.71
W075,514,1,0.46205357142857145,Right,46.21
W075,514,0,0.45535714285714285,Left,45.54
W075,514,2,0.08258928571428571,Violation,8.26
W075,515,1,0.4593967517401392,Right,45.94
W075,515,0,0.42923433874709976,Left,42.92
W075,515,2,0.11136890951276102,Violation,11.14
W075,516,1,0.46744186046511627,Right,46.74
W075,516,0,0.39069767441860465,Left,39.07
W075,516,2,0.14186046511627906,Violation,14.19
W075,517,1,0.45691906005221933,Right,45.69
W075,517,0,0.42036553524804177,Left,42.04
W075,517,2,0.1227154046997389,Violation,12.27
W075,518,1,0.43736263736263736,Right,43.74
W075,518,0,0.3978021978021978,Left,39.78
W075,518,2,0.16483516483516483,Violation,16.48
W075,519,1,0.40772532188841204,Right,40.77
W075,519,0,0.4012875536480687,Left,40.13
W075,519,2,0.19098712446351931,Violation,19.1
W075,520,0,0.47415730337078654,Left,47.42
W075,520,1,0.3887640449438202,Right,38.88
W075,520,2,0.13707865168539327,Violation,13.71
W075,521,1,0.42921348314606744,Right,42.92
W075,521,0,0.40898876404494383,Left,40.9
W075,521,2,0.16179775280898875,Violation,16.18
W075,522,1,0.43914081145584727,Right,43.91
W075,522,0,0.4295942720763723,Left,42.96
W075,522,2,0.13126491646778043,Violation,13.13
W075,523,0,0.4535637149028078,Left,45.36
W075,523,1,0.3693304535637149,Right,36.93
W075,523,2,0.1771058315334773,Violation,17.71
W075,524,0,0.4569377990430622,Left,45.69
W075,524,1,0.4449760765550239,Right,44.5
W075,524,2,0.09808612440191387,Violation,9.81
W075,525,0,0.44372294372294374,Left,44.37
W075,525,1,0.4155844155844156,Right,41.56
W075,525,2,0.1406926406926407,Violation,14.07
W075,526,1,0.43820224719101125,Right,43.82
W075,526,0,0.43258426966292135,Left,43.26
W075,526,2,0.12921348314606743,Violation,12.92
W075,527,1,0.4652777777777778,Right,46.53
W075,527,0,0.3611111111111111,Left,36.11
W075,527,2,0.1736111111111111,Violation,17.36
W075,528,1,0.4976635514018692,Right,49.77
W075,528,0,0.4135514018691589,Left,41.36
W075,528,2,0.08878504672897196,Violation,8.88
W075,529,1,0.48951048951048953,Right,48.95
W075,529,0,0.40559440559440557,Left,40.56
W075,529,2,0.1048951048951049,Violation,10.49
W075,530,0,0.4578313253012048,Left,45.78
W075,530,1,0.41686746987951806,Right,41.69
W075,530,2,0.12530120481927712,Violation,12.53
W075,531,1,0.4697802197802198,Right,46.98
W075,531,0,0.41483516483516486,Left,41.48
W075,531,2,0.11538461538461539,Violation,11.54
W075,532,1,0.44333333333333336,Right,44.33
W075,532,0,0.4,Left,40.0
W075,532,2,0.15666666666666668,Violation,15.67
W075,533,1,0.44502617801047123,Right,44.5
W075,533,0,0.4214659685863874,Left,42.15
W075,533,2,0.13350785340314136,Violation,13.35
W075,534,1,0.4909560723514212,Right,49.1
W075,534,0,0.40568475452196384,Left,40.57
W075,534,2,0.10335917312661498,Violation,10.34
W075,535,1,0.44341801385681295,Right,44.34
W075,535,0,0.42032332563510394,Left,42.03
W075,535,2,0.13625866050808313,Violation,13.63
W075,536,1,0.4732142857142857,Right,47.32
W075,536,0,0.40773809523809523,Left,40.77
W075,536,2,0.11904761904761904,Violation,11.9
W075,537,0,0.4638949671772429,Left,46.39
W075,537,1,0.4113785557986871,Right,41.14
W075,537,2,0.12472647702407003,Violation,12.47
W075,538,0,0.45498783454987834,Left,45.5
W075,538,1,0.43795620437956206,Right,43.8
W075,538,2,0.1070559610705596,Violation,10.71
W075,539,1,0.44779582366589327,Right,44.78
W075,539,0,0.4013921113689095,Left,40.14
W075,539,2,0.15081206496519722,Violation,15.08
W075,540,1,0.45707070707070707,Right,45.71
W075,540,0,0.35858585858585856,Left,35.86
W075,540,2,0.18434343434343434,Violation,18.43
W075,541,1,0.4441340782122905,Right,44.41
W075,541,0,0.41620111731843573,Left,41.62
W075,541,2,0.13966480446927373,Violation,13.97
W075,542,1,0.4606741573033708,Right,46.07
W075,542,0,0.40898876404494383,Left,40.9
W075,542,2,0.1303370786516854,Violation,13.03
W075,543,1,0.46866485013623976,Right,46.87
W075,543,0,0.42779291553133514,Left,42.78
W075,543,2,0.10354223433242507,Violation,10.35
W075,544,1,0.45263157894736844,Right,45.26
W075,544,0,0.3936842105263158,Left,39.37
W075,544,2,0.15368421052631578,Violation,15.37
W075,545,0,0.4298440979955457,Left,42.98
W075,545,1,0.4298440979955457,Right,42.98
W075,545,2,0.1403118040089087,Violation,14.03
W075,546,0,0.4361111111111111,Left,43.61
W075,546,1,0.35,Right,35.0
W075,546,2,0.21388888888888888,Violation,21.39
W075,547,1,0.4125,Right,41.25
W075,547,0,0.3975,Left,39.75
W075,547,2,0.19,Violation,19.0
W075,548,0,0.3862559241706161,Left,38.63
W075,548,1,0.3578199052132701,Right,35.78
W075,548,2,0.2559241706161137,Violation,25.59
W075,549,0,0.42915811088295686,Left,42.92
W075,549,1,0.33675564681724846,Right,33.68
W075,549,2,0.23408624229979466,Violation,23.41
W075,550,0,0.36065573770491804,Left,36.07
W075,550,2,0.3333333333333333,Violation,33.33
W075,550,1,0.30601092896174864,Right,30.6
W075,551,0,0.40384615384615385,Left,40.38
W075,551,1,0.4017094017094017,Right,40.17
W075,551,2,0.19444444444444445,Violation,19.44
W075,552,0,0.3485714285714286,Left,34.86
W075,552,1,0.3485714285714286,Right,34.86
W075,552,2,0.3028571428571429,Violation,30.29
W075,553,0,0.39598997493734334,Left,39.6
W075,553,1,0.3659147869674185,Right,36.59
W075,553,2,0.23809523809523808,Violation,23.81
W075,554,0,0.42291666666666666,Left,42.29
W075,554,1,0.35833333333333334,Right,35.83
W075,554,2,0.21875,Violation,21.88
W075,555,1,0.4021164021164021,Right,40.21
W075,555,0,0.3888888888888889,Left,38.89
W075,555,2,0.20899470899470898,Violation,20.9
W075,556,0,0.41885964912280704,Left,41.89
W075,556,1,0.3881578947368421,Right,38.82
W075,556,2,0.19298245614035087,Violation,19.3
W075,557,1,0.42483660130718953,Right,42.48
W075,557,0,0.39215686274509803,Left,39.22
W075,557,2,0.1830065359477124,Violation,18.3
W075,558,1,0.42792792792792794,Right,42.79
W075,558,0,0.4009009009009009,Left,40.09
W075,558,2,0.17117117117117117,Violation,17.12
W075,559,0,0.41688654353562005,Left,41.69
W075,559,1,0.38786279683377306,Right,38.79
W075,559,2,0.19525065963060687,Violation,19.53
W075,560,1,0.39635535307517084,Right,39.64
W075,560,0,0.3804100227790433,Left,38.04
W075,560,2,0.22323462414578588,Violation,22.32
W075,561,2,0.4098360655737705,Violation,40.98
W075,561,0,0.31420765027322406,Left,31.42
W075,561,1,0.27595628415300544,Right,27.6
W075,562,1,0.4473684210526316,Right,44.74
W075,562,0,0.4100877192982456,Left,41.01
W075,562,2,0.1425438596491228,Violation,14.25
W075,563,0,0.4563106796116505,Left,45.63
W075,563,1,0.44660194174757284,Right,44.66
W075,563,2,0.0970873786407767,Violation,9.71
W075,564,1,0.43254817987152033,Right,43.25
W075,564,0,0.4261241970021413,Left,42.61
W075,564,2,0.14132762312633834,Violation,14.13
W075,565,1,0.45454545454545453,Right,45.45
W075,565,0,0.43680709534368073,Left,43.68
W075,565,2,0.10864745011086474,Violation,10.86
W075,566,1,0.38694638694638694,Right,38.69
W075,566,0,0.3752913752913753,Left,37.53
W075,566,2,0.23776223776223776,Violation,23.78
W075,567,1,0.45977011494252873,Right,45.98
W075,567,0,0.367816091954023,Left,36.78
W075,567,2,0.1724137931034483,Violation,17.24
W075,568,1,0.48,Right,48.0
W075,568,0,0.3552941176470588,Left,35.53
W075,568,2,0.16470588235294117,Violation,16.47
W075,569,1,0.42916666666666664,Right,42.92
W075,569,0,0.40625,Left,40.62
W075,569,2,0.16458333333333333,Violation,16.46
W075,570,1,0.4439252336448598,Right,44.39
W075,570,0,0.42289719626168226,Left,42.29
W075,570,2,0.13317757009345793,Violation,13.32
W075,571,1,0.46588235294117647,Right,46.59
W075,571,0,0.4,Left,40.0
W075,571,2,0.13411764705882354,Violation,13.41
W075,572,1,0.4863636363636364,Right,48.64
W075,572,0,0.3931818181818182,Left,39.32
W075,572,2,0.12045454545454545,Violation,12.05
W075,573,1,0.4364508393285372,Right,43.65
W075,573,0,0.38848920863309355,Left,38.85
W075,573,2,0.1750599520383693,Violation,17.51
W075,574,0,0.45454545454545453,Left,45.45
W075,574,1,0.40175953079178883,Right,40.18
W075,574,2,0.1436950146627566,Violation,14.37
W075,575,0,0.3832684824902724,Left,38.33
W075,575,1,0.3715953307392996,Right,37.16
W075,575,2,0.245136186770428,Violation,24.51
W075,576,1,0.46750524109014674,Right,46.75
W075,576,0,0.39832285115303984,Left,39.83
W075,576,2,0.13417190775681342,Violation,13.42
W075,577,0,0.43248945147679324,Left,43.25
W075,577,1,0.4092827004219409,Right,40.93
W075,577,2,0.15822784810126583,Violation,15.82
W075,578,1,0.42913385826771655,Right,42.91
W075,578,0,0.421259842519685,Left,42.13
W075,578,2,0.14960629921259844,Violation,14.96
W075,579,0,0.44861660079051385,Left,44.86
W075,579,1,0.4209486166007905,Right,42.09
W075,579,2,0.13043478260869565,Violation,13.04
W075,580,1,0.46205357142857145,Right,46.21
W075,580,0,0.41294642857142855,Left,41.29
W075,580,2,0.125,Violation,12.5
W075,581,1,0.423728813559322,Right,42.37
W075,581,0,0.4218455743879473,Left,42.18
W075,581,2,0.1544256120527307,Violation,15.44
W075,582,1,0.46277665995975853,Right,46.28
W075,582,0,0.4044265593561368,Left,40.44
W075,582,2,0.13279678068410464,Violation,13.28
W075,583,1,0.481335952848723,Right,48.13
W075,583,0,0.37721021611001965,Left,37.72
W075,583,2,0.14145383104125736,Violation,14.15
W075,584,1,0.43103448275862066,Right,43.1
W075,584,0,0.3793103448275862,Left,37.93
W075,584,2,0.1896551724137931,Violation,18.97
W075,585,1,0.4477317554240631,Right,44.77
W075,585,0,0.40039447731755423,Left,40.04
W075,585,2,0.15187376725838264,Violation,15.19
W075,586,1,0.4288747346072187,Right,42.89
W075,586,0,0.37579617834394907,Left,37.58
W075,586,2,0.19532908704883228,Violation,19.53
W075,587,1,0.41589648798521256,Right,41.59
W075,587,0,0.39186691312384475,Left,39.19
W075,587,2,0.1922365988909427,Violation,19.22
W075,588,1,0.4388888888888889,Right,43.89
W075,588,0,0.3648148148148148,Left,36.48
W075,588,2,0.1962962962962963,Violation,19.63
W075,589,0,0.4177215189873418,Left,41.77
W075,589,1,0.40325497287522605,Right,40.33
W075,589,2,0.17902350813743217,Violation,17.9
W075,590,1,0.4541832669322709,Right,45.42
W075,590,0,0.3904382470119522,Left,39.04
W075,590,2,0.1553784860557769,Violation,15.54
W075,591,1,0.44423791821561337,Right,44.42
W075,591,0,0.34572490706319703,Left,34.57
W075,591,2,0.2100371747211896,Violation,21.0
W075,592,1,0.4309278350515464,Right,43.09
W075,592,0,0.38762886597938145,Left,38.76
W075,592,2,0.18144329896907216,Violation,18.14
W075,593,1,0.45532646048109965,Right,45.53
W075,593,0,0.37628865979381443,Left,37.63
W075,593,2,0.16838487972508592,Violation,16.84
W075,594,0,0.4244306418219462,Left,42.44
W075,594,1,0.39751552795031053,Right,39.75
W075,594,2,0.17805383022774326,Violation,17.81
W075,595,1,0.4530120481927711,Right,45.3
W075,595,0,0.37349397590361444,Left,37.35
W075,595,2,0.17349397590361446,Violation,17.35
W075,596,1,0.4163346613545817,Right,41.63
W075,596,0,0.3844621513944223,Left,38.45
W075,596,2,0.199203187250996,Violation,19.92
W075,597,1,0.45930232558139533,Right,45.93
W075,597,0,0.3081395348837209,Left,30.81
W075,597,2,0.23255813953488372,Violation,23.26
W075,598,1,0.4618834080717489,Right,46.19
W075,598,0,0.37668161434977576,Left,37.67
W075,598,2,0.16143497757847533,Violation,16.14
W075,599,1,0.46548323471400394,Right,46.55
W075,599,0,0.3708086785009862,Left,37.08
W075,599,2,0.16370808678500987,Violation,16.37
W075,600,1,0.4803738317757009,Right,48.04
W075,600,0,0.3925233644859813,Left,39.25
W075,600,2,0.12710280373831775,Violation,12.71
W075,601,1,0.43162393162393164,Right,43.16
W075,601,0,0.37393162393162394,Left,37.39
W075,601,2,0.19444444444444445,Violation,19.44
W075,602,1,0.427734375,Right,42.77
W075,602,0,0.384765625,Left,38.48
W075,602,2,0.1875,Violation,18.75
W075,603,1,0.4288888888888889,Right,42.89
W075,603,0,0.3977777777777778,Left,39.78
W075,603,2,0.17333333333333334,Violation,17.33
W075,604,1,0.45691382765531063,Right,45.69
W075,604,0,0.4168336673346693,Left,41.68
W075,604,2,0.12625250501002003,Violation,12.63
W075,605,1,0.4494163424124514,Right,44.94
W075,605,0,0.44357976653696496,Left,44.36
W075,605,2,0.10700389105058365,Violation,10.7
W075,606,1,0.4647058823529412,Right,46.47
W075,606,0,0.3764705882352941,Left,37.65
W075,606,2,0.1588235294117647,Violation,15.88
W075,607,0,0.44539614561027835,Left,44.54
W075,607,1,0.4261241970021413,Right,42.61
W075,607,2,0.1284796573875803,Violation,12.85
W075,608,1,0.4759916492693111,Right,47.6
W075,608,0,0.3987473903966597,Left,39.87
W075,608,2,0.12526096033402923,Violation,12.53
W075,609,1,0.4716599190283401,Right,47.17
W075,609,0,0.4392712550607287,Left,43.93
W075,609,2,0.08906882591093117,Violation,8.91
W075,610,1,0.4686192468619247,Right,46.86
W075,610,0,0.39330543933054396,Left,39.33
W075,610,2,0.13807531380753138,Violation,13.81
W075,611,0,0.43832599118942733,Left,43.83
W075,611,1,0.42951541850220265,Right,42.95
W075,611,2,0.13215859030837004,Violation,13.22
W075,612,1,0.43722943722943725,Right,43.72
W075,612,0,0.3939393939393939,Left,39.39
W075,612,2,0.16883116883116883,Violation,16.88
W075,613,1,0.43714285714285717,Right,43.71
W075,613,0,0.41714285714285715,Left,41.71
W075,613,2,0.1457142857142857,Violation,14.57
W075,614,1,0.4570230607966457,Right,45.7
W075,614,0,0.38155136268343814,Left,38.16
W075,614,2,0.16142557651991615,Violation,16.14
W075,615,1,0.4679611650485437,Right,46.8
W075,615,0,0.42524271844660194,Left,42.52
W075,615,2,0.10679611650485436,Violation,10.68
W075,616,1,0.4560327198364008,Right,45.6
W075,616,0,0.3803680981595092,Left,38.04
W075,616,2,0.16359918200409,Violation,16.36
W075,617,0,0.4414784394250513,Left,44.15
W075,617,1,0.406570841889117,Right,40.66
W075,617,2,0.15195071868583163,Violation,15.2
W075,618,1,0.41811175337186895,Right,41.81
W075,618,0,0.3988439306358382,Left,39.88
W075,618,2,0.18304431599229287,Violation,18.3
W075,619,1,0.4656652360515021,Right,46.57
W075,619,0,0.37553648068669526,Left,37.55
W075,619,2,0.15879828326180256,Violation,15.88
W075,620,1,0.4520884520884521,Right,45.21
W075,620,0,0.40540540540540543,Left,40.54
W075,620,2,0.14250614250614252,Violation,14.25
W075,621,1,0.3779342723004695,Right,37.79
W075,621,0,0.31690140845070425,Left,31.69
W075,621,2,0.3051643192488263,Violation,30.52
W075,622,1,0.4323770491803279,Right,43.24
W075,622,0,0.38114754098360654,Left,38.11
W075,622,2,0.1864754098360656,Violation,18.65
W075,623,0,0.37142857142857144,Left,37.14
W075,623,1,0.336734693877551,Right,33.67
W075,623,2,0.29183673469387755,Violation,29.18
W075,624,1,0.4113785557986871,Right,41.14
W075,624,0,0.40919037199124725,Left,40.92
W075,624,2,0.17943107221006566,Violation,17.94
W075,625,0,0.4015151515151515,Left,40.15
W075,625,1,0.3977272727272727,Right,39.77
W075,625,2,0.20075757575757575,Violation,20.08
W075,626,1,0.43613138686131386,Right,43.61
W075,626,0,0.3594890510948905,Left,35.95
W075,626,2,0.20437956204379562,Violation,20.44
W075,627,0,0.43258426966292135,Left,43.26
W075,627,1,0.3782771535580524,Right,37.83
W075,627,2,0.1891385767790262,Violation,18.91
W075,628,1,0.45185185185185184,Right,45.19
W075,628,0,0.40185185185185185,Left,40.19
W075,628,2,0.14629629629629629,Violation,14.63
W075,629,0,0.3774597495527728,Left,37.75
W075,629,1,0.36493738819320215,Right,36.49
W075,629,2,0.25760286225402507,Violation,25.76
W075,630,1,0.45521023765996343,Right,45.52
W075,630,0,0.36745886654478976,Left,36.75
W075,630,2,0.1773308957952468,Violation,17.73
W075,631,1,0.397887323943662,Right,39.79
W075,631,0,0.3380281690140845,Left,33.8
W075,631,2,0.2640845070422535,Violation,26.41
W075,632,0,0.36363636363636365,Left,36.36
W075,632,1,0.36185383244206776,Right,36.19
W075,632,2,0.27450980392156865,Violation,27.45
W075,633,0,0.4166666666666667,Left,41.67
W075,633,1,0.3888888888888889,Right,38.89
W075,633,2,0.19444444444444445,Violation,19.44
W075,634,2,0.3961424332344214,Violation,39.61
W075,634,1,0.3516320474777448,Right,35.16
W075,634,0,0.2522255192878338,Left,25.22
W075,635,0,0.3876500857632933,Left,38.77
W075,635,1,0.38593481989708406,Right,38.59
W075,635,2,0.22641509433962265,Violation,22.64
W075,636,1,0.42326332794830374,Right,42.33
W075,636,0,0.29079159935379645,Left,29.08
W075,636,2,0.2859450726978998,Violation,28.59
W075,637,0,0.3935361216730038,Left,39.35
W075,637,1,0.3840304182509506,Right,38.4
W075,637,2,0.2224334600760456,Violation,22.24
W075,638,2,0.4007155635062612,Violation,40.07
W075,638,1,0.3631484794275492,Right,36.31
W075,638,0,0.23613595706618962,Left,23.61
W075,639,2,0.3850837138508371,Violation,38.51
W075,639,1,0.3698630136986301,Right,36.99
W075,639,0,0.2450532724505327,Left,24.51
W075,640,2,0.40092879256965946,Violation,40.09
W075,640,1,0.3560371517027864,Right,35.6
W075,640,0,0.24303405572755418,Left,24.3
W075,641,2,0.4584615384615385,Violation,45.85
W075,641,1,0.33692307692307694,Right,33.69
W075,641,0,0.20461538461538462,Left,20.46
W075,642,2,0.47752808988764045,Violation,47.75
W075,642,1,0.3258426966292135,Right,32.58
W075,642,0,0.19662921348314608,Left,19.66
W075,643,2,0.41566265060240964,Violation,41.57
W075,643,1,0.3509036144578313,Right,35.09
W075,643,0,0.23343373493975902,Left,23.34
W075,644,2,0.42295081967213116,Violation,42.3
W075,644,1,0.3639344262295082,Right,36.39
W075,644,0,0.21311475409836064,Left,21.31
W075,645,1,0.3854166666666667,Right,38.54
W075,645,2,0.3420138888888889,Violation,34.2
W075,645,0,0.2725694444444444,Left,27.26
W075,646,1,0.3932806324110672,Right,39.33
W075,646,0,0.391304347826087,Left,39.13
W075,646,2,0.21541501976284586,Violation,21.54
W075,647,1,0.4,Right,40.0
W075,647,0,0.3645833333333333,Left,36.46
W075,647,2,0.23541666666666666,Violation,23.54
W075,648,0,0.3901098901098901,Left,39.01
W075,648,1,0.3791208791208791,Right,37.91
W075,648,2,0.23076923076923078,Violation,23.08
W075,649,0,0.3611111111111111,Left,36.11
W075,649,1,0.3454861111111111,Right,34.55
W075,649,2,0.2934027777777778,Violation,29.34
W075,650,1,0.42065009560229444,Right,42.07
W075,650,0,0.3977055449330784,Left,39.77
W075,650,2,0.18164435946462715,Violation,18.16
W075,651,1,0.40625,Right,40.62
W075,651,0,0.3474264705882353,Left,34.74
W075,651,2,0.24632352941176472,Violation,24.63
W075,652,1,0.3855855855855856,Right,38.56
W075,652,0,0.34594594594594597,Left,34.59
W075,652,2,0.26846846846846845,Violation,26.85
W075,653,1,0.3843537414965986,Right,38.44
W075,653,0,0.3282312925170068,Left,32.82
W075,653,2,0.28741496598639454,Violation,28.74
W075,654,1,0.4157088122605364,Right,41.57
W075,654,0,0.37547892720306514,Left,37.55
W075,654,2,0.20881226053639848,Violation,20.88
W075,655,1,0.4,Right,40.0
W075,655,0,0.3686274509803922,Left,36.86
W075,655,2,0.23137254901960785,Violation,23.14
W075,656,1,0.3612040133779264,Right,36.12
W075,656,0,0.3394648829431438,Left,33.95
W075,656,2,0.2993311036789298,Violation,29.93
W075,657,1,0.3895131086142322,Right,38.95
W075,657,0,0.3464419475655431,Left,34.64
W075,657,2,0.2640449438202247,Violation,26.4
W075,658,1,0.45544554455445546,Right,45.54
W075,658,0,0.36435643564356435,Left,36.44
W075,658,2,0.1801980198019802,Violation,18.02
W075,659,1,0.417910447761194,Right,41.79
W075,659,0,0.36380597014925375,Left,36.38
W075,659,2,0.21828358208955223,Violation,21.83
W075,660,1,0.4280078895463511,Right,42.8
W075,660,0,0.36489151873767256,Left,36.49
W075,660,2,0.20710059171597633,Violation,20.71
W075,661,1,0.42437923250564336,Right,42.44
W075,661,0,0.4108352144469526,Left,41.08
W075,661,2,0.16478555304740405,Violation,16.48
W075,662,1,0.4690082644628099,Right,46.9
W075,662,0,0.30991735537190085,Left,30.99
W075,662,2,0.22107438016528927,Violation,22.11
W075,663,1,0.4295900178253119,Right,42.96
W075,663,2,0.30124777183600715,Violation,30.12
W075,663,0,0.26916221033868093,Left,26.92
W075,664,1,0.4397590361445783,Right,43.98
W075,664,0,0.28313253012048195,Left,28.31
W075,664,2,0.27710843373493976,Violation,27.71
W075,665,1,0.4014336917562724,Right,40.14
W075,665,2,0.30286738351254483,Violation,30.29
W075,665,0,0.2956989247311828,Left,29.57
W075,666,1,0.3996627318718381,Right,39.97
W075,666,2,0.31871838111298484,Violation,31.87
W075,666,0,0.28161888701517707,Left,28.16
W075,667,2,0.3978494623655914,Violation,39.78
W075,667,1,0.3671274961597542,Right,36.71
W075,667,0,0.2350230414746544,Left,23.5
W075,668,1,0.4033232628398791,Right,40.33
W075,668,2,0.3187311178247734,Violation,31.87
W075,668,0,0.27794561933534745,Left,27.79
W075,669,2,0.3603411513859275,Violation,36.03
W075,669,0,0.3411513859275053,Left,34.12
W075,669,1,0.29850746268656714,Right,29.85
W075,670,2,0.7304347826086957,Violation,73.04
W075,670,1,0.1426086956521739,Right,14.26
W075,670,0,0.12695652173913044,Left,12.7
W075,671,0,0.3798076923076923,Left,37.98
W075,671,1,0.375,Right,37.5
W075,671,2,0.24519230769230768,Violation,24.52
W075,672,0,0.3796477495107632,Left,37.96
W075,672,1,0.37573385518590996,Right,37.57
W075,672,2,0.2446183953033268,Violation,24.46
W075,673,1,0.4175824175824176,Right,41.76
W075,673,0,0.38461538461538464,Left,38.46
W075,673,2,0.1978021978021978,Violation,19.78
W075,674,1,0.43278688524590164,Right,43.28
W075,674,2,0.30983606557377047,Violation,30.98
W075,674,0,0.2573770491803279,Left,25.74
W075,675,2,0.40955137481910275,Violation,40.96
W075,675,1,0.3907380607814761,Right,39.07
W075,675,0,0.19971056439942114,Left,19.97
W075,676,1,0.37138263665594856,Right,37.14
W075,676,2,0.3617363344051447,Violation,36.17
W075,676,0,0.26688102893890675,Left,26.69
W075,677,2,0.4611727416798732,Violation,46.12
W075,677,1,0.329635499207607,Right,32.96
W075,677,0,0.2091917591125198,Left,20.92
W075,678,2,0.47088186356073214,Violation,47.09
W075,678,1,0.34608985024958405,Right,34.61
W075,678,0,0.18302828618968386,Left,18.3
W078,107,1,0.425531914893617,Right,42.55
W078,107,0,0.3981762917933131,Left,39.82
W078,107,2,0.1762917933130699,Violation,17.63
W078,108,0,0.43356643356643354,Left,43.36
W078,108,1,0.43006993006993005,Right,43.01
W078,108,2,0.13636363636363635,Violation,13.64
W078,109,1,0.47058823529411764,Right,47.06
W078,109,0,0.4019607843137255,Left,40.2
W078,109,2,0.12745098039215685,Violation,12.75
W078,110,1,0.45454545454545453,Right,45.45
W078,110,0,0.44363636363636366,Left,44.36
W078,110,2,0.10181818181818182,Violation,10.18
W078,111,0,0.4365482233502538,Left,43.65
W078,111,1,0.34517766497461927,Right,34.52
W078,111,2,0.2182741116751269,Violation,21.83
W078,112,0,0.45422535211267606,Left,45.42
W078,112,1,0.4471830985915493,Right,44.72
W078,112,2,0.09859154929577464,Violation,9.86
W078,113,1,0.4558139534883721,Right,45.58
W078,113,0,0.413953488372093,Left,41.4
W078,113,2,0.13023255813953488,Violation,13.02
W078,114,1,0.4666666666666667,Right,46.67
W078,114,0,0.3843137254901961,Left,38.43
W078,114,2,0.14901960784313725,Violation,14.9
W078,115,1,0.47843137254901963,Right,47.84
W078,115,0,0.4235294117647059,Left,42.35
W078,115,2,0.09803921568627451,Violation,9.8
W078,116,0,0.4703703703703704,Left,47.04
W078,116,1,0.44814814814814813,Right,44.81
W078,116,2,0.08148148148148149,Violation,8.15
W078,117,0,0.4592274678111588,Left,45.92
W078,117,1,0.4248927038626609,Right,42.49
W078,117,2,0.11587982832618025,Violation,11.59
W078,118,1,0.47,Right,47.0
W078,118,0,0.415,Left,41.5
W078,118,2,0.115,Violation,11.5
W078,119,0,0.47634069400630913,Left,47.63
W078,119,1,0.4353312302839117,Right,43.53
W078,119,2,0.08832807570977919,Violation,8.83
W078,120,1,0.4728682170542636,Right,47.29
W078,120,0,0.4573643410852713,Left,45.74
W078,120,2,0.06976744186046512,Violation,6.98
W078,121,0,0.5392670157068062,Left,53.93
W078,121,1,0.39790575916230364,Right,39.79
W078,121,2,0.06282722513089005,Violation,6.28
W078,122,0,0.46846846846846846,Left,46.85
W078,122,1,0.44594594594594594,Right,44.59
W078,122,2,0.08558558558558559,Violation,8.56
W078,123,0,0.4975369458128079,Left,49.75
W078,123,1,0.43842364532019706,Right,43.84
W078,123,2,0.06403940886699508,Violation,6.4
W078,124,1,0.475,Right,47.5
W078,124,0,0.43,Left,43.0
W078,124,2,0.095,Violation,9.5
W078,125,0,0.4238095238095238,Left,42.38
W078,125,1,0.41904761904761906,Right,41.9
W078,125,2,0.15714285714285714,Violation,15.71
W078,126,0,0.46540880503144655,Left,46.54
W078,126,1,0.4371069182389937,Right,43.71
W078,126,2,0.09748427672955975,Violation,9.75
W078,127,1,0.44947735191637633,Right,44.95
W078,127,0,0.4146341463414634,Left,41.46
W078,127,2,0.13588850174216027,Violation,13.59
W078,128,1,0.4594594594594595,Right,45.95
W078,128,0,0.4144144144144144,Left,41.44
W078,128,2,0.12612612612612611,Violation,12.61
W078,129,1,0.4647887323943662,Right,46.48
W078,129,0,0.43309859154929575,Left,43.31
W078,129,2,0.10211267605633803,Violation,10.21
W078,130,1,0.4818181818181818,Right,48.18
W078,130,0,0.4303030303030303,Left,43.03
W078,130,2,0.08787878787878788,Violation,8.79
W078,131,1,0.45427728613569324,Right,45.43
W078,131,0,0.44542772861356933,Left,44.54
W078,131,2,0.10029498525073746,Violation,10.03
W078,132,0,0.4585492227979275,Left,45.85
W078,132,1,0.45077720207253885,Right,45.08
W078,132,2,0.09067357512953368,Violation,9.07
W078,133,0,0.4649122807017544,Left,46.49
W078,133,1,0.4327485380116959,Right,43.27
W078,133,2,0.1023391812865497,Violation,10.23
W078,134,0,0.446875,Left,44.69
W078,134,1,0.421875,Right,42.19
W078,134,2,0.13125,Violation,13.12
W078,135,1,0.468503937007874,Right,46.85
W078,135,0,0.452755905511811,Left,45.28
W078,135,2,0.07874015748031496,Violation,7.87
W078,136,1,0.459915611814346,Right,45.99
W078,136,0,0.43037974683544306,Left,43.04
W078,136,2,0.10970464135021098,Violation,10.97
W078,137,0,0.4485294117647059,Left,44.85
W078,137,1,0.41544117647058826,Right,41.54
W078,137,2,0.13602941176470587,Violation,13.6
W078,138,0,0.44871794871794873,Left,44.87
W078,138,1,0.44871794871794873,Right,44.87
W078,138,2,0.10256410256410256,Violation,10.26
W078,139,1,0.42028985507246375,Right,42.03
W078,139,0,0.4144927536231884,Left,41.45
W078,139,2,0.16521739130434782,Violation,16.52
W078,140,0,0.45962732919254656,Left,45.96
W078,140,1,0.40062111801242234,Right,40.06
W078,140,2,0.13975155279503104,Violation,13.98
W078,141,0,0.48242811501597443,Left,48.24
W078,141,1,0.43769968051118213,Right,43.77
W078,141,2,0.07987220447284345,Violation,7.99
W078,142,0,0.4834123222748815,Left,48.34
W078,142,1,0.41706161137440756,Right,41.71
W078,142,2,0.0995260663507109,Violation,9.95
W078,143,0,0.4664179104477612,Left,46.64
W078,143,1,0.39552238805970147,Right,39.55
W078,143,2,0.13805970149253732,Violation,13.81
W078,144,1,0.43214285714285716,Right,43.21
W078,144,0,0.37142857142857144,Left,37.14
W078,144,2,0.19642857142857142,Violation,19.64
W078,145,0,0.43956043956043955,Left,43.96
W078,145,1,0.43223443223443225,Right,43.22
W078,145,2,0.1282051282051282,Violation,12.82
W078,146,0,0.4594594594594595,Left,45.95
W078,146,1,0.416988416988417,Right,41.7
W078,146,2,0.12355212355212356,Violation,12.36
W078,147,0,0.43951612903225806,Left,43.95
W078,147,1,0.40725806451612906,Right,40.73
W078,147,2,0.1532258064516129,Violation,15.32
W078,148,1,0.48535564853556484,Right,48.54
W078,148,0,0.40585774058577406,Left,40.59
W078,148,2,0.1087866108786611,Violation,10.88
W078,149,1,0.461864406779661,Right,46.19
W078,149,0,0.4576271186440678,Left,45.76
W078,149,2,0.08050847457627118,Violation,8.05
W078,150,0,0.452914798206278,Left,45.29
W078,150,1,0.43946188340807174,Right,43.95
W078,150,2,0.10762331838565023,Violation,10.76
W078,151,1,0.4769874476987448,Right,47.7
W078,151,0,0.4435146443514644,Left,44.35
W078,151,2,0.0794979079497908,Violation,7.95
W078,152,1,0.5063829787234042,Right,50.64
W078,152,0,0.4085106382978723,Left,40.85
W078,152,2,0.0851063829787234,Violation,8.51
W078,153,0,0.4752475247524752,Left,47.52
W078,153,1,0.4521452145214521,Right,45.21
W078,153,2,0.07260726072607261,Violation,7.26
W078,154,1,0.41846153846153844,Right,41.85
W078,154,0,0.40307692307692305,Left,40.31
W078,154,2,0.17846153846153845,Violation,17.85
W078,155,1,0.48220064724919093,Right,48.22
W078,155,0,0.4110032362459547,Left,41.1
W078,155,2,0.10679611650485436,Violation,10.68
W078,156,1,0.4554794520547945,Right,45.55
W078,156,0,0.4417808219178082,Left,44.18
W078,156,2,0.10273972602739725,Violation,10.27
W078,157,0,0.4387755102040816,Left,43.88
W078,157,1,0.41836734693877553,Right,41.84
W078,157,2,0.14285714285714285,Violation,14.29
W078,158,1,0.46408839779005523,Right,46.41
W078,158,0,0.4530386740331492,Left,45.3
W078,158,2,0.08287292817679558,Violation,8.29
W078,159,1,0.458128078817734,Right,45.81
W078,159,0,0.4187192118226601,Left,41.87
W078,159,2,0.12315270935960591,Violation,12.32
W078,160,1,0.4369369369369369,Right,43.69
W078,160,0,0.4189189189189189,Left,41.89
W078,160,2,0.14414414414414414,Violation,14.41
W078,161,1,0.4909090909090909,Right,49.09
W078,161,0,0.4109090909090909,Left,41.09
W078,161,2,0.09818181818181818,Violation,9.82
W078,162,1,0.4772727272727273,Right,47.73
W078,162,0,0.4,Left,40.0
W078,162,2,0.12272727272727273,Violation,12.27
W078,163,1,0.42771084337349397,Right,42.77
W078,163,0,0.4036144578313253,Left,40.36
W078,163,2,0.1686746987951807,Violation,16.87
W078,164,1,0.47761194029850745,Right,47.76
W078,164,0,0.4228855721393035,Left,42.29
W078,164,2,0.09950248756218906,Violation,9.95
W078,165,0,0.43873517786561267,Left,43.87
W078,165,1,0.42292490118577075,Right,42.29
W078,165,2,0.1383399209486166,Violation,13.83
W078,166,0,0.4297520661157025,Left,42.98
W078,166,1,0.4090909090909091,Right,40.91
W078,166,2,0.16115702479338842,Violation,16.12
W078,167,1,0.45643153526970953,Right,45.64
W078,167,0,0.42323651452282157,Left,42.32
W078,167,2,0.12033195020746888,Violation,12.03
W078,168,0,0.40718562874251496,Left,40.72
W078,168,1,0.40119760479041916,Right,40.12
W078,168,2,0.19161676646706588,Violation,19.16
W078,169,1,0.44583333333333336,Right,44.58
W078,169,0,0.44166666666666665,Left,44.17
W078,169,2,0.1125,Violation,11.25
W078,170,1,0.49528301886792453,Right,49.53
W078,170,0,0.3867924528301887,Left,38.68
W078,170,2,0.1179245283018868,Violation,11.79
W078,171,0,0.44242424242424244,Left,44.24
W078,171,1,0.42424242424242425,Right,42.42
W078,171,2,0.13333333333333333,Violation,13.33
W078,172,1,0.4588235294117647,Right,45.88
W078,172,0,0.43137254901960786,Left,43.14
W078,172,2,0.10980392156862745,Violation,10.98
W078,173,0,0.4701086956521739,Left,47.01
W078,173,1,0.4375,Right,43.75
W078,173,2,0.09239130434782608,Violation,9.24
W078,174,1,0.46176470588235297,Right,46.18
W078,174,0,0.45294117647058824,Left,45.29
W078,174,2,0.08529411764705883,Violation,8.53
W078,175,0,0.452991452991453,Left,45.3
W078,175,1,0.45014245014245013,Right,45.01
W078,175,2,0.09686609686609686,Violation,9.69
W078,176,0,0.43854748603351956,Left,43.85
W078,176,1,0.43854748603351956,Right,43.85
W078,176,2,0.12290502793296089,Violation,12.29
W078,177,1,0.44970414201183434,Right,44.97
W078,177,0,0.4408284023668639,Left,44.08
W078,177,2,0.10946745562130178,Violation,10.95
W078,178,1,0.45302013422818793,Right,45.3
W078,178,0,0.40604026845637586,Left,40.6
W078,178,2,0.14093959731543623,Violation,14.09
W078,179,0,0.5171232876712328,Left,51.71
W078,179,1,0.4212328767123288,Right,42.12
W078,179,2,0.06164383561643835,Violation,6.16
W078,180,0,0.4633333333333333,Left,46.33
W078,180,1,0.4,Right,40.0
W078,180,2,0.13666666666666666,Violation,13.67
W078,181,1,0.45907473309608543,Right,45.91
W078,181,0,0.4306049822064057,Left,43.06
W078,181,2,0.1103202846975089,Violation,11.03
W078,182,0,0.4603658536585366,Left,46.04
W078,182,1,0.4298780487804878,Right,42.99
W078,182,2,0.10975609756097561,Violation,10.98
W078,183,0,0.47388059701492535,Left,47.39
W078,183,1,0.3694029850746269,Right,36.94
W078,183,2,0.15671641791044777,Violation,15.67
W078,184,1,0.44360902255639095,Right,44.36
W078,184,0,0.4323308270676692,Left,43.23
W078,184,2,0.12406015037593984,Violation,12.41
W078,185,1,0.47266881028938906,Right,47.27
W078,185,0,0.43729903536977494,Left,43.73
W078,185,2,0.09003215434083602,Violation,9.0
W078,186,1,0.47191011235955055,Right,47.19
W078,186,0,0.4157303370786517,Left,41.57
W078,186,2,0.11235955056179775,Violation,11.24
W078,187,1,0.47419354838709676,Right,47.42
W078,187,0,0.432258064516129,Left,43.23
W078,187,2,0.0935483870967742,Violation,9.35
W078,188,1,0.4981684981684982,Right,49.82
W078,188,0,0.42857142857142855,Left,42.86
W078,188,2,0.07326007326007326,Violation,7.33
W078,189,1,0.46105919003115264,Right,46.11
W078,189,0,0.42990654205607476,Left,42.99
W078,189,2,0.10903426791277258,Violation,10.9
W078,190,0,0.5042016806722689,Left,50.42
W078,190,1,0.3865546218487395,Right,38.66
W078,190,2,0.1092436974789916,Violation,10.92
W078,191,1,0.48299319727891155,Right,48.3
W078,191,0,0.4217687074829932,Left,42.18
W078,191,2,0.09523809523809523,Violation,9.52
W078,192,1,0.4833759590792839,Right,48.34
W078,192,0,0.39641943734015345,Left,39.64
W078,192,2,0.12020460358056266,Violation,12.02
W078,193,0,0.46632124352331605,Left,46.63
W078,193,1,0.4481865284974093,Right,44.82
W078,193,2,0.08549222797927461,Violation,8.55
W078,194,1,0.4561933534743202,Right,45.62
W078,194,0,0.41389728096676737,Left,41.39
W078,194,2,0.1299093655589124,Violation,12.99
W078,195,0,0.46153846153846156,Left,46.15
W078,195,1,0.4414715719063545,Right,44.15
W078,195,2,0.09698996655518395,Violation,9.7
W078,196,1,0.44396551724137934,Right,44.4
W078,196,0,0.40086206896551724,Left,40.09
W078,196,2,0.15517241379310345,Violation,15.52
W078,197,1,0.4435146443514644,Right,44.35
W078,197,0,0.3891213389121339,Left,38.91
W078,197,2,0.16736401673640167,Violation,16.74
W078,198,0,0.43478260869565216,Left,43.48
W078,198,1,0.3864734299516908,Right,38.65
W078,198,2,0.178743961352657,Violation,17.87
W078,199,1,0.4936708860759494,Right,49.37
W078,199,0,0.41012658227848103,Left,41.01
W078,199,2,0.09620253164556962,Violation,9.62
W078,200,1,0.46408839779005523,Right,46.41
W078,200,0,0.4447513812154696,Left,44.48
W078,200,2,0.09116022099447514,Violation,9.12
W078,201,1,0.47265625,Right,47.27
W078,201,0,0.4453125,Left,44.53
W078,201,2,0.08203125,Violation,8.2
W078,202,0,0.49712643678160917,Left,49.71
W078,202,1,0.4367816091954023,Right,43.68
W078,202,2,0.06609195402298851,Violation,6.61
W078,203,0,0.4666666666666667,Left,46.67
W078,203,1,0.42933333333333334,Right,42.93
W078,203,2,0.104,Violation,10.4
W078,204,1,0.4980392156862745,Right,49.8
W078,204,0,0.4117647058823529,Left,41.18
W078,204,2,0.09019607843137255,Violation,9.02
W078,205,1,0.4696132596685083,Right,46.96
W078,205,0,0.4419889502762431,Left,44.2
W078,205,2,0.08839779005524862,Violation,8.84
W078,206,1,0.4839506172839506,Right,48.4
W078,206,0,0.4024691358024691,Left,40.25
W078,206,2,0.11358024691358025,Violation,11.36
W078,207,1,0.43291139240506327,Right,43.29
W078,207,0,0.42025316455696204,Left,42.03
W078,207,2,0.1468354430379747,Violation,14.68
W078,208,1,0.4680306905370844,Right,46.8
W078,208,0,0.44501278772378516,Left,44.5
W078,208,2,0.08695652173913043,Violation,8.7
W078,209,1,0.4845360824742268,Right,48.45
W078,209,0,0.41237113402061853,Left,41.24
W078,209,2,0.10309278350515463,Violation,10.31
W078,210,0,0.4661016949152542,Left,46.61
W078,210,1,0.403954802259887,Right,40.4
W078,210,2,0.12994350282485875,Violation,12.99
W078,211,0,0.4021164021164021,Left,40.21
W078,211,1,0.38095238095238093,Right,38.1
W078,211,2,0.21693121693121692,Violation,21.69
W078,212,1,0.47752808988764045,Right,47.75
W078,212,0,0.42134831460674155,Left,42.13
W078,212,2,0.10112359550561797,Violation,10.11
W078,213,0,0.4916864608076009,Left,49.17
W078,213,1,0.4085510688836104,Right,40.86
W078,213,2,0.0997624703087886,Violation,9.98
W078,214,0,0.4777777777777778,Left,47.78
W078,214,1,0.4527777777777778,Right,45.28
W078,214,2,0.06944444444444445,Violation,6.94
W078,215,1,0.46619217081850534,Right,46.62
W078,215,0,0.42704626334519574,Left,42.7
W078,215,2,0.10676156583629894,Violation,10.68
W078,216,0,0.49295774647887325,Left,49.3
W078,216,1,0.4450704225352113,Right,44.51
W078,216,2,0.061971830985915494,Violation,6.2
W078,217,0,0.4644808743169399,Left,46.45
W078,217,1,0.4426229508196721,Right,44.26
W078,217,2,0.09289617486338798,Violation,9.29
W078,218,0,0.4678111587982833,Left,46.78
W078,218,1,0.4248927038626609,Right,42.49
W078,218,2,0.1072961373390558,Violation,10.73
W078,219,1,0.48723404255319147,Right,48.72
W078,219,0,0.41914893617021276,Left,41.91
W078,219,2,0.09361702127659574,Violation,9.36
W078,220,1,0.47465437788018433,Right,47.47
W078,220,0,0.45161290322580644,Left,45.16
W078,220,2,0.07373271889400922,Violation,7.37
W078,221,1,0.5024630541871922,Right,50.25
W078,221,0,0.4408866995073892,Left,44.09
W078,221,2,0.05665024630541872,Violation,5.67
W078,222,0,0.5100502512562815,Left,51.01
W078,222,1,0.41457286432160806,Right,41.46
W078,222,2,0.07537688442211055,Violation,7.54
W078,223,1,0.4859550561797753,Right,48.6
W078,223,0,0.4353932584269663,Left,43.54
W078,223,2,0.07865168539325842,Violation,7.87
W078,224,0,0.48812664907651715,Left,48.81
W078,224,1,0.43271767810026385,Right,43.27
W078,224,2,0.079155672823219,Violation,7.92
W078,225,1,0.46808510638297873,Right,46.81
W078,225,0,0.4521276595744681,Left,45.21
W078,225,2,0.0797872340425532,Violation,7.98
W078,226,0,0.5178571428571429,Left,51.79
W078,226,1,0.41964285714285715,Right,41.96
W078,226,2,0.0625,Violation,6.25
W078,227,1,0.4540229885057471,Right,45.4
W078,227,0,0.4367816091954023,Left,43.68
W078,227,2,0.10919540229885058,Violation,10.92
W078,228,1,0.46943765281173594,Right,46.94
W078,228,0,0.43765281173594134,Left,43.77
W078,228,2,0.09290953545232274,Violation,9.29
W078,229,1,0.476303317535545,Right,47.63
W078,229,0,0.4218009478672986,Left,42.18
W078,229,2,0.1018957345971564,Violation,10.19
W078,230,0,0.4793187347931874,Left,47.93
W078,230,1,0.4282238442822384,Right,42.82
W078,230,2,0.09245742092457421,Violation,9.25
W078,231,0,0.49732620320855614,Left,49.73
W078,231,1,0.4411764705882353,Right,44.12
W078,231,2,0.06149732620320856,Violation,6.15
W078,232,1,0.467966573816156,Right,46.8
W078,232,0,0.4178272980501393,Left,41.78
W078,232,2,0.11420612813370473,Violation,11.42
W078,233,1,0.44533333333333336,Right,44.53
W078,233,0,0.44266666666666665,Left,44.27
W078,233,2,0.112,Violation,11.2
W078,234,1,0.49666666666666665,Right,49.67
W078,234,0,0.4266666666666667,Left,42.67
W078,234,2,0.07666666666666666,Violation,7.67
W078,235,1,0.47058823529411764,Right,47.06
W078,235,0,0.4625668449197861,Left,46.26
W078,235,2,0.06684491978609626,Violation,6.68
W078,236,1,0.4986449864498645,Right,49.86
W078,236,0,0.43902439024390244,Left,43.9
W078,236,2,0.06233062330623306,Violation,6.23
W078,237,2,0.391304347826087,Violation,39.13
W078,237,0,0.358695652173913,Left,35.87
W078,237,1,0.25,Right,25.0
W078,238,1,0.4689922480620155,Right,46.9
W078,238,0,0.3953488372093023,Left,39.53
W078,238,2,0.13565891472868216,Violation,13.57
W078,239,1,0.46062992125984253,Right,46.06
W078,239,0,0.42913385826771655,Left,42.91
W078,239,2,0.11023622047244094,Violation,11.02
W078,240,0,0.5056179775280899,Left,50.56
W078,240,1,0.3970037453183521,Right,39.7
W078,240,2,0.09737827715355805,Violation,9.74
W078,241,0,0.4766355140186916,Left,47.66
W078,241,1,0.42990654205607476,Right,42.99
W078,241,2,0.09345794392523364,Violation,9.35
W078,242,0,0.48046875,Left,48.05
W078,242,1,0.41796875,Right,41.8
W078,242,2,0.1015625,Violation,10.16
W078,243,0,0.4492753623188406,Left,44.93
W078,243,1,0.4492753623188406,Right,44.93
W078,243,2,0.10144927536231885,Violation,10.14
W078,244,0,0.4507462686567164,Left,45.07
W078,244,1,0.4417910447761194,Right,44.18
W078,244,2,0.10746268656716418,Violation,10.75
W078,245,1,0.47126436781609193,Right,47.13
W078,245,0,0.3716475095785441,Left,37.16
W078,245,2,0.15708812260536398,Violation,15.71
W078,246,0,0.45588235294117646,Left,45.59
W078,246,1,0.44485294117647056,Right,44.49
W078,246,2,0.09926470588235294,Violation,9.93
W078,247,0,0.48945147679324896,Left,48.95
W078,247,1,0.379746835443038,Right,37.97
W078,247,2,0.1308016877637131,Violation,13.08
W078,248,1,0.4391304347826087,Right,43.91
W078,248,0,0.43478260869565216,Left,43.48
W078,248,2,0.12608695652173912,Violation,12.61
W078,249,0,0.5012987012987012,Left,50.13
W078,249,1,0.42597402597402595,Right,42.6
W078,249,2,0.07272727272727272,Violation,7.27
W078,250,0,0.4356060606060606,Left,43.56
W078,250,1,0.4090909090909091,Right,40.91
W078,250,2,0.1553030303030303,Violation,15.53
W078,251,1,0.4632768361581921,Right,46.33
W078,251,0,0.4491525423728814,Left,44.92
W078,251,2,0.08757062146892655,Violation,8.76
W078,252,1,0.47318611987381703,Right,47.32
W078,252,0,0.45425867507886436,Left,45.43
W078,252,2,0.07255520504731862,Violation,7.26
W078,253,1,0.4542372881355932,Right,45.42
W078,253,0,0.423728813559322,Left,42.37
W078,253,2,0.12203389830508475,Violation,12.2
W078,254,0,0.46863468634686345,Left,46.86
W078,254,1,0.42066420664206644,Right,42.07
W078,254,2,0.11070110701107011,Violation,11.07
W078,255,0,0.4584450402144772,Left,45.84
W078,255,1,0.43699731903485256,Right,43.7
W078,255,2,0.10455764075067024,Violation,10.46
W078,256,1,0.4423076923076923,Right,44.23
W078,256,0,0.41208791208791207,Left,41.21
W078,256,2,0.14560439560439561,Violation,14.56
W078,257,0,0.4827586206896552,Left,48.28
W078,257,1,0.4323607427055703,Right,43.24
W078,257,2,0.08488063660477453,Violation,8.49
W078,258,2,0.3835616438356164,Violation,38.36
W078,258,1,0.3424657534246575,Right,34.25
W078,258,0,0.273972602739726,Left,27.4
W078,259,0,0.4514285714285714,Left,45.14
W078,259,1,0.44,Right,44.0
W078,259,2,0.10857142857142857,Violation,10.86
W078,260,0,0.4296482412060301,Left,42.96
W078,260,1,0.4120603015075377,Right,41.21
W078,260,2,0.15829145728643215,Violation,15.83
W078,261,1,0.46736292428198434,Right,46.74
W078,261,0,0.38642297650130547,Left,38.64
W078,261,2,0.1462140992167102,Violation,14.62
W078,262,0,0.4560975609756098,Left,45.61
W078,262,1,0.43902439024390244,Right,43.9
W078,262,2,0.1048780487804878,Violation,10.49
W078,263,0,0.44936708860759494,Left,44.94
W078,263,1,0.439873417721519,Right,43.99
W078,263,2,0.11075949367088607,Violation,11.08
W078,264,1,0.4425770308123249,Right,44.26
W078,264,0,0.43137254901960786,Left,43.14
W078,264,2,0.12605042016806722,Violation,12.61
W078,265,0,0.4700854700854701,Left,47.01
W078,265,1,0.4444444444444444,Right,44.44
W078,265,2,0.08547008547008547,Violation,8.55
W078,267,0,0.45707070707070707,Left,45.71
W078,267,1,0.4444444444444444,Right,44.44
W078,267,2,0.09848484848484848,Violation,9.85
W078,268,1,0.4502487562189055,Right,45.02
W078,268,0,0.43532338308457713,Left,43.53
W078,268,2,0.11442786069651742,Violation,11.44
W078,269,0,0.453125,Left,45.31
W078,269,1,0.4375,Right,43.75
W078,269,2,0.109375,Violation,10.94
W078,270,1,0.46866485013623976,Right,46.87
W078,270,0,0.3978201634877384,Left,39.78
W078,270,2,0.1335149863760218,Violation,13.35
W078,271,1,0.4539249146757679,Right,45.39
W078,271,0,0.45051194539249145,Left,45.05
W078,271,2,0.09556313993174062,Violation,9.56
W078,272,0,0.4756756756756757,Left,47.57
W078,272,1,0.43783783783783786,Right,43.78
W078,272,2,0.08648648648648649,Violation,8.65
W078,273,1,0.4613003095975232,Right,46.13
W078,273,0,0.43034055727554177,Left,43.03
W078,273,2,0.10835913312693499,Violation,10.84
W078,274,0,0.4558139534883721,Left,45.58
W078,274,1,0.4186046511627907,Right,41.86
W078,274,2,0.12558139534883722,Violation,12.56
W078,275,1,0.4716981132075472,Right,47.17
W078,275,0,0.4308176100628931,Left,43.08
W078,275,2,0.09748427672955975,Violation,9.75
W078,276,1,0.44680851063829785,Right,44.68
W078,276,0,0.44072948328267475,Left,44.07
W078,276,2,0.11246200607902736,Violation,11.25
W078,277,1,0.46545454545454545,Right,46.55
W078,277,0,0.4218181818181818,Left,42.18
W078,277,2,0.11272727272727273,Violation,11.27
W078,278,1,0.47017543859649125,Right,47.02
W078,278,0,0.4666666666666667,Left,46.67
W078,278,2,0.06315789473684211,Violation,6.32
W078,279,0,0.4755700325732899,Left,47.56
W078,279,1,0.46254071661237783,Right,46.25
W078,279,2,0.06188925081433225,Violation,6.19
W078,280,0,0.48120300751879697,Left,48.12
W078,280,1,0.4699248120300752,Right,46.99
W078,280,2,0.04887218045112782,Violation,4.89
W078,281,1,0.46808510638297873,Right,46.81
W078,281,0,0.425531914893617,Left,42.55
W078,281,2,0.10638297872340426,Violation,10.64
W078,282,0,0.46938775510204084,Left,46.94
W078,282,1,0.45714285714285713,Right,45.71
W078,282,2,0.07346938775510205,Violation,7.35
W078,283,1,0.4474393530997305,Right,44.74
W078,283,0,0.4420485175202156,Left,44.2
W078,283,2,0.1105121293800539,Violation,11.05
W078,284,0,0.5159817351598174,Left,51.6
W078,284,1,0.3789954337899543,Right,37.9
W078,284,2,0.1050228310502283,Violation,10.5
W078,285,0,0.49767441860465117,Left,49.77
W078,285,1,0.4186046511627907,Right,41.86
W078,285,2,0.08372093023255814,Violation,8.37
W078,286,1,0.4488888888888889,Right,44.89
W078,286,0,0.4266666666666667,Left,42.67
W078,286,2,0.12444444444444444,Violation,12.44
W078,287,0,0.44921875,Left,44.92
W078,287,1,0.4375,Right,43.75
W078,287,2,0.11328125,Violation,11.33
W078,288,1,0.5014492753623189,Right,50.14
W078,288,0,0.4463768115942029,Left,44.64
W078,288,2,0.05217391304347826,Violation,5.22
W078,289,1,0.48158640226628896,Right,48.16
W078,289,0,0.43059490084985835,Left,43.06
W078,289,2,0.08781869688385269,Violation,8.78
W078,290,0,0.5121951219512195,Left,51.22
W078,290,1,0.43089430894308944,Right,43.09
W078,290,2,0.056910569105691054,Violation,5.69
W078,291,0,0.4666666666666667,Left,46.67
W078,291,1,0.43466666666666665,Right,43.47
W078,291,2,0.09866666666666667,Violation,9.87
W078,292,0,0.4954128440366973,Left,49.54
W078,292,1,0.42201834862385323,Right,42.2
W078,292,2,0.08256880733944955,Violation,8.26
W078,293,1,0.44642857142857145,Right,44.64
W078,293,0,0.42142857142857143,Left,42.14
W078,293,2,0.13214285714285715,Violation,13.21
W078,294,1,0.43873517786561267,Right,43.87
W078,294,0,0.42292490118577075,Left,42.29
W078,294,2,0.1383399209486166,Violation,13.83
W078,295,1,0.4216417910447761,Right,42.16
W078,295,0,0.40671641791044777,Left,40.67
W078,295,2,0.17164179104477612,Violation,17.16
W078,296,0,0.5,Left,50.0
W078,296,1,0.39325842696629215,Right,39.33
W078,296,2,0.10674157303370786,Violation,10.67
W078,297,0,0.4586206896551724,Left,45.86
W078,297,1,0.4482758620689655,Right,44.83
W078,297,2,0.09310344827586207,Violation,9.31
W078,298,0,0.4896755162241888,Left,48.97
W078,298,1,0.41887905604719766,Right,41.89
W078,298,2,0.09144542772861357,Violation,9.14
W078,299,1,0.46808510638297873,Right,46.81
W078,299,0,0.43882978723404253,Left,43.88
W078,299,2,0.09308510638297872,Violation,9.31
W078,300,1,0.45517241379310347,Right,45.52
W078,300,0,0.43448275862068964,Left,43.45
W078,300,2,0.1103448275862069,Violation,11.03
W078,301,1,0.44583333333333336,Right,44.58
W078,301,0,0.4375,Left,43.75
W078,301,2,0.11666666666666667,Violation,11.67
W078,302,0,0.47896440129449835,Left,47.9
W078,302,1,0.42071197411003236,Right,42.07
W078,302,2,0.10032362459546926,Violation,10.03
W078,303,1,0.4717948717948718,Right,47.18
W078,303,0,0.43846153846153846,Left,43.85
W078,303,2,0.08974358974358974,Violation,8.97
W078,304,0,0.4931506849315068,Left,49.32
W078,304,1,0.4438356164383562,Right,44.38
W078,304,2,0.06301369863013699,Violation,6.3
W078,305,1,0.4292682926829268,Right,42.93
W078,305,0,0.3853658536585366,Left,38.54
W078,305,2,0.18536585365853658,Violation,18.54
W078,306,0,0.4636118598382749,Left,46.36
W078,306,1,0.4636118598382749,Right,46.36
W078,306,2,0.07277628032345014,Violation,7.28
W078,307,0,0.5071428571428571,Left,50.71
W078,307,1,0.4392857142857143,Right,43.93
W078,307,2,0.05357142857142857,Violation,5.36
W078,308,0,0.45535714285714285,Left,45.54
W078,308,1,0.44642857142857145,Right,44.64
W078,308,2,0.09821428571428571,Violation,9.82
W078,309,0,0.47388059701492535,Left,47.39
W078,309,1,0.4664179104477612,Right,46.64
W078,309,2,0.05970149253731343,Violation,5.97
W078,310,0,0.4575757575757576,Left,45.76
W078,310,1,0.44242424242424244,Right,44.24
W078,310,2,0.1,Violation,10.0
W078,311,0,0.44745762711864406,Left,44.75
W078,311,1,0.4440677966101695,Right,44.41
W078,311,2,0.10847457627118644,Violation,10.85
W078,312,0,0.47214076246334313,Left,47.21
W078,312,1,0.44574780058651026,Right,44.57
W078,312,2,0.08211143695014662,Violation,8.21
W078,313,1,0.47720364741641336,Right,47.72
W078,313,0,0.42857142857142855,Left,42.86
W078,313,2,0.09422492401215805,Violation,9.42
W078,314,0,0.47520661157024796,Left,47.52
W078,314,1,0.47107438016528924,Right,47.11
W078,314,2,0.05371900826446281,Violation,5.37
W078,315,1,0.4798387096774194,Right,47.98
W078,315,0,0.43951612903225806,Left,43.95
W078,315,2,0.08064516129032258,Violation,8.06
W078,316,1,0.461734693877551,Right,46.17
W078,316,0,0.42346938775510207,Left,42.35
W078,316,2,0.11479591836734694,Violation,11.48
W078,317,0,0.46710526315789475,Left,46.71
W078,317,1,0.4276315789473684,Right,42.76
W078,317,2,0.10526315789473684,Violation,10.53
W078,318,0,0.468586387434555,Left,46.86
W078,318,1,0.45549738219895286,Right,45.55
W078,318,2,0.07591623036649214,Violation,7.59
W078,319,1,0.4714285714285714,Right,47.14
W078,319,0,0.44857142857142857,Left,44.86
W078,319,2,0.08,Violation,8.0
W078,320,1,0.46261682242990654,Right,46.26
W078,320,0,0.45093457943925236,Left,45.09
W078,320,2,0.08644859813084112,Violation,8.64
W078,321,1,0.5032894736842105,Right,50.33
W078,321,0,0.4407894736842105,Left,44.08
W078,321,2,0.05592105263157895,Violation,5.59
W078,322,0,0.461734693877551,Left,46.17
W078,322,1,0.45408163265306123,Right,45.41
W078,322,2,0.08418367346938775,Violation,8.42
W078,323,1,0.4636118598382749,Right,46.36
W078,323,0,0.4555256064690027,Left,45.55
W078,323,2,0.08086253369272237,Violation,8.09
W078,324,0,0.4837905236907731,Left,48.38
W078,324,1,0.4513715710723192,Right,45.14
W078,324,2,0.06483790523690773,Violation,6.48
W078,325,1,0.4722222222222222,Right,47.22
W078,325,0,0.4696969696969697,Left,46.97
W078,325,2,0.05808080808080808,Violation,5.81
W078,326,0,0.454320987654321,Left,45.43
W078,326,1,0.454320987654321,Right,45.43
W078,326,2,0.09135802469135802,Violation,9.14
W078,327,1,0.48031496062992124,Right,48.03
W078,327,0,0.45931758530183725,Left,45.93
W078,327,2,0.06036745406824147,Violation,6.04
W078,328,0,0.48299319727891155,Left,48.3
W078,328,1,0.3945578231292517,Right,39.46
W078,328,2,0.12244897959183673,Violation,12.24
W078,329,0,0.4692556634304207,Left,46.93
W078,329,1,0.4692556634304207,Right,46.93
W078,329,2,0.061488673139158574,Violation,6.15
W078,330,1,0.5052631578947369,Right,50.53
W078,330,0,0.43508771929824563,Left,43.51
W078,330,2,0.05964912280701754,Violation,5.96
W078,331,1,0.4697986577181208,Right,46.98
W078,331,0,0.44966442953020136,Left,44.97
W078,331,2,0.08053691275167785,Violation,8.05
W078,332,0,0.48464163822525597,Left,48.46
W078,332,1,0.4402730375426621,Right,44.03
W078,332,2,0.07508532423208192,Violation,7.51
W078,333,0,0.4717607973421927,Left,47.18
W078,333,1,0.46179401993355484,Right,46.18
W078,333,2,0.0664451827242525,Violation,6.64
W078,334,1,0.4748603351955307,Right,47.49
W078,334,0,0.43854748603351956,Left,43.85
W078,334,2,0.08659217877094973,Violation,8.66
W078,335,0,0.4608433734939759,Left,46.08
W078,335,1,0.4246987951807229,Right,42.47
W078,335,2,0.1144578313253012,Violation,11.45
W078,336,0,0.49226006191950467,Left,49.23
W078,336,1,0.43034055727554177,Right,43.03
W078,336,2,0.07739938080495357,Violation,7.74
W078,337,0,0.4647058823529412,Left,46.47
W078,337,1,0.43529411764705883,Right,43.53
W078,337,2,0.1,Violation,10.0
W078,338,0,0.434375,Left,43.44
W078,338,1,0.384375,Right,38.44
W078,338,2,0.18125,Violation,18.12
W078,339,1,0.4798657718120805,Right,47.99
W078,339,0,0.45302013422818793,Left,45.3
W078,339,2,0.06711409395973154,Violation,6.71
W078,340,1,0.49206349206349204,Right,49.21
W078,340,0,0.42857142857142855,Left,42.86
W078,340,2,0.07936507936507936,Violation,7.94
W078,341,1,0.49095022624434387,Right,49.1
W078,341,0,0.47058823529411764,Left,47.06
W078,341,2,0.038461538461538464,Violation,3.85
W078,342,0,0.45226130653266333,Left,45.23
W078,342,1,0.4271356783919598,Right,42.71
W078,342,2,0.12060301507537688,Violation,12.06
W078,343,0,0.46691176470588236,Left,46.69
W078,343,1,0.43014705882352944,Right,43.01
W078,343,2,0.10294117647058823,Violation,10.29
W078,344,0,0.49081364829396323,Left,49.08
W078,344,1,0.4225721784776903,Right,42.26
W078,344,2,0.08661417322834646,Violation,8.66
W078,345,0,0.484593837535014,Left,48.46
W078,345,1,0.43977591036414565,Right,43.98
W078,345,2,0.07563025210084033,Violation,7.56
W078,346,1,0.46485260770975056,Right,46.49
W078,346,0,0.4444444444444444,Left,44.44
W078,346,2,0.09070294784580499,Violation,9.07
W078,347,0,0.47074468085106386,Left,47.07
W078,347,1,0.4601063829787234,Right,46.01
W078,347,2,0.06914893617021277,Violation,6.91
W078,348,1,0.4405940594059406,Right,44.06
W078,348,0,0.36633663366336633,Left,36.63
W078,348,2,0.19306930693069307,Violation,19.31
W078,349,1,0.4533333333333333,Right,45.33
W078,349,0,0.41333333333333333,Left,41.33
W078,349,2,0.13333333333333333,Violation,13.33
W078,350,0,0.4649805447470817,Left,46.5
W078,350,1,0.45525291828793774,Right,45.53
W078,350,2,0.07976653696498054,Violation,7.98
W078,351,1,0.5241090146750524,Right,52.41
W078,351,0,0.389937106918239,Left,38.99
W078,351,2,0.0859538784067086,Violation,8.6
W078,352,0,0.47337278106508873,Left,47.34
W078,352,1,0.46745562130177515,Right,46.75
W078,352,2,0.05917159763313609,Violation,5.92
W078,353,0,0.4878048780487805,Left,48.78
W078,353,1,0.42601626016260163,Right,42.6
W078,353,2,0.08617886178861789,Violation,8.62
W078,354,0,0.4868686868686869,Left,48.69
W078,354,1,0.44646464646464645,Right,44.65
W078,354,2,0.06666666666666667,Violation,6.67
W078,355,0,0.4572564612326044,Left,45.73
W078,355,1,0.4433399602385686,Right,44.33
W078,355,2,0.09940357852882704,Violation,9.94
W078,356,1,0.45045045045045046,Right,45.05
W078,356,0,0.4346846846846847,Left,43.47
W078,356,2,0.11486486486486487,Violation,11.49
W078,357,0,0.4623376623376623,Left,46.23
W078,357,1,0.4623376623376623,Right,46.23
W078,357,2,0.07532467532467532,Violation,7.53
W078,359,0,0.48043478260869565,Left,48.04
W078,359,1,0.45,Right,45.0
W078,359,2,0.06956521739130435,Violation,6.96
W078,360,0,0.4640198511166253,Left,46.4
W078,360,1,0.4292803970223325,Right,42.93
W078,360,2,0.10669975186104218,Violation,10.67
W078,361,1,0.45054945054945056,Right,45.05
W078,361,0,0.4307692307692308,Left,43.08
W078,361,2,0.11868131868131868,Violation,11.87
W078,362,0,0.43457943925233644,Left,43.46
W078,362,1,0.4322429906542056,Right,43.22
W078,362,2,0.13317757009345793,Violation,13.32
W078,363,0,0.4504792332268371,Left,45.05
W078,363,1,0.40894568690095845,Right,40.89
W078,363,2,0.14057507987220447,Violation,14.06
W078,364,1,0.43283582089552236,Right,43.28
W078,364,0,0.3805970149253731,Left,38.06
W078,364,2,0.1865671641791045,Violation,18.66
W078,365,0,0.45897435897435895,Left,45.9
W078,365,1,0.4564102564102564,Right,45.64
W078,365,2,0.08461538461538462,Violation,8.46
W078,366,1,0.4498714652956298,Right,44.99
W078,366,0,0.442159383033419,Left,44.22
W078,366,2,0.10796915167095116,Violation,10.8
W080,271,1,0.425531914893617,Right,42.55
W080,271,0,0.4127659574468085,Left,41.28
W080,271,2,0.16170212765957448,Violation,16.17
W080,272,1,0.40585774058577406,Right,40.59
W080,272,0,0.401673640167364,Left,40.17
W080,272,2,0.19246861924686193,Violation,19.25
W080,273,1,0.44081632653061226,Right,44.08
W080,273,0,0.37142857142857144,Left,37.14
W080,273,2,0.18775510204081633,Violation,18.78
W080,274,1,0.44559585492227977,Right,44.56
W080,274,0,0.40932642487046633,Left,40.93
W080,274,2,0.14507772020725387,Violation,14.51
W080,275,0,0.4473684210526316,Left,44.74
W080,275,1,0.41729323308270677,Right,41.73
W080,275,2,0.13533834586466165,Violation,13.53
W080,276,1,0.45161290322580644,Right,45.16
W080,276,0,0.4314516129032258,Left,43.15
W080,276,2,0.11693548387096774,Violation,11.69
W080,277,0,0.47470817120622566,Left,47.47
W080,277,1,0.4474708171206226,Right,44.75
W080,277,2,0.07782101167315175,Violation,7.78
W080,278,0,0.4449760765550239,Left,44.5
W080,278,1,0.44019138755980863,Right,44.02
W080,278,2,0.11483253588516747,Violation,11.48
W080,279,0,0.4714285714285714,Left,47.14
W080,279,1,0.42857142857142855,Right,42.86
W080,279,2,0.1,Violation,10.0
W080,280,0,0.44727272727272727,Left,44.73
W080,280,1,0.41454545454545455,Right,41.45
W080,280,2,0.13818181818181818,Violation,13.82
W080,281,1,0.47232472324723246,Right,47.23
W080,281,0,0.4317343173431734,Left,43.17
W080,281,2,0.0959409594095941,Violation,9.59
W080,282,0,0.4782608695652174,Left,47.83
W080,282,1,0.4166666666666667,Right,41.67
W080,282,2,0.10507246376811594,Violation,10.51
W080,283,1,0.4522058823529412,Right,45.22
W080,283,0,0.44485294117647056,Left,44.49
W080,283,2,0.10294117647058823,Violation,10.29
W080,284,0,0.46124031007751937,Left,46.12
W080,284,1,0.42248062015503873,Right,42.25
W080,284,2,0.11627906976744186,Violation,11.63
W080,285,1,0.44,Right,44.0
W080,285,0,0.388,Left,38.8
W080,285,2,0.172,Violation,17.2
W080,286,0,0.4782608695652174,Left,47.83
W080,286,1,0.427536231884058,Right,42.75
W080,286,2,0.09420289855072464,Violation,9.42
W080,287,0,0.4749034749034749,Left,47.49
W080,287,1,0.4594594594594595,Right,45.95
W080,287,2,0.06563706563706563,Violation,6.56
W080,288,1,0.4344569288389513,Right,43.45
W080,288,0,0.4232209737827715,Left,42.32
W080,288,2,0.14232209737827714,Violation,14.23
W080,289,0,0.4859154929577465,Left,48.59
W080,289,1,0.3908450704225352,Right,39.08
W080,289,2,0.12323943661971831,Violation,12.32
W080,290,1,0.43866171003717475,Right,43.87
W080,290,0,0.4200743494423792,Left,42.01
W080,290,2,0.1412639405204461,Violation,14.13
W080,291,1,0.4492753623188406,Right,44.93
W080,291,0,0.4420289855072464,Left,44.2
W080,291,2,0.10869565217391304,Violation,10.87
W080,292,0,0.48249027237354086,Left,48.25
W080,292,1,0.43190661478599224,Right,43.19
W080,292,2,0.08560311284046693,Violation,8.56
W080,293,1,0.45871559633027525,Right,45.87
W080,293,0,0.41896024464831805,Left,41.9
W080,293,2,0.12232415902140673,Violation,12.23
W080,294,0,0.49280575539568344,Left,49.28
W080,294,1,0.43884892086330934,Right,43.88
W080,294,2,0.0683453237410072,Violation,6.83
W080,295,1,0.4659498207885305,Right,46.59
W080,295,0,0.45161290322580644,Left,45.16
W080,295,2,0.08243727598566308,Violation,8.24
W080,296,0,0.4485981308411215,Left,44.86
W080,296,1,0.4158878504672897,Right,41.59
W080,296,2,0.13551401869158877,Violation,13.55
W080,297,1,0.4845679012345679,Right,48.46
W080,297,0,0.4506172839506173,Left,45.06
W080,297,2,0.06481481481481481,Violation,6.48
W080,298,2,0.6075268817204301,Violation,60.75
W080,298,1,0.20430107526881722,Right,20.43
W080,298,0,0.1881720430107527,Left,18.82
W080,299,1,0.43728813559322033,Right,43.73
W080,299,0,0.3728813559322034,Left,37.29
W080,299,2,0.18983050847457628,Violation,18.98
W080,301,1,0.4715447154471545,Right,47.15
W080,301,0,0.4037940379403794,Left,40.38
W080,301,2,0.12466124661246612,Violation,12.47
W080,302,0,0.4142857142857143,Left,41.43
W080,302,1,0.4,Right,40.0
W080,302,2,0.18571428571428572,Violation,18.57
W080,303,0,0.47686832740213525,Left,47.69
W080,303,1,0.40213523131672596,Right,40.21
W080,303,2,0.12099644128113879,Violation,12.1
W080,304,0,0.44148936170212766,Left,44.15
W080,304,1,0.39095744680851063,Right,39.1
W080,304,2,0.1675531914893617,Violation,16.76
W080,305,0,0.4834710743801653,Left,48.35
W080,305,1,0.40082644628099173,Right,40.08
W080,305,2,0.11570247933884298,Violation,11.57
W080,306,1,0.4977168949771689,Right,49.77
W080,306,0,0.3789954337899543,Left,37.9
W080,306,2,0.1232876712328767,Violation,12.33
W080,307,1,0.4479166666666667,Right,44.79
W080,307,0,0.4340277777777778,Left,43.4
W080,307,2,0.11805555555555555,Violation,11.81
W080,308,1,0.47533632286995514,Right,47.53
W080,308,0,0.39461883408071746,Left,39.46
W080,308,2,0.13004484304932734,Violation,13.0
W080,309,0,0.4408284023668639,Left,44.08
W080,309,1,0.4260355029585799,Right,42.6
W080,309,2,0.13313609467455623,Violation,13.31
W080,310,1,0.41935483870967744,Right,41.94
W080,310,0,0.3911290322580645,Left,39.11
W080,310,2,0.18951612903225806,Violation,18.95
W080,311,0,0.44954128440366975,Left,44.95
W080,311,1,0.42660550458715596,Right,42.66
W080,311,2,0.12385321100917432,Violation,12.39
W080,312,0,0.4375,Left,43.75
W080,312,1,0.41911764705882354,Right,41.91
W080,312,2,0.14338235294117646,Violation,14.34
W080,313,1,0.45161290322580644,Right,45.16
W080,313,0,0.37327188940092165,Left,37.33
W080,313,2,0.17511520737327188,Violation,17.51
W080,314,1,0.4201388888888889,Right,42.01
W080,314,0,0.3819444444444444,Left,38.19
W080,314,2,0.19791666666666666,Violation,19.79
W080,315,1,0.43573667711598746,Right,43.57
W080,315,0,0.4263322884012539,Left,42.63
W080,315,2,0.13793103448275862,Violation,13.79
W080,316,0,0.4318181818181818,Left,43.18
W080,316,1,0.3712121212121212,Right,37.12
W080,316,2,0.19696969696969696,Violation,19.7
W080,317,0,0.44761904761904764,Left,44.76
W080,317,1,0.4158730158730159,Right,41.59
W080,317,2,0.1365079365079365,Violation,13.65
W080,318,1,0.4155405405405405,Right,41.55
W080,318,0,0.40202702702702703,Left,40.2
W080,318,2,0.18243243243243243,Violation,18.24
W080,319,0,0.42402826855123676,Left,42.4
W080,319,1,0.42402826855123676,Right,42.4
W080,319,2,0.1519434628975265,Violation,15.19
W080,320,0,0.4745098039215686,Left,47.45
W080,320,1,0.43137254901960786,Right,43.14
W080,320,2,0.09411764705882353,Violation,9.41
W080,321,0,0.4326530612244898,Left,43.27
W080,321,1,0.4204081632653061,Right,42.04
W080,321,2,0.1469387755102041,Violation,14.69
W080,322,0,0.44047619047619047,Left,44.05
W080,322,1,0.4007936507936508,Right,40.08
W080,322,2,0.15873015873015872,Violation,15.87
W080,323,0,0.4411764705882353,Left,44.12
W080,323,1,0.38235294117647056,Right,38.24
W080,323,2,0.17647058823529413,Violation,17.65
W080,324,1,0.43870967741935485,Right,43.87
W080,324,0,0.4032258064516129,Left,40.32
W080,324,2,0.15806451612903225,Violation,15.81
W080,325,0,0.45222929936305734,Left,45.22
W080,325,1,0.4426751592356688,Right,44.27
W080,325,2,0.10509554140127389,Violation,10.51
W080,326,0,0.47770700636942676,Left,47.77
W080,326,1,0.410828025477707,Right,41.08
W080,326,2,0.11146496815286625,Violation,11.15
W080,327,1,0.44782608695652176,Right,44.78
W080,327,0,0.4260869565217391,Left,42.61
W080,327,2,0.12608695652173912,Violation,12.61
W080,328,1,0.4175257731958763,Right,41.75
W080,328,0,0.40463917525773196,Left,40.46
W080,328,2,0.17783505154639176,Violation,17.78
W080,329,1,0.4620253164556962,Right,46.2
W080,329,0,0.3924050632911392,Left,39.24
W080,329,2,0.14556962025316456,Violation,14.56
W080,330,1,0.47692307692307695,Right,47.69
W080,330,0,0.40384615384615385,Left,40.38
W080,330,2,0.11923076923076924,Violation,11.92
W080,331,1,0.45674740484429066,Right,45.67
W080,331,0,0.43252595155709345,Left,43.25
W080,331,2,0.11072664359861592,Violation,11.07
W080,332,0,0.4396551724137931,Left,43.97
W080,332,1,0.4367816091954023,Right,43.68
W080,332,2,0.1235632183908046,Violation,12.36
W080,333,1,0.49640287769784175,Right,49.64
W080,333,0,0.4064748201438849,Left,40.65
W080,333,2,0.09712230215827339,Violation,9.71
W080,334,0,0.4618181818181818,Left,46.18
W080,334,1,0.3927272727272727,Right,39.27
W080,334,2,0.14545454545454545,Violation,14.55
W080,335,1,0.37815126050420167,Right,37.82
W080,335,0,0.36134453781512604,Left,36.13
W080,335,2,0.2605042016806723,Violation,26.05
W080,336,0,0.444,Left,44.4
W080,336,1,0.44,Right,44.0
W080,336,2,0.116,Violation,11.6
W080,337,0,0.4763231197771588,Left,47.63
W080,337,1,0.3983286908077994,Right,39.83
W080,337,2,0.12534818941504178,Violation,12.53
W080,338,1,0.44285714285714284,Right,44.29
W080,338,0,0.42142857142857143,Left,42.14
W080,338,2,0.1357142857142857,Violation,13.57
W080,339,1,0.45054945054945056,Right,45.05
W080,339,0,0.42124542124542125,Left,42.12
W080,339,2,0.1282051282051282,Violation,12.82
W080,340,1,0.4234875444839858,Right,42.35
W080,340,0,0.41637010676156583,Left,41.64
W080,340,2,0.1601423487544484,Violation,16.01
W080,341,0,0.4532967032967033,Left,45.33
W080,341,1,0.4532967032967033,Right,45.33
W080,341,2,0.09340659340659341,Violation,9.34
W080,342,1,0.4357682619647355,Right,43.58
W080,342,0,0.43073047858942065,Left,43.07
W080,342,2,0.13350125944584382,Violation,13.35
W080,343,0,0.4619883040935672,Left,46.2
W080,343,1,0.4415204678362573,Right,44.15
W080,343,2,0.09649122807017543,Violation,9.65
W080,344,1,0.4585635359116022,Right,45.86
W080,344,0,0.43646408839779005,Left,43.65
W080,344,2,0.10497237569060773,Violation,10.5
W080,345,1,0.4105011933174224,Right,41.05
W080,345,0,0.3627684964200477,Left,36.28
W080,345,2,0.22673031026252982,Violation,22.67
W080,346,0,0.4985754985754986,Left,49.86
W080,346,1,0.452991452991453,Right,45.3
W080,346,2,0.04843304843304843,Violation,4.84
W080,347,0,0.4419475655430712,Left,44.19
W080,347,1,0.42696629213483145,Right,42.7
W080,347,2,0.13108614232209737,Violation,13.11
W080,348,1,0.41964285714285715,Right,41.96
W080,348,0,0.36160714285714285,Left,36.16
W080,348,2,0.21875,Violation,21.88
W080,349,1,0.45308310991957107,Right,45.31
W080,349,0,0.4343163538873995,Left,43.43
W080,349,2,0.1126005361930295,Violation,11.26
W080,350,1,0.43661971830985913,Right,43.66
W080,350,0,0.4169014084507042,Left,41.69
W080,350,2,0.14647887323943662,Violation,14.65
W080,351,1,0.44412607449856734,Right,44.41
W080,351,0,0.4040114613180516,Left,40.4
W080,351,2,0.1518624641833811,Violation,15.19
W080,352,0,0.49387755102040815,Left,49.39
W080,352,1,0.4204081632653061,Right,42.04
W080,352,2,0.08571428571428572,Violation,8.57
W080,353,1,0.4603174603174603,Right,46.03
W080,353,0,0.45714285714285713,Left,45.71
W080,353,2,0.08253968253968254,Violation,8.25
W080,354,0,0.43902439024390244,Left,43.9
W080,354,1,0.4065040650406504,Right,40.65
W080,354,2,0.15447154471544716,Violation,15.45
W080,355,0,0.43567251461988304,Left,43.57
W080,355,1,0.43567251461988304,Right,43.57
W080,355,2,0.1286549707602339,Violation,12.87
W080,356,1,0.45689655172413796,Right,45.69
W080,356,0,0.4281609195402299,Left,42.82
W080,356,2,0.11494252873563218,Violation,11.49
W080,357,0,0.4781420765027322,Left,47.81
W080,357,1,0.453551912568306,Right,45.36
W080,357,2,0.06830601092896176,Violation,6.83
W080,358,0,0.47129909365558914,Left,47.13
W080,358,1,0.41389728096676737,Right,41.39
W080,358,2,0.1148036253776435,Violation,11.48
W080,359,0,0.4924924924924925,Left,49.25
W080,359,1,0.38738738738738737,Right,38.74
W080,359,2,0.12012012012012012,Violation,12.01
W080,360,0,0.48363636363636364,Left,48.36
W080,360,1,0.4218181818181818,Right,42.18
W080,360,2,0.09454545454545454,Violation,9.45
W080,361,1,0.43853820598006643,Right,43.85
W080,361,0,0.4219269102990033,Left,42.19
W080,361,2,0.13953488372093023,Violation,13.95
W080,362,0,0.43884892086330934,Left,43.88
W080,362,1,0.39568345323741005,Right,39.57
W080,362,2,0.16546762589928057,Violation,16.55
W080,363,0,0.4444444444444444,Left,44.44
W080,363,1,0.42042042042042044,Right,42.04
W080,363,2,0.13513513513513514,Violation,13.51
W080,364,1,0.4701195219123506,Right,47.01
W080,364,0,0.3904382470119522,Left,39.04
W080,364,2,0.1394422310756972,Violation,13.94
W080,365,0,0.44086021505376344,Left,44.09
W080,365,1,0.3978494623655914,Right,39.78
W080,365,2,0.16129032258064516,Violation,16.13
W080,366,0,0.4503311258278146,Left,45.03
W080,366,1,0.40728476821192056,Right,40.73
W080,366,2,0.1423841059602649,Violation,14.24
W080,367,0,0.42586750788643535,Left,42.59
W080,367,1,0.4195583596214511,Right,41.96
W080,367,2,0.15457413249211358,Violation,15.46
W080,368,0,0.425,Left,42.5
W080,368,1,0.425,Right,42.5
W080,368,2,0.15,Violation,15.0
W080,369,0,0.4722222222222222,Left,47.22
W080,369,1,0.4166666666666667,Right,41.67
W080,369,2,0.1111111111111111,Violation,11.11
W080,370,0,0.46875,Left,46.88
W080,370,1,0.43125,Right,43.12
W080,370,2,0.1,Violation,10.0
W080,371,0,0.4562043795620438,Left,45.62
W080,371,1,0.45255474452554745,Right,45.26
W080,371,2,0.09124087591240876,Violation,9.12
W080,372,1,0.44776119402985076,Right,44.78
W080,372,0,0.3582089552238806,Left,35.82
W080,372,2,0.19402985074626866,Violation,19.4
W080,373,1,0.4232081911262799,Right,42.32
W080,373,0,0.3890784982935154,Left,38.91
W080,373,2,0.18771331058020477,Violation,18.77
W080,374,1,0.4448669201520912,Right,44.49
W080,374,0,0.4144486692015209,Left,41.44
W080,374,2,0.14068441064638784,Violation,14.07
W080,375,1,0.46441947565543074,Right,46.44
W080,375,0,0.40823970037453183,Left,40.82
W080,375,2,0.12734082397003746,Violation,12.73
W080,376,0,0.4397163120567376,Left,43.97
W080,376,1,0.4219858156028369,Right,42.2
W080,376,2,0.13829787234042554,Violation,13.83
W080,377,1,0.4368231046931408,Right,43.68
W080,377,0,0.4187725631768953,Left,41.88
W080,377,2,0.1444043321299639,Violation,14.44
W080,378,1,0.4575645756457565,Right,45.76
W080,378,0,0.3948339483394834,Left,39.48
W080,378,2,0.14760147601476015,Violation,14.76
W080,379,0,0.48484848484848486,Left,48.48
W080,379,1,0.40606060606060607,Right,40.61
W080,379,2,0.10909090909090909,Violation,10.91
W080,380,0,0.46953405017921146,Left,46.95
W080,380,1,0.4050179211469534,Right,40.5
W080,380,2,0.12544802867383512,Violation,12.54
W080,381,0,0.43086816720257237,Left,43.09
W080,381,1,0.4180064308681672,Right,41.8
W080,381,2,0.15112540192926044,Violation,15.11
W080,382,1,0.48936170212765956,Right,48.94
W080,382,0,0.39574468085106385,Left,39.57
W080,382,2,0.1148936170212766,Violation,11.49
W080,383,1,0.4375,Right,43.75
W080,383,0,0.3802083333333333,Left,38.02
W080,383,2,0.18229166666666666,Violation,18.23
W080,384,1,0.4709897610921502,Right,47.1
W080,384,0,0.43686006825938567,Left,43.69
W080,384,2,0.09215017064846416,Violation,9.22
W080,385,1,0.4296028880866426,Right,42.96
W080,385,0,0.4259927797833935,Left,42.6
W080,385,2,0.1444043321299639,Violation,14.44
W080,386,0,0.45652173913043476,Left,45.65
W080,386,1,0.45652173913043476,Right,45.65
W080,386,2,0.08695652173913043,Violation,8.7
W080,387,1,0.46397694524495675,Right,46.4
W080,387,0,0.44668587896253603,Left,44.67
W080,387,2,0.0893371757925072,Violation,8.93
W080,388,1,0.46005509641873277,Right,46.01
W080,388,0,0.4573002754820937,Left,45.73
W080,388,2,0.08264462809917356,Violation,8.26
W080,389,1,0.4752475247524752,Right,47.52
W080,389,0,0.43564356435643564,Left,43.56
W080,389,2,0.0891089108910891,Violation,8.91
W080,390,1,0.45185185185185184,Right,45.19
W080,390,0,0.44814814814814813,Left,44.81
W080,390,2,0.1,Violation,10.0
W080,391,1,0.4383954154727794,Right,43.84
W080,391,0,0.42406876790830944,Left,42.41
W080,391,2,0.13753581661891118,Violation,13.75
W080,392,0,0.46153846153846156,Left,46.15
W080,392,1,0.4369230769230769,Right,43.69
W080,392,2,0.10153846153846154,Violation,10.15
W080,393,0,0.44807121661721067,Left,44.81
W080,393,1,0.4391691394658754,Right,43.92
W080,393,2,0.11275964391691394,Violation,11.28
W080,394,0,0.38509316770186336,Left,38.51
W080,394,1,0.36024844720496896,Right,36.02
W080,394,2,0.2546583850931677,Violation,25.47
W080,395,0,0.4489795918367347,Left,44.9
W080,395,1,0.445578231292517,Right,44.56
W080,395,2,0.1054421768707483,Violation,10.54
W080,396,0,0.46285714285714286,Left,46.29
W080,396,1,0.4342857142857143,Right,43.43
W080,396,2,0.10285714285714286,Violation,10.29
W080,397,0,0.4804177545691906,Left,48.04
W080,397,1,0.4073107049608355,Right,40.73
W080,397,2,0.1122715404699739,Violation,11.23
W080,398,0,0.447887323943662,Left,44.79
W080,398,1,0.428169014084507,Right,42.82
W080,398,2,0.12394366197183099,Violation,12.39
W080,399,1,0.4625,Right,46.25
W080,399,0,0.44375,Left,44.38
W080,399,2,0.09375,Violation,9.38
W080,400,1,0.46325878594249204,Right,46.33
W080,400,0,0.4249201277955272,Left,42.49
W080,400,2,0.11182108626198083,Violation,11.18
W080,401,1,0.43962848297213625,Right,43.96
W080,401,0,0.42724458204334365,Left,42.72
W080,401,2,0.13312693498452013,Violation,13.31
W080,402,1,0.445578231292517,Right,44.56
W080,402,0,0.41156462585034015,Left,41.16
W080,402,2,0.14285714285714285,Violation,14.29
W080,403,0,0.5,Left,50.0
W080,403,1,0.43037974683544306,Right,43.04
W080,403,2,0.06962025316455696,Violation,6.96
W080,404,0,0.446875,Left,44.69
W080,404,1,0.434375,Right,43.44
W080,404,2,0.11875,Violation,11.88
W080,405,0,0.4523809523809524,Left,45.24
W080,405,1,0.44047619047619047,Right,44.05
W080,405,2,0.10714285714285714,Violation,10.71
W080,406,0,0.4117647058823529,Left,41.18
W080,406,1,0.396078431372549,Right,39.61
W080,406,2,0.19215686274509805,Violation,19.22
W080,407,1,0.45038167938931295,Right,45.04
W080,407,0,0.40966921119592875,Left,40.97
W080,407,2,0.13994910941475827,Violation,13.99
W080,408,1,0.46,Right,46.0
W080,408,0,0.44571428571428573,Left,44.57
W080,408,2,0.09428571428571429,Violation,9.43
W080,409,1,0.46062992125984253,Right,46.06
W080,409,0,0.44881889763779526,Left,44.88
W080,409,2,0.09055118110236221,Violation,9.06
W080,410,1,0.4225352112676056,Right,42.25
W080,410,0,0.4014084507042254,Left,40.14
W080,410,2,0.176056338028169,Violation,17.61
W080,411,1,0.42857142857142855,Right,42.86
W080,411,0,0.4227405247813411,Left,42.27
W080,411,2,0.14868804664723032,Violation,14.87
W080,412,0,0.4323529411764706,Left,43.24
W080,412,1,0.40588235294117647,Right,40.59
W080,412,2,0.16176470588235295,Violation,16.18
W080,413,1,0.43506493506493504,Right,43.51
W080,413,0,0.4318181818181818,Left,43.18
W080,413,2,0.1331168831168831,Violation,13.31
W080,414,1,0.45226130653266333,Right,45.23
W080,414,0,0.38190954773869346,Left,38.19
W080,414,2,0.1658291457286432,Violation,16.58
W080,415,0,0.38671875,Left,38.67
W080,415,1,0.38671875,Right,38.67
W080,415,2,0.2265625,Violation,22.66
W080,416,0,0.41729323308270677,Left,41.73
W080,416,1,0.41353383458646614,Right,41.35
W080,416,2,0.16917293233082706,Violation,16.92
W080,417,0,0.3992932862190813,Left,39.93
W080,417,1,0.38869257950530034,Right,38.87
W080,417,2,0.21201413427561838,Violation,21.2
W080,418,1,0.38285714285714284,Right,38.29
W080,418,0,0.37142857142857144,Left,37.14
W080,418,2,0.24571428571428572,Violation,24.57
W080,419,2,0.3900709219858156,Violation,39.01
W080,419,0,0.3617021276595745,Left,36.17
W080,419,1,0.24822695035460993,Right,24.82
W080,420,2,0.5384615384615384,Violation,53.85
W080,420,0,0.23076923076923078,Left,23.08
W080,420,1,0.23076923076923078,Right,23.08
W080,421,2,0.4322033898305085,Violation,43.22
W080,421,1,0.3050847457627119,Right,30.51
W080,421,0,0.2627118644067797,Left,26.27
W080,422,2,0.65625,Violation,65.62
W080,422,0,0.203125,Left,20.31
W080,422,1,0.140625,Right,14.06
W081,481,0,0.39692307692307693,Left,39.69
W081,481,1,0.39692307692307693,Right,39.69
W081,481,2,0.20615384615384616,Violation,20.62
W081,482,0,0.3825503355704698,Left,38.26
W081,482,1,0.33557046979865773,Right,33.56
W081,482,2,0.28187919463087246,Violation,28.19
W081,483,0,0.3929712460063898,Left,39.3
W081,483,1,0.3514376996805112,Right,35.14
W081,483,2,0.25559105431309903,Violation,25.56
W081,484,1,0.3852040816326531,Right,38.52
W081,484,0,0.37755102040816324,Left,37.76
W081,484,2,0.2372448979591837,Violation,23.72
W081,485,0,0.4387254901960784,Left,43.87
W081,485,1,0.41911764705882354,Right,41.91
W081,485,2,0.14215686274509803,Violation,14.22
W081,486,1,0.40860215053763443,Right,40.86
W081,486,0,0.40591397849462363,Left,40.59
W081,486,2,0.18548387096774194,Violation,18.55
W081,487,1,0.3762057877813505,Right,37.62
W081,487,0,0.33762057877813506,Left,33.76
W081,487,2,0.2861736334405145,Violation,28.62
W081,488,1,0.41005291005291006,Right,41.01
W081,488,0,0.3941798941798942,Left,39.42
W081,488,2,0.19576719576719576,Violation,19.58
W081,489,1,0.45384615384615384,Right,45.38
W081,489,0,0.4025641025641026,Left,40.26
W081,489,2,0.14358974358974358,Violation,14.36
W081,490,0,0.4036697247706422,Left,40.37
W081,490,1,0.3761467889908257,Right,37.61
W081,490,2,0.22018348623853212,Violation,22.02
W081,491,0,0.4143920595533499,Left,41.44
W081,491,1,0.4119106699751861,Right,41.19
W081,491,2,0.17369727047146402,Violation,17.37
W081,492,1,0.4638009049773756,Right,46.38
W081,492,0,0.41855203619909503,Left,41.86
W081,492,2,0.11764705882352941,Violation,11.76
W081,493,1,0.4605678233438486,Right,46.06
W081,493,0,0.4037854889589905,Left,40.38
W081,493,2,0.13564668769716087,Violation,13.56
W081,494,0,0.3938618925831202,Left,39.39
W081,494,1,0.3938618925831202,Right,39.39
W081,494,2,0.21227621483375958,Violation,21.23
W081,495,0,0.42406876790830944,Left,42.41
W081,495,1,0.3638968481375358,Right,36.39
W081,495,2,0.21203438395415472,Violation,21.2
W081,496,0,0.42433234421364985,Left,42.43
W081,496,1,0.41839762611275966,Right,41.84
W081,496,2,0.1572700296735905,Violation,15.73
W081,497,1,0.4,Right,40.0
W081,497,0,0.3861111111111111,Left,38.61
W081,497,2,0.21388888888888888,Violation,21.39
W081,498,1,0.4444444444444444,Right,44.44
W081,498,0,0.39814814814814814,Left,39.81
W081,498,2,0.1574074074074074,Violation,15.74
W081,499,1,0.4512820512820513,Right,45.13
W081,499,0,0.3923076923076923,Left,39.23
W081,499,2,0.1564102564102564,Violation,15.64
W081,500,1,0.4191780821917808,Right,41.92
W081,500,0,0.4136986301369863,Left,41.37
W081,500,2,0.16712328767123288,Violation,16.71
W081,501,1,0.43253968253968256,Right,43.25
W081,501,0,0.36507936507936506,Left,36.51
W081,501,2,0.20238095238095238,Violation,20.24
W081,502,1,0.4957627118644068,Right,49.58
W081,502,0,0.3855932203389831,Left,38.56
W081,502,2,0.11864406779661017,Violation,11.86
W081,503,1,0.41732283464566927,Right,41.73
W081,503,2,0.3228346456692913,Violation,32.28
W081,503,0,0.25984251968503935,Left,25.98
W081,504,1,0.4314516129032258,Right,43.15
W081,504,0,0.4153225806451613,Left,41.53
W081,504,2,0.1532258064516129,Violation,15.32
W081,505,0,0.4185022026431718,Left,41.85
W081,505,1,0.3568281938325991,Right,35.68
W081,505,2,0.22466960352422907,Violation,22.47
W081,506,0,0.4068441064638783,Left,40.68
W081,506,1,0.34600760456273766,Right,34.6
W081,506,2,0.24714828897338403,Violation,24.71
W081,507,0,0.3648068669527897,Left,36.48
W081,507,1,0.34763948497854075,Right,34.76
W081,507,2,0.2875536480686695,Violation,28.76
W081,508,1,0.43508771929824563,Right,43.51
W081,508,0,0.37543859649122807,Left,37.54
W081,508,2,0.18947368421052632,Violation,18.95
W081,509,0,0.4006734006734007,Left,40.07
W081,509,1,0.4006734006734007,Right,40.07
W081,509,2,0.19865319865319866,Violation,19.87
W081,510,1,0.40625,Right,40.62
W081,510,0,0.3854166666666667,Left,38.54
W081,510,2,0.20833333333333334,Violation,20.83
W081,511,1,0.41901408450704225,Right,41.9
W081,511,0,0.3908450704225352,Left,39.08
W081,511,2,0.19014084507042253,Violation,19.01
W081,512,1,0.4192546583850932,Right,41.93
W081,512,0,0.40683229813664595,Left,40.68
W081,512,2,0.17391304347826086,Violation,17.39
W081,513,0,0.3952380952380952,Left,39.52
W081,513,1,0.3904761904761905,Right,39.05
W081,513,2,0.21428571428571427,Violation,21.43
W081,514,1,0.4020100502512563,Right,40.2
W081,514,0,0.35678391959798994,Left,35.68
W081,514,2,0.24120603015075376,Violation,24.12
W081,515,1,0.37339055793991416,Right,37.34
W081,515,0,0.3605150214592275,Left,36.05
W081,515,2,0.26609442060085836,Violation,26.61
W081,516,0,0.4,Left,40.0
W081,516,1,0.3565217391304348,Right,35.65
W081,516,2,0.24347826086956523,Violation,24.35
W081,517,0,0.3954983922829582,Left,39.55
W081,517,1,0.38263665594855306,Right,38.26
W081,517,2,0.22186495176848875,Violation,22.19
W081,518,0,0.4268774703557312,Left,42.69
W081,518,1,0.40711462450592883,Right,40.71
W081,518,2,0.16600790513833993,Violation,16.6
W081,519,1,0.38860103626943004,Right,38.86
W081,519,0,0.37823834196891193,Left,37.82
W081,519,2,0.23316062176165803,Violation,23.32
W081,520,0,0.4385245901639344,Left,43.85
W081,520,1,0.3770491803278688,Right,37.7
W081,520,2,0.18442622950819673,Violation,18.44
W081,521,0,0.39919354838709675,Left,39.92
W081,521,1,0.3225806451612903,Right,32.26
W081,521,2,0.2782258064516129,Violation,27.82
W081,522,1,0.3887147335423197,Right,38.87
W081,522,0,0.3385579937304075,Left,33.86
W081,522,2,0.2727272727272727,Violation,27.27
W081,523,0,0.39015151515151514,Left,39.02
W081,523,1,0.36363636363636365,Right,36.36
W081,523,2,0.24621212121212122,Violation,24.62
W081,524,0,0.3695652173913043,Left,36.96
W081,524,2,0.3333333333333333,Violation,33.33
W081,524,1,0.2971014492753623,Right,29.71
W081,525,1,0.40853658536585363,Right,40.85
W081,525,0,0.35365853658536583,Left,35.37
W081,525,2,0.23780487804878048,Violation,23.78
W081,526,1,0.39361702127659576,Right,39.36
W081,526,0,0.375886524822695,Left,37.59
W081,526,2,0.23049645390070922,Violation,23.05
W081,527,0,0.36962750716332377,Left,36.96
W081,527,1,0.3638968481375358,Right,36.39
W081,527,2,0.2664756446991404,Violation,26.65
W081,528,1,0.4230769230769231,Right,42.31
W081,528,0,0.36752136752136755,Left,36.75
W081,528,2,0.2094017094017094,Violation,20.94
W081,529,0,0.36666666666666664,Left,36.67
W081,529,1,0.3606060606060606,Right,36.06
W081,529,2,0.2727272727272727,Violation,27.27
W081,530,2,0.4397163120567376,Violation,43.97
W081,530,0,0.3049645390070922,Left,30.5
W081,530,1,0.2553191489361702,Right,25.53
W081,531,0,0.3364485981308411,Left,33.64
W081,531,1,0.3317757009345794,Right,33.18
W081,531,2,0.3317757009345794,Violation,33.18
W081,532,1,0.4105960264900662,Right,41.06
W081,532,0,0.3079470198675497,Left,30.79
W081,532,2,0.2814569536423841,Violation,28.15
W081,533,1,0.3970149253731343,Right,39.7
W081,533,0,0.3761194029850746,Left,37.61
W081,533,2,0.22686567164179106,Violation,22.69
W081,534,1,0.3873626373626374,Right,38.74
W081,534,0,0.38186813186813184,Left,38.19
W081,534,2,0.23076923076923078,Violation,23.08
W081,535,0,0.41641337386018235,Left,41.64
W081,535,1,0.364741641337386,Right,36.47
W081,535,2,0.2188449848024316,Violation,21.88
W081,536,1,0.3671875,Right,36.72
W081,536,0,0.33203125,Left,33.2
W081,536,2,0.30078125,Violation,30.08
W081,537,1,0.3867595818815331,Right,38.68
W081,537,0,0.36585365853658536,Left,36.59
W081,537,2,0.24738675958188153,Violation,24.74
W081,538,1,0.3495702005730659,Right,34.96
W081,538,0,0.3438395415472779,Left,34.38
W081,538,2,0.30659025787965616,Violation,30.66
W081,539,1,0.41935483870967744,Right,41.94
W081,539,0,0.3782991202346041,Left,37.83
W081,539,2,0.20234604105571846,Violation,20.23
W081,540,1,0.40522875816993464,Right,40.52
W081,540,0,0.3627450980392157,Left,36.27
W081,540,2,0.23202614379084968,Violation,23.2
W081,541,0,0.38320209973753283,Left,38.32
W081,541,1,0.33070866141732286,Right,33.07
W081,541,2,0.28608923884514437,Violation,28.61
W081,542,0,0.39067055393586003,Left,39.07
W081,542,1,0.34110787172011664,Right,34.11
W081,542,2,0.26822157434402333,Violation,26.82
W081,543,0,0.37650602409638556,Left,37.65
W081,543,1,0.37349397590361444,Right,37.35
W081,543,2,0.25,Violation,25.0
W081,544,0,0.3948497854077253,Left,39.48
W081,544,1,0.3648068669527897,Right,36.48
W081,544,2,0.24034334763948498,Violation,24.03
W081,545,1,0.3555045871559633,Right,35.55
W081,545,0,0.3440366972477064,Left,34.4
W081,545,2,0.30045871559633025,Violation,30.05
W081,546,0,0.3755274261603376,Left,37.55
W081,546,1,0.35864978902953587,Right,35.86
W081,546,2,0.26582278481012656,Violation,26.58
W081,547,1,0.42710997442455245,Right,42.71
W081,547,0,0.40664961636828645,Left,40.66
W081,547,2,0.16624040920716113,Violation,16.62
W081,548,0,0.4233983286908078,Left,42.34
W081,548,1,0.3816155988857939,Right,38.16
W081,548,2,0.19498607242339833,Violation,19.5
W081,549,1,0.42028985507246375,Right,42.03
W081,549,0,0.4178743961352657,Left,41.79
W081,549,2,0.16183574879227053,Violation,16.18
W081,550,1,0.45104895104895104,Right,45.1
W081,550,0,0.42657342657342656,Left,42.66
W081,550,2,0.12237762237762238,Violation,12.24
W081,551,0,0.3918269230769231,Left,39.18
W081,551,1,0.37740384615384615,Right,37.74
W081,551,2,0.23076923076923078,Violation,23.08
W081,552,0,0.4270833333333333,Left,42.71
W081,552,1,0.3402777777777778,Right,34.03
W081,552,2,0.2326388888888889,Violation,23.26
W081,553,0,0.422680412371134,Left,42.27
W081,553,1,0.39948453608247425,Right,39.95
W081,553,2,0.17783505154639176,Violation,17.78
W081,554,1,0.39503386004514673,Right,39.5
W081,554,0,0.36794582392776526,Left,36.79
W081,554,2,0.23702031602708803,Violation,23.7
W081,555,0,0.441025641025641,Left,44.1
W081,555,1,0.4205128205128205,Right,42.05
W081,555,2,0.13846153846153847,Violation,13.85
W081,556,1,0.41836734693877553,Right,41.84
W081,556,0,0.41581632653061223,Left,41.58
W081,556,2,0.16581632653061223,Violation,16.58
W081,557,0,0.43942992874109266,Left,43.94
W081,557,1,0.4156769596199525,Right,41.57
W081,557,2,0.14489311163895488,Violation,14.49
W081,558,0,0.41389728096676737,Left,41.39
W081,558,1,0.41389728096676737,Right,41.39
W081,558,2,0.17220543806646527,Violation,17.22
W081,559,1,0.39814814814814814,Right,39.81
W081,559,0,0.3958333333333333,Left,39.58
W081,559,2,0.20601851851851852,Violation,20.6
W081,560,0,0.4,Left,40.0
W081,560,1,0.392,Right,39.2
W081,560,2,0.208,Violation,20.8
W081,561,0,0.4113345521023766,Left,41.13
W081,561,1,0.4040219378427788,Right,40.4
W081,561,2,0.1846435100548446,Violation,18.46
W081,562,0,0.46540880503144655,Left,46.54
W081,562,1,0.3836477987421384,Right,38.36
W081,562,2,0.1509433962264151,Violation,15.09
W081,563,0,0.4365256124721604,Left,43.65
W081,563,1,0.36080178173719374,Right,36.08
W081,563,2,0.2026726057906459,Violation,20.27
W081,564,1,0.3886363636363636,Right,38.86
W081,564,0,0.37727272727272726,Left,37.73
W081,564,2,0.2340909090909091,Violation,23.41
W081,565,1,0.42424242424242425,Right,42.42
W081,565,0,0.4065656565656566,Left,40.66
W081,565,2,0.1691919191919192,Violation,16.92
W081,566,1,0.46981627296587924,Right,46.98
W081,566,0,0.3910761154855643,Left,39.11
W081,566,2,0.13910761154855644,Violation,13.91
W081,567,1,0.46633416458852867,Right,46.63
W081,567,0,0.3865336658354115,Left,38.65
W081,567,2,0.14713216957605985,Violation,14.71
W081,568,1,0.4066193853427896,Right,40.66
W081,568,0,0.37825059101654845,Left,37.83
W081,568,2,0.21513002364066194,Violation,21.51
W081,569,0,0.4308176100628931,Left,43.08
W081,569,1,0.4025157232704403,Right,40.25
W081,569,2,0.16666666666666666,Violation,16.67
W081,570,0,0.4449152542372881,Left,44.49
W081,570,1,0.4152542372881356,Right,41.53
W081,570,2,0.13983050847457626,Violation,13.98
W081,571,1,0.47216035634743875,Right,47.22
W081,571,0,0.4142538975501114,Left,41.43
W081,571,2,0.11358574610244988,Violation,11.36
W081,572,0,0.4572072072072072,Left,45.72
W081,572,1,0.42792792792792794,Right,42.79
W081,572,2,0.11486486486486487,Violation,11.49
W081,573,1,0.40229885057471265,Right,40.23
W081,573,0,0.3701149425287356,Left,37.01
W081,573,2,0.22758620689655173,Violation,22.76
W081,574,1,0.49430523917995445,Right,49.43
W081,574,0,0.4123006833712984,Left,41.23
W081,574,2,0.09339407744874716,Violation,9.34
W081,575,1,0.40298507462686567,Right,40.3
W081,575,0,0.40049751243781095,Left,40.05
W081,575,2,0.19651741293532338,Violation,19.65
W081,576,1,0.4134419551934827,Right,41.34
W081,576,0,0.39307535641547864,Left,39.31
W081,576,2,0.1934826883910387,Violation,19.35
W081,577,1,0.40819964349376114,Right,40.82
W081,577,0,0.36541889483065954,Left,36.54
W081,577,2,0.22638146167557932,Violation,22.64
W081,578,0,0.4116161616161616,Left,41.16
W081,578,1,0.398989898989899,Right,39.9
W081,578,2,0.1893939393939394,Violation,18.94
W081,579,1,0.4054621848739496,Right,40.55
W081,579,0,0.37815126050420167,Left,37.82
W081,579,2,0.21638655462184875,Violation,21.64
W081,580,0,0.408675799086758,Left,40.87
W081,580,1,0.365296803652968,Right,36.53
W081,580,2,0.22602739726027396,Violation,22.6
W081,581,1,0.41603053435114506,Right,41.6
W081,581,0,0.4122137404580153,Left,41.22
W081,581,2,0.1717557251908397,Violation,17.18
W081,582,1,0.42003853564547206,Right,42.0
W081,582,0,0.40847784200385356,Left,40.85
W081,582,2,0.17148362235067438,Violation,17.15
W081,583,1,0.42613636363636365,Right,42.61
W081,583,0,0.38636363636363635,Left,38.64
W081,583,2,0.1875,Violation,18.75
W081,584,0,0.38155136268343814,Left,38.16
W081,584,1,0.37735849056603776,Right,37.74
W081,584,2,0.24109014675052412,Violation,24.11
W081,585,1,0.3879310344827586,Right,38.79
W081,585,0,0.38362068965517243,Left,38.36
W081,585,2,0.22844827586206898,Violation,22.84
W081,586,0,0.4110169491525424,Left,41.1
W081,586,1,0.4004237288135593,Right,40.04
W081,586,2,0.1885593220338983,Violation,18.86
W081,587,0,0.4095022624434389,Left,40.95
W081,587,1,0.39592760180995473,Right,39.59
W081,587,2,0.19457013574660634,Violation,19.46
W081,588,1,0.44083969465648853,Right,44.08
W081,588,0,0.34923664122137404,Left,34.92
W081,588,2,0.2099236641221374,Violation,20.99
W081,589,1,0.3779816513761468,Right,37.8
W081,589,0,0.363302752293578,Left,36.33
W081,589,2,0.25871559633027524,Violation,25.87
W081,590,0,0.43630573248407645,Left,43.63
W081,590,1,0.39490445859872614,Right,39.49
W081,590,2,0.16878980891719744,Violation,16.88
W081,591,1,0.40192307692307694,Right,40.19
W081,591,0,0.3730769230769231,Left,37.31
W081,591,2,0.225,Violation,22.5
W081,592,1,0.39285714285714285,Right,39.29
W081,592,0,0.38392857142857145,Left,38.39
W081,592,2,0.22321428571428573,Violation,22.32
W081,593,0,0.400359066427289,Left,40.04
W081,593,1,0.39676840215439857,Right,39.68
W081,593,2,0.20287253141831238,Violation,20.29
W081,594,2,0.5899280575539568,Violation,58.99
W081,594,1,0.23741007194244604,Right,23.74
W081,594,0,0.17266187050359713,Left,17.27
W083,243,1,0.39316239316239315,Right,39.32
W083,243,0,0.34615384615384615,Left,34.62
W083,243,2,0.2606837606837607,Violation,26.07
W083,244,0,0.3894736842105263,Left,38.95
W083,244,1,0.3894736842105263,Right,38.95
W083,244,2,0.22105263157894736,Violation,22.11
W083,245,0,0.4106280193236715,Left,41.06
W083,245,1,0.38405797101449274,Right,38.41
W083,245,2,0.20531400966183574,Violation,20.53
W083,246,0,0.44150943396226416,Left,44.15
W083,246,1,0.41509433962264153,Right,41.51
W083,246,2,0.14339622641509434,Violation,14.34
W083,247,0,0.448,Left,44.8
W083,247,1,0.388,Right,38.8
W083,247,2,0.164,Violation,16.4
W083,248,0,0.3888888888888889,Left,38.89
W083,248,1,0.3838383838383838,Right,38.38
W083,248,2,0.22727272727272727,Violation,22.73
W083,249,1,0.40086206896551724,Right,40.09
W083,249,0,0.375,Left,37.5
W083,249,2,0.22413793103448276,Violation,22.41
W083,250,1,0.43272727272727274,Right,43.27
W083,250,0,0.38545454545454544,Left,38.55
W083,250,2,0.18181818181818182,Violation,18.18
W083,251,1,0.4161073825503356,Right,41.61
W083,251,0,0.3691275167785235,Left,36.91
W083,251,2,0.21476510067114093,Violation,21.48
W083,252,1,0.40229885057471265,Right,40.23
W083,252,0,0.39080459770114945,Left,39.08
W083,252,2,0.20689655172413793,Violation,20.69
W083,253,0,0.42616033755274263,Left,42.62
W083,253,1,0.38396624472573837,Right,38.4
W083,253,2,0.189873417721519,Violation,18.99
W083,254,1,0.3891402714932127,Right,38.91
W083,254,0,0.38461538461538464,Left,38.46
W083,254,2,0.22624434389140272,Violation,22.62
W083,255,1,0.4233576642335766,Right,42.34
W083,255,0,0.35766423357664234,Left,35.77
W083,255,2,0.21897810218978103,Violation,21.9
W083,256,1,0.4064516129032258,Right,40.65
W083,256,0,0.4,Left,40.0
W083,256,2,0.1935483870967742,Violation,19.35
W083,257,0,0.3821138211382114,Left,38.21
W083,257,1,0.34146341463414637,Right,34.15
W083,257,2,0.2764227642276423,Violation,27.64
W083,258,0,0.4076655052264808,Left,40.77
W083,258,1,0.37282229965156793,Right,37.28
W083,258,2,0.21951219512195122,Violation,21.95
W083,259,0,0.3861003861003861,Left,38.61
W083,259,1,0.3783783783783784,Right,37.84
W083,259,2,0.23552123552123552,Violation,23.55
W083,260,0,0.421875,Left,42.19
W083,260,1,0.37890625,Right,37.89
W083,260,2,0.19921875,Violation,19.92
W083,261,0,0.3595166163141994,Left,35.95
W083,261,1,0.3413897280966767,Right,34.14
W083,261,2,0.2990936555891239,Violation,29.91
W083,262,1,0.3584905660377358,Right,35.85
W083,262,0,0.3471698113207547,Left,34.72
W083,262,2,0.2943396226415094,Violation,29.43
W083,263,0,0.372,Left,37.2
W083,263,1,0.332,Right,33.2
W083,263,2,0.296,Violation,29.6
W083,264,0,0.4166666666666667,Left,41.67
W083,264,1,0.3508771929824561,Right,35.09
W083,264,2,0.2324561403508772,Violation,23.25
W083,265,0,0.4115384615384615,Left,41.15
W083,265,1,0.3769230769230769,Right,37.69
W083,265,2,0.21153846153846154,Violation,21.15
W083,266,0,0.39552238805970147,Left,39.55
W083,266,1,0.3619402985074627,Right,36.19
W083,266,2,0.24253731343283583,Violation,24.25
W083,267,1,0.3944636678200692,Right,39.45
W083,267,0,0.39100346020761245,Left,39.1
W083,267,2,0.21453287197231835,Violation,21.45
W083,268,0,0.38461538461538464,Left,38.46
W083,268,1,0.3609467455621302,Right,36.09
W083,268,2,0.25443786982248523,Violation,25.44
W083,269,1,0.391304347826087,Right,39.13
W083,269,0,0.3241106719367589,Left,32.41
W083,269,2,0.2845849802371542,Violation,28.46
W083,270,0,0.3447098976109215,Left,34.47
W083,270,1,0.3378839590443686,Right,33.79
W083,270,2,0.3174061433447099,Violation,31.74
W083,271,2,0.3438395415472779,Violation,34.38
W083,271,1,0.34097421203438394,Right,34.1
W083,271,0,0.3151862464183381,Left,31.52
W083,272,0,0.366412213740458,Left,36.64
W083,272,1,0.366412213740458,Right,36.64
W083,272,2,0.26717557251908397,Violation,26.72
W083,273,0,0.3911290322580645,Left,39.11
W083,273,1,0.36693548387096775,Right,36.69
W083,273,2,0.24193548387096775,Violation,24.19
W083,274,1,0.42028985507246375,Right,42.03
W083,274,0,0.32367149758454106,Left,32.37
W083,274,2,0.2560386473429952,Violation,25.6
W083,275,1,0.43243243243243246,Right,43.24
W083,275,0,0.3108108108108108,Left,31.08
W083,275,2,0.25675675675675674,Violation,25.68
W083,276,0,0.3951048951048951,Left,39.51
W083,276,1,0.3706293706293706,Right,37.06
W083,276,2,0.23426573426573427,Violation,23.43
W083,277,1,0.36245954692556637,Right,36.25
W083,277,0,0.343042071197411,Left,34.3
W083,277,2,0.29449838187702265,Violation,29.45
W083,278,1,0.3916083916083916,Right,39.16
W083,278,0,0.3531468531468531,Left,35.31
W083,278,2,0.25524475524475526,Violation,25.52
W083,279,0,0.3620689655172414,Left,36.21
W083,279,1,0.34051724137931033,Right,34.05
W083,279,2,0.2974137931034483,Violation,29.74
W083,280,1,0.36466165413533835,Right,36.47
W083,280,0,0.34210526315789475,Left,34.21
W083,280,2,0.2932330827067669,Violation,29.32
W083,281,1,0.3574007220216607,Right,35.74
W083,281,0,0.34296028880866425,Left,34.3
W083,281,2,0.2996389891696751,Violation,29.96
W083,282,2,0.3563218390804598,Violation,35.63
W083,282,1,0.3333333333333333,Right,33.33
W083,282,0,0.3103448275862069,Left,31.03
W083,283,2,0.403125,Violation,40.31
W083,283,1,0.31875,Right,31.87
W083,283,0,0.278125,Left,27.81
W083,284,2,0.3595505617977528,Violation,35.96
W083,284,0,0.32209737827715357,Left,32.21
W083,284,1,0.31835205992509363,Right,31.84
W083,285,0,0.3951890034364261,Left,39.52
W083,285,1,0.3402061855670103,Right,34.02
W083,285,2,0.2646048109965636,Violation,26.46
W083,286,0,0.33620689655172414,Left,33.62
W083,286,1,0.33620689655172414,Right,33.62
W083,286,2,0.3275862068965517,Violation,32.76
W083,287,1,0.37407407407407406,Right,37.41
W083,287,0,0.3148148148148148,Left,31.48
W083,287,2,0.3111111111111111,Violation,31.11
W083,288,1,0.3884297520661157,Right,38.84
W083,288,0,0.371900826446281,Left,37.19
W083,288,2,0.2396694214876033,Violation,23.97
W083,289,1,0.39849624060150374,Right,39.85
W083,289,0,0.3308270676691729,Left,33.08
W083,289,2,0.2706766917293233,Violation,27.07
W083,290,1,0.37545126353790614,Right,37.55
W083,290,0,0.3574007220216607,Left,35.74
W083,290,2,0.26714801444043323,Violation,26.71
W083,291,0,0.37850467289719625,Left,37.85
W083,291,1,0.37616822429906543,Right,37.62
W083,291,2,0.24532710280373832,Violation,24.53
W083,292,0,0.4095940959409594,Left,40.96
W083,292,1,0.3726937269372694,Right,37.27
W083,292,2,0.2177121771217712,Violation,21.77
W083,293,1,0.41784037558685444,Right,41.78
W083,293,0,0.38028169014084506,Left,38.03
W083,293,2,0.20187793427230047,Violation,20.19
W083,294,1,0.4019607843137255,Right,40.2
W083,294,0,0.33986928104575165,Left,33.99
W083,294,2,0.2581699346405229,Violation,25.82
W083,295,0,0.3852813852813853,Left,38.53
W083,295,1,0.37662337662337664,Right,37.66
W083,295,2,0.23809523809523808,Violation,23.81
W083,296,0,0.37872340425531914,Left,37.87
W083,296,1,0.3404255319148936,Right,34.04
W083,296,2,0.28085106382978725,Violation,28.09
W083,297,2,0.6410256410256411,Violation,64.1
W083,297,1,0.22115384615384615,Right,22.12
W083,297,0,0.13782051282051283,Left,13.78
W083,298,0,0.42165242165242167,Left,42.17
W083,298,1,0.3646723646723647,Right,36.47
W083,298,2,0.21367521367521367,Violation,21.37
W083,299,0,0.41312741312741313,Left,41.31
W083,299,1,0.38996138996138996,Right,39.0
W083,299,2,0.1969111969111969,Violation,19.69
W083,300,1,0.41106719367588934,Right,41.11
W083,300,0,0.3794466403162055,Left,37.94
W083,300,2,0.20948616600790515,Violation,20.95
W083,301,1,0.42045454545454547,Right,42.05
W083,301,0,0.4034090909090909,Left,40.34
W083,301,2,0.17613636363636365,Violation,17.61
W083,302,0,0.42803030303030304,Left,42.8
W083,302,1,0.3522727272727273,Right,35.23
W083,302,2,0.2196969696969697,Violation,21.97
W083,303,0,0.3882783882783883,Left,38.83
W083,303,1,0.358974358974359,Right,35.9
W083,303,2,0.25274725274725274,Violation,25.27
W083,304,1,0.3900414937759336,Right,39.0
W083,304,0,0.3651452282157676,Left,36.51
W083,304,2,0.24481327800829875,Violation,24.48
W083,305,0,0.4,Left,40.0
W083,305,1,0.3464285714285714,Right,34.64
W083,305,2,0.25357142857142856,Violation,25.36
W083,306,0,0.3771626297577855,Left,37.72
W083,306,1,0.370242214532872,Right,37.02
W083,306,2,0.25259515570934254,Violation,25.26
W083,307,1,0.37362637362637363,Right,37.36
W083,307,0,0.336996336996337,Left,33.7
W083,307,2,0.2893772893772894,Violation,28.94
W083,308,1,0.3586206896551724,Right,35.86
W083,308,0,0.35517241379310344,Left,35.52
W083,308,2,0.28620689655172415,Violation,28.62
W083,309,1,0.34324324324324323,Right,34.32
W083,309,0,0.33513513513513515,Left,33.51
W083,309,2,0.3216216216216216,Violation,32.16
W083,310,1,0.4251497005988024,Right,42.51
W083,310,0,0.39520958083832336,Left,39.52
W083,310,2,0.17964071856287425,Violation,17.96
W083,311,0,0.40397350993377484,Left,40.4
W083,311,1,0.40066225165562913,Right,40.07
W083,311,2,0.19536423841059603,Violation,19.54
W083,312,1,0.4331983805668016,Right,43.32
W083,312,0,0.3643724696356275,Left,36.44
W083,312,2,0.20242914979757085,Violation,20.24
W083,313,0,0.41389728096676737,Left,41.39
W083,313,1,0.3806646525679758,Right,38.07
W083,313,2,0.2054380664652568,Violation,20.54
W083,314,1,0.37628865979381443,Right,37.63
W083,314,2,0.31958762886597936,Violation,31.96
W083,314,0,0.30412371134020616,Left,30.41
W083,315,0,0.37727272727272726,Left,37.73
W083,315,1,0.36818181818181817,Right,36.82
W083,315,2,0.2545454545454545,Violation,25.45
W083,316,1,0.38,Right,38.0
W083,316,0,0.336,Left,33.6
W083,316,2,0.284,Violation,28.4
W083,318,1,0.35436893203883496,Right,35.44
W083,318,0,0.33495145631067963,Left,33.5
W083,318,2,0.3106796116504854,Violation,31.07
W083,319,0,0.38686131386861317,Left,38.69
W083,319,1,0.3613138686131387,Right,36.13
W083,319,2,0.2518248175182482,Violation,25.18
W083,320,1,0.3741258741258741,Right,37.41
W083,320,0,0.34615384615384615,Left,34.62
W083,320,2,0.27972027972027974,Violation,27.97
W083,321,0,0.38333333333333336,Left,38.33
W083,321,1,0.3625,Right,36.25
W083,321,2,0.25416666666666665,Violation,25.42
W083,322,0,0.427536231884058,Left,42.75
W083,322,1,0.38768115942028986,Right,38.77
W083,322,2,0.18478260869565216,Violation,18.48
W083,323,1,0.41694915254237286,Right,41.69
W083,323,0,0.376271186440678,Left,37.63
W083,323,2,0.20677966101694914,Violation,20.68
W083,324,0,0.38461538461538464,Left,38.46
W083,324,1,0.3393665158371041,Right,33.94
W083,324,2,0.27601809954751133,Violation,27.6
W083,325,0,0.4111111111111111,Left,41.11
W083,325,1,0.3972222222222222,Right,39.72
W083,325,2,0.19166666666666668,Violation,19.17
W083,326,1,0.40397350993377484,Right,40.4
W083,326,0,0.37748344370860926,Left,37.75
W083,326,2,0.2185430463576159,Violation,21.85
W083,327,1,0.40217391304347827,Right,40.22
W083,327,0,0.35054347826086957,Left,35.05
W083,327,2,0.24728260869565216,Violation,24.73
W083,328,1,0.4336569579288026,Right,43.37
W083,328,0,0.42718446601941745,Left,42.72
W083,328,2,0.13915857605177995,Violation,13.92
W083,329,0,0.42805755395683454,Left,42.81
W083,329,1,0.4064748201438849,Right,40.65
W083,329,2,0.16546762589928057,Violation,16.55
W083,330,1,0.3973509933774834,Right,39.74
W083,330,0,0.39403973509933776,Left,39.4
W083,330,2,0.20860927152317882,Violation,20.86
W083,331,1,0.4230769230769231,Right,42.31
W083,331,0,0.4125874125874126,Left,41.26
W083,331,2,0.16433566433566432,Violation,16.43
W083,332,1,0.42045454545454547,Right,42.05
W083,332,0,0.3371212121212121,Left,33.71
W083,332,2,0.24242424242424243,Violation,24.24
W083,333,0,0.3992673992673993,Left,39.93
W083,333,1,0.3992673992673993,Right,39.93
W083,333,2,0.20146520146520147,Violation,20.15
W083,334,1,0.41935483870967744,Right,41.94
W083,334,0,0.36656891495601174,Left,36.66
W083,334,2,0.21407624633431085,Violation,21.41
W083,335,0,0.3912087912087912,Left,39.12
W083,335,1,0.3802197802197802,Right,38.02
W083,335,2,0.22857142857142856,Violation,22.86
W083,336,1,0.38950276243093923,Right,38.95
W083,336,0,0.3839779005524862,Left,38.4
W083,336,2,0.2265193370165746,Violation,22.65
W083,337,1,0.3925925925925926,Right,39.26
W083,337,0,0.38765432098765434,Left,38.77
W083,337,2,0.21975308641975308,Violation,21.98
W083,338,1,0.44272445820433437,Right,44.27
W083,338,0,0.38390092879256965,Left,38.39
W083,338,2,0.17337461300309598,Violation,17.34
W083,339,1,0.4096109839816934,Right,40.96
W083,339,0,0.37299771167048057,Left,37.3
W083,339,2,0.21739130434782608,Violation,21.74
W083,340,1,0.4129032258064516,Right,41.29
W083,340,0,0.3935483870967742,Left,39.35
W083,340,2,0.1935483870967742,Violation,19.35
W083,341,0,0.4394366197183099,Left,43.94
W083,341,1,0.4140845070422535,Right,41.41
W083,341,2,0.14647887323943662,Violation,14.65
W083,342,0,0.4117647058823529,Left,41.18
W083,342,1,0.36764705882352944,Right,36.76
W083,342,2,0.22058823529411764,Violation,22.06
W083,343,0,0.4090909090909091,Left,40.91
W083,343,1,0.4090909090909091,Right,40.91
W083,343,2,0.18181818181818182,Violation,18.18
W083,344,2,0.39436619718309857,Violation,39.44
W083,344,0,0.30985915492957744,Left,30.99
W083,344,1,0.29577464788732394,Right,29.58
W083,345,1,0.42369020501138954,Right,42.37
W083,345,0,0.36446469248291574,Left,36.45
W083,345,2,0.21184510250569477,Violation,21.18
W083,346,0,0.38,Left,38.0
W083,346,1,0.37142857142857144,Right,37.14
W083,346,2,0.24857142857142858,Violation,24.86
W083,347,0,0.3776223776223776,Left,37.76
W083,347,1,0.3741258741258741,Right,37.41
W083,347,2,0.24825174825174826,Violation,24.83
W083,348,1,0.4305555555555556,Right,43.06
W083,348,0,0.3680555555555556,Left,36.81
W083,348,2,0.2013888888888889,Violation,20.14
W083,349,2,0.7333333333333333,Violation,73.33
W083,349,0,0.1511111111111111,Left,15.11
W083,349,1,0.11555555555555555,Right,11.56
W083,350,2,0.6415094339622641,Violation,64.15
W083,350,1,0.18238993710691823,Right,18.24
W083,350,0,0.1761006289308176,Left,17.61
W083,351,2,0.5432098765432098,Violation,54.32
W083,351,0,0.2654320987654321,Left,26.54
W083,351,1,0.19135802469135801,Right,19.14
W083,352,1,0.38095238095238093,Right,38.1
W083,352,0,0.37254901960784315,Left,37.25
W083,352,2,0.24649859943977592,Violation,24.65
W083,353,0,0.39928057553956836,Left,39.93
W083,353,1,0.38848920863309355,Right,38.85
W083,353,2,0.21223021582733814,Violation,21.22
W083,354,1,0.38636363636363635,Right,38.64
W083,354,0,0.3806818181818182,Left,38.07
W083,354,2,0.23295454545454544,Violation,23.3
W083,355,1,0.42349726775956287,Right,42.35
W083,355,0,0.39617486338797814,Left,39.62
W083,355,2,0.18032786885245902,Violation,18.03
W083,356,1,0.4298780487804878,Right,42.99
W083,356,0,0.38414634146341464,Left,38.41
W083,356,2,0.18597560975609756,Violation,18.6
W083,357,1,0.4365079365079365,Right,43.65
W083,357,0,0.3531746031746032,Left,35.32
W083,357,2,0.21031746031746032,Violation,21.03
W083,358,1,0.4208754208754209,Right,42.09
W083,358,0,0.4006734006734007,Left,40.07
W083,358,2,0.17845117845117844,Violation,17.85
W083,359,1,0.4421052631578947,Right,44.21
W083,359,0,0.44,Left,44.0
W083,359,2,0.11789473684210526,Violation,11.79
W083,360,0,0.436426116838488,Left,43.64
W083,360,1,0.4261168384879725,Right,42.61
W083,360,2,0.13745704467353953,Violation,13.75
W083,361,0,0.4652777777777778,Left,46.53
W083,361,1,0.4340277777777778,Right,43.4
W083,361,2,0.10069444444444445,Violation,10.07
W083,362,1,0.42780748663101603,Right,42.78
W083,362,0,0.41711229946524064,Left,41.71
W083,362,2,0.15508021390374332,Violation,15.51
W083,363,1,0.42133333333333334,Right,42.13
W083,363,0,0.392,Left,39.2
W083,363,2,0.18666666666666668,Violation,18.67
W083,364,0,0.4252336448598131,Left,42.52
W083,364,1,0.40186915887850466,Right,40.19
W083,364,2,0.17289719626168223,Violation,17.29
W083,365,0,0.4323607427055703,Left,43.24
W083,365,1,0.40318302387267907,Right,40.32
W083,365,2,0.16445623342175067,Violation,16.45
W083,366,0,0.3853658536585366,Left,38.54
W083,366,1,0.36097560975609755,Right,36.1
W083,366,2,0.25365853658536586,Violation,25.37
W083,367,1,0.39669421487603307,Right,39.67
W083,367,0,0.38016528925619836,Left,38.02
W083,367,2,0.2231404958677686,Violation,22.31
W083,368,1,0.4263565891472868,Right,42.64
W083,368,0,0.3798449612403101,Left,37.98
W083,368,2,0.1937984496124031,Violation,19.38
W083,369,0,0.4025974025974026,Left,40.26
W083,369,1,0.3961038961038961,Right,39.61
W083,369,2,0.2012987012987013,Violation,20.13
W083,370,1,0.3721518987341772,Right,37.22
W083,370,0,0.3620253164556962,Left,36.2
W083,370,2,0.26582278481012656,Violation,26.58
W083,371,0,0.4089775561097257,Left,40.9
W083,371,1,0.39650872817955113,Right,39.65
W083,371,2,0.19451371571072318,Violation,19.45
W083,372,0,0.44954128440366975,Left,44.95
W083,372,1,0.39143730886850153,Right,39.14
W083,372,2,0.15902140672782875,Violation,15.9
W083,373,0,0.42592592592592593,Left,42.59
W083,373,1,0.4,Right,40.0
W083,373,2,0.17407407407407408,Violation,17.41
W083,374,0,0.396875,Left,39.69
W083,374,1,0.375,Right,37.5
W083,374,2,0.228125,Violation,22.81
W083,375,0,0.38443396226415094,Left,38.44
W083,375,1,0.37971698113207547,Right,37.97
W083,375,2,0.2358490566037736,Violation,23.58
W083,376,1,0.401980198019802,Right,40.2
W083,376,0,0.37425742574257426,Left,37.43
W083,376,2,0.22376237623762377,Violation,22.38
W083,377,0,0.3989769820971867,Left,39.9
W083,377,1,0.391304347826087,Right,39.13
W083,377,2,0.20971867007672634,Violation,20.97
W083,378,1,0.4076086956521739,Right,40.76
W083,378,0,0.3804347826086957,Left,38.04
W083,378,2,0.21195652173913043,Violation,21.2
W083,379,0,0.38292011019283745,Left,38.29
W083,379,1,0.3608815426997245,Right,36.09
W083,379,2,0.256198347107438,Violation,25.62
W083,380,1,0.40105540897097625,Right,40.11
W083,380,0,0.38786279683377306,Left,38.79
W083,380,2,0.21108179419525067,Violation,21.11
W083,381,1,0.4084507042253521,Right,40.85
W083,381,0,0.3826291079812207,Left,38.26
W083,381,2,0.20892018779342722,Violation,20.89
W083,382,1,0.4059633027522936,Right,40.6
W083,382,0,0.3555045871559633,Left,35.55
W083,382,2,0.23853211009174313,Violation,23.85
W083,383,1,0.35185185185185186,Right,35.19
W083,383,2,0.3333333333333333,Violation,33.33
W083,383,0,0.3148148148148148,Left,31.48
W083,384,1,0.37317073170731707,Right,37.32
W083,384,0,0.37073170731707317,Left,37.07
W083,384,2,0.25609756097560976,Violation,25.61
W083,385,1,0.3884057971014493,Right,38.84
W083,385,0,0.3681159420289855,Left,36.81
W083,385,2,0.24347826086956523,Violation,24.35
W083,386,1,0.36175710594315247,Right,36.18
W083,386,0,0.3462532299741602,Left,34.63
W083,386,2,0.29198966408268734,Violation,29.2
W083,387,0,0.3559718969555035,Left,35.6
W083,387,1,0.34894613583138173,Right,34.89
W083,387,2,0.29508196721311475,Violation,29.51
W083,388,1,0.3744075829383886,Right,37.44
W083,388,0,0.36018957345971564,Left,36.02
W083,388,2,0.26540284360189575,Violation,26.54
W083,389,1,0.40604026845637586,Right,40.6
W083,389,0,0.3691275167785235,Left,36.91
W083,389,2,0.22483221476510068,Violation,22.48
W083,390,1,0.39675174013921116,Right,39.68
W083,390,0,0.35962877030162416,Left,35.96
W083,390,2,0.24361948955916474,Violation,24.36
W083,391,0,0.36585365853658536,Left,36.59
W083,391,1,0.36397748592870544,Right,36.4
W083,391,2,0.2701688555347092,Violation,27.02
W083,392,1,0.4125874125874126,Right,41.26
W083,392,0,0.3473193473193473,Left,34.73
W083,392,2,0.2400932400932401,Violation,24.01
W083,393,0,0.34563758389261745,Left,34.56
W083,393,1,0.3288590604026846,Right,32.89
W083,393,2,0.32550335570469796,Violation,32.55
W083,394,1,0.3782178217821782,Right,37.82
W083,394,0,0.3584158415841584,Left,35.84
W083,394,2,0.2633663366336634,Violation,26.34
W083,395,0,0.3740053050397878,Left,37.4
W083,395,1,0.35013262599469497,Right,35.01
W083,395,2,0.27586206896551724,Violation,27.59
W083,396,2,0.390625,Violation,39.06
W083,396,0,0.32421875,Left,32.42
W083,396,1,0.28515625,Right,28.52
W083,397,2,0.3527272727272727,Violation,35.27
W083,397,1,0.3381818181818182,Right,33.82
W083,397,0,0.3090909090909091,Left,30.91
W083,398,1,0.3817204301075269,Right,38.17
W083,398,0,0.3548387096774194,Left,35.48
W083,398,2,0.26344086021505375,Violation,26.34
W083,399,1,0.3865546218487395,Right,38.66
W083,399,0,0.3445378151260504,Left,34.45
W083,399,2,0.2689075630252101,Violation,26.89
W083,400,2,0.4018264840182648,Violation,40.18
W083,400,1,0.3059360730593607,Right,30.59
W083,400,0,0.2922374429223744,Left,29.22
W083,401,2,0.4660377358490566,Violation,46.6
W083,401,1,0.2849056603773585,Right,28.49
W083,401,0,0.2490566037735849,Left,24.91
W083,402,2,0.34134615384615385,Violation,34.13
W083,402,0,0.33413461538461536,Left,33.41
W083,402,1,0.3245192307692308,Right,32.45
W083,403,0,0.35,Left,35.0
W083,403,2,0.33421052631578946,Violation,33.42
W083,403,1,0.3157894736842105,Right,31.58
W083,404,1,0.38425925925925924,Right,38.43
W083,404,0,0.3402777777777778,Left,34.03
W083,404,2,0.27546296296296297,Violation,27.55
W083,405,0,0.34662576687116564,Left,34.66
W083,405,1,0.3343558282208589,Right,33.44
W083,405,2,0.31901840490797545,Violation,31.9
W083,406,0,0.35526315789473684,Left,35.53
W083,406,2,0.32894736842105265,Violation,32.89
W083,406,1,0.3157894736842105,Right,31.58
W083,407,0,0.3727810650887574,Left,37.28
W083,407,1,0.3165680473372781,Right,31.66
W083,407,2,0.3106508875739645,Violation,31.07
W083,408,1,0.37719298245614036,Right,37.72
W083,408,0,0.34210526315789475,Left,34.21
W083,408,2,0.2807017543859649,Violation,28.07
W083,409,1,0.3821138211382114,Right,38.21
W083,409,0,0.32791327913279134,Left,32.79
W083,409,2,0.2899728997289973,Violation,29.0
W083,410,1,0.3620689655172414,Right,36.21
W083,410,2,0.3226600985221675,Violation,32.27
W083,410,0,0.31527093596059114,Left,31.53
W083,411,2,0.3422131147540984,Violation,34.22
W083,411,0,0.3401639344262295,Left,34.02
W083,411,1,0.3176229508196721,Right,31.76
W083,412,1,0.3485838779956427,Right,34.86
W083,412,0,0.3464052287581699,Left,34.64
W083,412,2,0.30501089324618735,Violation,30.5
W083,413,1,0.3424657534246575,Right,34.25
W083,413,0,0.33659491193737767,Left,33.66
W083,413,2,0.32093933463796476,Violation,32.09
W083,414,1,0.37083333333333335,Right,37.08
W083,414,0,0.36875,Left,36.88
W083,414,2,0.2604166666666667,Violation,26.04
W083,415,1,0.36363636363636365,Right,36.36
W083,415,0,0.35858585858585856,Left,35.86
W083,415,2,0.2777777777777778,Violation,27.78
W083,416,1,0.36363636363636365,Right,36.36
W083,416,0,0.32727272727272727,Left,32.73
W083,416,2,0.3090909090909091,Violation,30.91
W083,417,0,0.3400447427293065,Left,34.0
W083,417,2,0.3333333333333333,Violation,33.33
W083,417,1,0.32662192393736017,Right,32.66
W083,418,2,0.35945945945945945,Violation,35.95
W083,418,0,0.3216216216216216,Left,32.16
W083,418,1,0.31891891891891894,Right,31.89
W083,419,2,0.3655913978494624,Violation,36.56
W083,419,1,0.32616487455197135,Right,32.62
W083,419,0,0.30824372759856633,Left,30.82
W083,420,2,0.45964125560538116,Violation,45.96
W083,420,0,0.273542600896861,Left,27.35
W083,420,1,0.26681614349775784,Right,26.68
W083,421,2,0.4254545454545455,Violation,42.55
W083,421,0,0.3018181818181818,Left,30.18
W083,421,1,0.2727272727272727,Right,27.27
W083,422,2,0.3603082851637765,Violation,36.03
W083,422,1,0.3333333333333333,Right,33.33
W083,422,0,0.3063583815028902,Left,30.64
W083,423,2,0.37922077922077924,Violation,37.92
W083,423,1,0.32987012987012987,Right,32.99
W083,423,0,0.2909090909090909,Left,29.09
W083,424,1,0.35714285714285715,Right,35.71
W083,424,2,0.3253968253968254,Violation,32.54
W083,424,0,0.31746031746031744,Left,31.75
W083,425,1,0.34296028880866425,Right,34.3
W083,425,2,0.33574007220216606,Violation,33.57
W083,425,0,0.3212996389891697,Left,32.13
W083,426,1,0.3493723849372385,Right,34.94
W083,426,2,0.3389121338912134,Violation,33.89
W083,426,0,0.3117154811715481,Left,31.17
W083,427,1,0.35714285714285715,Right,35.71
W083,427,0,0.3306122448979592,Left,33.06
W083,427,2,0.3122448979591837,Violation,31.22
W083,428,1,0.36511627906976746,Right,36.51
W083,428,0,0.3488372093023256,Left,34.88
W083,428,2,0.28604651162790695,Violation,28.6
W083,429,0,0.38876889848812096,Left,38.88
W083,429,1,0.3390928725701944,Right,33.91
W083,429,2,0.27213822894168466,Violation,27.21
W083,430,1,0.362876254180602,Right,36.29
W083,430,0,0.32274247491638797,Left,32.27
W083,430,2,0.31438127090301005,Violation,31.44
W083,431,2,0.3532110091743119,Violation,35.32
W083,431,0,0.33256880733944955,Left,33.26
W083,431,1,0.31422018348623854,Right,31.42
W083,432,0,0.3583690987124464,Left,35.84
W083,432,2,0.33476394849785407,Violation,33.48
W083,432,1,0.30686695278969955,Right,30.69
W083,433,0,0.3709090909090909,Left,37.09
W083,433,1,0.3654545454545455,Right,36.55
W083,433,2,0.2636363636363636,Violation,26.36
W083,434,1,0.39378238341968913,Right,39.38
W083,434,0,0.37823834196891193,Left,37.82
W083,434,2,0.22797927461139897,Violation,22.8
W083,435,1,0.3758241758241758,Right,37.58
W083,435,0,0.35824175824175825,Left,35.82
W083,435,2,0.26593406593406593,Violation,26.59
W083,436,0,0.38869257950530034,Left,38.87
W083,436,1,0.3392226148409894,Right,33.92
W083,436,2,0.27208480565371024,Violation,27.21
W083,437,1,0.37037037037037035,Right,37.04
W083,437,2,0.31712962962962965,Violation,31.71
W083,437,0,0.3125,Left,31.25
W083,438,2,0.35797665369649806,Violation,35.8
W083,438,0,0.32684824902723736,Left,32.68
W083,438,1,0.3151750972762646,Right,31.52
W083,439,2,0.36895674300254455,Violation,36.9
W083,439,0,0.3155216284987277,Left,31.55
W083,439,1,0.3155216284987277,Right,31.55
W083,440,1,0.36363636363636365,Right,36.36
W083,440,0,0.33636363636363636,Left,33.64
W083,440,2,0.3,Violation,30.0
W083,441,0,0.3761194029850746,Left,37.61
W083,441,1,0.34626865671641793,Right,34.63
W083,441,2,0.27761194029850744,Violation,27.76
W083,442,0,0.3486682808716707,Left,34.87
W083,442,1,0.32929782082324455,Right,32.93
W083,442,2,0.3220338983050847,Violation,32.2
W083,443,2,0.42,Violation,42.0
W083,443,0,0.29,Left,29.0
W083,443,1,0.29,Right,29.0
W083,444,0,0.33724340175953077,Left,33.72
W083,444,2,0.33724340175953077,Violation,33.72
W083,444,1,0.3255131964809384,Right,32.55
W083,445,0,0.3674911660777385,Left,36.75
W083,445,1,0.3321554770318021,Right,33.22
W083,445,2,0.3003533568904594,Violation,30.04
W083,446,1,0.3595505617977528,Right,35.96
W083,446,0,0.3398876404494382,Left,33.99
W083,446,2,0.300561797752809,Violation,30.06
W083,447,2,0.37333333333333335,Violation,37.33
W083,447,1,0.31733333333333336,Right,31.73
W083,447,0,0.30933333333333335,Left,30.93
W083,448,2,0.39662447257383965,Violation,39.66
W083,448,1,0.31223628691983124,Right,31.22
W083,448,0,0.2911392405063291,Left,29.11
W083,449,2,0.3883495145631068,Violation,38.83
W083,449,1,0.31715210355987056,Right,31.72
W083,449,0,0.29449838187702265,Left,29.45
W083,450,0,0.36042402826855124,Left,36.04
W083,450,2,0.3215547703180212,Violation,32.16
W083,450,1,0.31802120141342755,Right,31.8
W083,451,2,0.3945409429280397,Violation,39.45
W083,451,1,0.31265508684863524,Right,31.27
W083,451,0,0.29280397022332505,Left,29.28
W083,452,2,0.4338461538461538,Violation,43.38
W083,452,1,0.2923076923076923,Right,29.23
W083,452,0,0.27384615384615385,Left,27.38
W083,453,2,0.45605700712589076,Violation,45.61
W083,453,0,0.28028503562945367,Left,28.03
W083,453,1,0.26365795724465557,Right,26.37
W083,454,2,0.43823529411764706,Violation,43.82
W083,454,0,0.29411764705882354,Left,29.41
W083,454,1,0.2676470588235294,Right,26.76
W083,455,0,0.353125,Left,35.31
W083,455,2,0.325,Violation,32.5
W083,455,1,0.321875,Right,32.19
W083,456,2,0.39520958083832336,Violation,39.52
W083,456,1,0.31736526946107785,Right,31.74
W083,456,0,0.2874251497005988,Left,28.74
W083,457,1,0.38489208633093525,Right,38.49
W083,457,0,0.35611510791366907,Left,35.61
W083,457,2,0.2589928057553957,Violation,25.9
W083,458,0,0.3400447427293065,Left,34.0
W083,458,1,0.3400447427293065,Right,34.0
W083,458,2,0.319910514541387,Violation,31.99
W083,459,1,0.3488888888888889,Right,34.89
W083,459,0,0.34444444444444444,Left,34.44
W083,459,2,0.30666666666666664,Violation,30.67
W083,460,2,0.33935018050541516,Violation,33.94
W083,460,0,0.33212996389891697,Left,33.21
W083,460,1,0.3285198555956679,Right,32.85
W083,461,0,0.3583535108958838,Left,35.84
W083,461,2,0.3220338983050847,Violation,32.2
W083,461,1,0.3196125907990315,Right,31.96
W083,462,0,0.3506944444444444,Left,35.07
W083,462,1,0.3298611111111111,Right,32.99
W083,462,2,0.3194444444444444,Violation,31.94
W083,463,0,0.34782608695652173,Left,34.78
W083,463,2,0.3458498023715415,Violation,34.58
W083,463,1,0.30632411067193677,Right,30.63
W083,464,2,0.36099585062240663,Violation,36.1
W083,464,1,0.35684647302904565,Right,35.68
W083,464,0,0.2821576763485477,Left,28.22
W083,465,2,0.3501259445843829,Violation,35.01
W083,465,0,0.34760705289672544,Left,34.76
W083,465,1,0.3022670025188917,Right,30.23
W083,466,0,0.3643410852713178,Left,36.43
W083,466,1,0.3333333333333333,Right,33.33
W083,466,2,0.3023255813953488,Violation,30.23
W083,467,2,0.35755813953488375,Violation,35.76
W083,467,1,0.32848837209302323,Right,32.85
W083,467,0,0.313953488372093,Left,31.4
W083,468,2,0.4117647058823529,Violation,41.18
W083,468,0,0.3006535947712418,Left,30.07
W083,468,1,0.2875816993464052,Right,28.76
W083,469,2,0.6716417910447762,Violation,67.16
W083,469,0,0.19402985074626866,Left,19.4
W083,469,1,0.13432835820895522,Right,13.43
W083,470,2,0.5325443786982249,Violation,53.25
W083,470,0,0.24260355029585798,Left,24.26
W083,470,1,0.22485207100591717,Right,22.49
W083,471,2,0.39473684210526316,Violation,39.47
W083,471,1,0.33771929824561403,Right,33.77
W083,471,0,0.2675438596491228,Left,26.75
W083,472,0,0.36470588235294116,Left,36.47
W083,472,1,0.3176470588235294,Right,31.76
W083,472,2,0.3176470588235294,Violation,31.76
W083,473,2,0.49159663865546216,Violation,49.16
W083,473,0,0.2668067226890756,Left,26.68
W083,473,1,0.2415966386554622,Right,24.16
W083,474,2,0.4397463002114165,Violation,43.97
W083,474,0,0.2938689217758985,Left,29.39
W083,474,1,0.266384778012685,Right,26.64
W083,475,0,0.36971046770601335,Left,36.97
W083,475,1,0.3363028953229399,Right,33.63
W083,475,2,0.29398663697104677,Violation,29.4
W083,476,0,0.40948275862068967,Left,40.95
W083,476,1,0.3232758620689655,Right,32.33
W083,476,2,0.2672413793103448,Violation,26.72
W083,477,2,0.37694704049844235,Violation,37.69
W083,477,0,0.3426791277258567,Left,34.27
W083,477,1,0.2803738317757009,Right,28.04
W083,478,0,0.3532219570405728,Left,35.32
W083,478,1,0.33651551312649164,Right,33.65
W083,478,2,0.31026252983293556,Violation,31.03
W083,479,0,0.3781094527363184,Left,37.81
W083,479,1,0.35323383084577115,Right,35.32
W083,479,2,0.26865671641791045,Violation,26.87
W083,480,0,0.36674259681093396,Left,36.67
W083,480,1,0.3439635535307517,Right,34.4
W083,480,2,0.28929384965831434,Violation,28.93
W083,481,1,0.3733681462140992,Right,37.34
W083,481,0,0.3681462140992167,Left,36.81
W083,481,2,0.2584856396866841,Violation,25.85
W083,482,0,0.3672055427251732,Left,36.72
W083,482,1,0.3371824480369515,Right,33.72
W083,482,2,0.2956120092378753,Violation,29.56
W083,483,0,0.3745704467353952,Left,37.46
W083,483,1,0.34192439862542956,Right,34.19
W083,483,2,0.28350515463917525,Violation,28.35
W083,484,1,0.35267857142857145,Right,35.27
W083,484,0,0.32589285714285715,Left,32.59
W083,484,2,0.32142857142857145,Violation,32.14
W083,485,0,0.38107416879795397,Left,38.11
W083,485,1,0.32225063938618925,Right,32.23
W083,485,2,0.2966751918158568,Violation,29.67
W083,486,1,0.3562753036437247,Right,35.63
W083,486,2,0.340080971659919,Violation,34.01
W083,486,0,0.30364372469635625,Left,30.36
W083,487,0,0.36533333333333334,Left,36.53
W083,487,1,0.33066666666666666,Right,33.07
W083,487,2,0.304,Violation,30.4
W083,488,2,0.34328358208955223,Violation,34.33
W083,488,0,0.3283582089552239,Left,32.84
W083,488,1,0.3283582089552239,Right,32.84
W083,489,2,0.47368421052631576,Violation,47.37
W083,489,0,0.2982456140350877,Left,29.82
W083,489,1,0.22807017543859648,Right,22.81
W083,490,0,0.3589041095890411,Left,35.89
W083,490,2,0.3232876712328767,Violation,32.33
W083,490,1,0.3178082191780822,Right,31.78
W083,491,0,0.3695652173913043,Left,36.96
W083,491,1,0.36645962732919257,Right,36.65
W083,491,2,0.2639751552795031,Violation,26.4
W083,492,0,0.3893333333333333,Left,38.93
W083,492,1,0.35733333333333334,Right,35.73
W083,492,2,0.25333333333333335,Violation,25.33
W083,493,0,0.38480392156862747,Left,38.48
W083,493,1,0.3553921568627451,Right,35.54
W083,493,2,0.25980392156862747,Violation,25.98
W083,494,1,0.36009732360097324,Right,36.01
W083,494,0,0.35766423357664234,Left,35.77
W083,494,2,0.2822384428223844,Violation,28.22
W083,495,0,0.3944954128440367,Left,39.45
W083,495,1,0.3302752293577982,Right,33.03
W083,495,2,0.27522935779816515,Violation,27.52
W083,496,2,0.6612903225806451,Violation,66.13
W083,496,1,0.1774193548387097,Right,17.74
W083,496,0,0.16129032258064516,Left,16.13
W083,497,0,0.35543766578249336,Left,35.54
W083,497,1,0.34748010610079577,Right,34.75
W083,497,2,0.29708222811671087,Violation,29.71
W083,498,1,0.365,Right,36.5
W083,498,0,0.36,Left,36.0
W083,498,2,0.275,Violation,27.5
W083,499,0,0.41818181818181815,Left,41.82
W083,499,1,0.33506493506493507,Right,33.51
W083,499,2,0.24675324675324675,Violation,24.68
W083,500,0,0.39039039039039036,Left,39.04
W083,500,1,0.3303303303303303,Right,33.03
W083,500,2,0.27927927927927926,Violation,27.93
W083,501,0,0.36726546906187624,Left,36.73
W083,501,1,0.35528942115768464,Right,35.53
W083,501,2,0.2774451097804391,Violation,27.74
W083,502,0,0.375,Left,37.5
W083,502,1,0.3613636363636364,Right,36.14
W083,502,2,0.2636363636363636,Violation,26.36
W083,503,0,0.3768996960486322,Left,37.69
W083,503,1,0.3556231003039514,Right,35.56
W083,503,2,0.2674772036474164,Violation,26.75
W083,504,2,0.35260115606936415,Violation,35.26
W083,504,1,0.3352601156069364,Right,33.53
W083,504,0,0.31213872832369943,Left,31.21
W083,505,0,0.36738703339882123,Left,36.74
W083,505,1,0.3320235756385069,Right,33.2
W083,505,2,0.3005893909626719,Violation,30.06
W083,506,0,0.3865814696485623,Left,38.66
W083,506,1,0.34824281150159747,Right,34.82
W083,506,2,0.26517571884984026,Violation,26.52
W083,507,2,0.3438735177865613,Violation,34.39
W083,507,1,0.33992094861660077,Right,33.99
W083,507,0,0.31620553359683795,Left,31.62
W083,508,0,0.35475578406169667,Left,35.48
W083,508,1,0.35218508997429304,Right,35.22
W083,508,2,0.2930591259640103,Violation,29.31
W083,509,1,0.41148325358851673,Right,41.15
W083,509,0,0.4043062200956938,Left,40.43
W083,509,2,0.18421052631578946,Violation,18.42
W083,510,0,0.42359249329758714,Left,42.36
W083,510,1,0.3726541554959786,Right,37.27
W083,510,2,0.2037533512064343,Violation,20.38
W083,511,0,0.39349112426035504,Left,39.35
W083,511,1,0.378698224852071,Right,37.87
W083,511,2,0.22781065088757396,Violation,22.78
W083,512,0,0.387409200968523,Left,38.74
W083,512,1,0.37772397094430993,Right,37.77
W083,512,2,0.23486682808716708,Violation,23.49
W083,513,0,0.3747072599531616,Left,37.47
W083,513,1,0.3325526932084309,Right,33.26
W083,513,2,0.2927400468384075,Violation,29.27
W083,514,1,0.3870967741935484,Right,38.71
W083,514,0,0.37701612903225806,Left,37.7
W083,514,2,0.23588709677419356,Violation,23.59
W083,515,0,0.38631346578366443,Left,38.63
W083,515,1,0.35320088300220753,Right,35.32
W083,515,2,0.26048565121412803,Violation,26.05
W083,516,0,0.4020100502512563,Left,40.2
W083,516,1,0.3793969849246231,Right,37.94
W083,516,2,0.2185929648241206,Violation,21.86
W083,517,1,0.3892857142857143,Right,38.93
W083,517,0,0.35535714285714287,Left,35.54
W083,517,2,0.25535714285714284,Violation,25.54
W083,518,0,0.3557312252964427,Left,35.57
W083,518,2,0.32806324110671936,Violation,32.81
W083,518,1,0.31620553359683795,Right,31.62
W083,519,0,0.3765182186234818,Left,37.65
W083,519,1,0.3724696356275304,Right,37.25
W083,519,2,0.25101214574898784,Violation,25.1
W083,520,0,0.39690721649484534,Left,39.69
W083,520,1,0.3582474226804124,Right,35.82
W083,520,2,0.24484536082474226,Violation,24.48
W083,521,0,0.37748344370860926,Left,37.75
W083,521,1,0.3543046357615894,Right,35.43
W083,521,2,0.2682119205298013,Violation,26.82
W083,522,0,0.36477987421383645,Left,36.48
W083,522,1,0.330188679245283,Right,33.02
W083,522,2,0.3050314465408805,Violation,30.5
W083,523,1,0.359375,Right,35.94
W083,523,0,0.3375,Left,33.75
W083,523,2,0.303125,Violation,30.31
W083,524,2,0.35234215885947046,Violation,35.23
W083,524,0,0.3421588594704684,Left,34.22
W083,524,1,0.3054989816700611,Right,30.55
W083,525,1,0.36318407960199006,Right,36.32
W083,525,0,0.35323383084577115,Left,35.32
W083,525,2,0.2835820895522388,Violation,28.36
W083,526,1,0.3935483870967742,Right,39.35
W083,526,0,0.38387096774193546,Left,38.39
W083,526,2,0.22258064516129034,Violation,22.26
W083,527,0,0.3983286908077994,Left,39.83
W083,527,1,0.362116991643454,Right,36.21
W083,527,2,0.2395543175487465,Violation,23.96
W083,528,0,0.39622641509433965,Left,39.62
W083,528,1,0.3710691823899371,Right,37.11
W083,528,2,0.23270440251572327,Violation,23.27
W083,529,0,0.36893203883495146,Left,36.89
W083,529,1,0.36245954692556637,Right,36.25
W083,529,2,0.2686084142394822,Violation,26.86
W083,530,0,0.4021505376344086,Left,40.22
W083,530,1,0.38064516129032255,Right,38.06
W083,530,2,0.2172043010752688,Violation,21.72
W083,531,0,0.3870967741935484,Left,38.71
W083,531,1,0.3548387096774194,Right,35.48
W083,531,2,0.25806451612903225,Violation,25.81
W083,532,0,0.3871951219512195,Left,38.72
W083,532,1,0.3871951219512195,Right,38.72
W083,532,2,0.22560975609756098,Violation,22.56
W083,533,1,0.4092827004219409,Right,40.93
W083,533,0,0.35864978902953587,Left,35.86
W083,533,2,0.2320675105485232,Violation,23.21
W083,534,0,0.403125,Left,40.31
W083,534,1,0.375,Right,37.5
W083,534,2,0.221875,Violation,22.19
W083,535,1,0.4482758620689655,Right,44.83
W083,535,0,0.42528735632183906,Left,42.53
W083,535,2,0.12643678160919541,Violation,12.64
W083,536,0,0.4232558139534884,Left,42.33
W083,536,1,0.3697674418604651,Right,36.98
W083,536,2,0.2069767441860465,Violation,20.7
W083,537,0,0.3799392097264438,Left,37.99
W083,537,1,0.3495440729483283,Right,34.95
W083,537,2,0.270516717325228,Violation,27.05
W083,538,0,0.4305239179954442,Left,43.05
W083,538,1,0.3826879271070615,Right,38.27
W083,538,2,0.1867881548974943,Violation,18.68
W083,539,0,0.37745098039215685,Left,37.75
W083,539,1,0.3333333333333333,Right,33.33
W083,539,2,0.28921568627450983,Violation,28.92
W083,540,0,0.4153846153846154,Left,41.54
W083,540,1,0.32967032967032966,Right,32.97
W083,540,2,0.2549450549450549,Violation,25.49
W083,541,1,0.3561643835616438,Right,35.62
W083,541,0,0.3424657534246575,Left,34.25
W083,541,2,0.3013698630136986,Violation,30.14
W083,542,0,0.4020356234096692,Left,40.2
W083,542,1,0.3816793893129771,Right,38.17
W083,542,2,0.21628498727735368,Violation,21.63
W083,543,1,0.3793103448275862,Right,37.93
W083,543,0,0.367816091954023,Left,36.78
W083,543,2,0.25287356321839083,Violation,25.29
W083,544,0,0.3763837638376384,Left,37.64
W083,544,1,0.34317343173431736,Right,34.32
W083,544,2,0.28044280442804426,Violation,28.04
W083,545,2,0.48854961832061067,Violation,48.85
W083,545,1,0.26717557251908397,Right,26.72
W083,545,0,0.24427480916030533,Left,24.43
W083,546,0,0.3770491803278688,Left,37.7
W083,546,2,0.32459016393442625,Violation,32.46
W083,546,1,0.2983606557377049,Right,29.84
W083,547,0,0.3564102564102564,Left,35.64
W083,547,1,0.33589743589743587,Right,33.59
W083,547,2,0.3076923076923077,Violation,30.77
W083,548,0,0.37209302325581395,Left,37.21
W083,548,1,0.3521594684385382,Right,35.22
W083,548,2,0.2757475083056478,Violation,27.57
W083,549,1,0.3511705685618729,Right,35.12
W083,549,0,0.34782608695652173,Left,34.78
W083,549,2,0.3010033444816054,Violation,30.1
W083,550,0,0.3862815884476534,Left,38.63
W083,550,1,0.33935018050541516,Right,33.94
W083,550,2,0.2743682310469314,Violation,27.44
W083,551,0,0.363013698630137,Left,36.3
W083,551,1,0.3253424657534247,Right,32.53
W083,551,2,0.3116438356164384,Violation,31.16
W083,552,1,0.34050179211469533,Right,34.05
W083,552,0,0.32974910394265233,Left,32.97
W083,552,2,0.32974910394265233,Violation,32.97
W083,553,2,0.34915254237288135,Violation,34.92
W083,553,0,0.3254237288135593,Left,32.54
W083,553,1,0.3254237288135593,Right,32.54
W083,554,2,0.3952569169960474,Violation,39.53
W083,554,1,0.31620553359683795,Right,31.62
W083,554,0,0.2885375494071146,Left,28.85
W083,555,1,0.3667953667953668,Right,36.68
W083,555,0,0.33204633204633205,Left,33.2
W083,555,2,0.30115830115830117,Violation,30.12
W083,556,1,0.41346153846153844,Right,41.35
W083,556,0,0.33653846153846156,Left,33.65
W083,556,2,0.25,Violation,25.0
W083,557,0,0.3983957219251337,Left,39.84
W083,557,1,0.36363636363636365,Right,36.36
W083,557,2,0.23796791443850268,Violation,23.8
W083,558,0,0.37577639751552794,Left,37.58
W083,558,1,0.3447204968944099,Right,34.47
W083,558,2,0.2795031055900621,Violation,27.95
W083,559,2,0.4655581947743468,Violation,46.56
W083,559,0,0.27790973871733965,Left,27.79
W083,559,1,0.25653206650831356,Right,25.65
W083,560,2,0.38636363636363635,Violation,38.64
W083,560,1,0.31363636363636366,Right,31.36
W083,560,0,0.3,Left,30.0
W083,561,1,0.3573667711598746,Right,35.74
W083,561,0,0.3385579937304075,Left,33.86
W083,561,2,0.30407523510971785,Violation,30.41
W083,562,0,0.3735408560311284,Left,37.35
W083,562,2,0.3540856031128405,Violation,35.41
W083,562,1,0.2723735408560311,Right,27.24
W083,563,0,0.38562091503267976,Left,38.56
W083,563,2,0.3235294117647059,Violation,32.35
W083,563,1,0.2908496732026144,Right,29.08
W083,564,0,0.36363636363636365,Left,36.36
W083,564,2,0.329004329004329,Violation,32.9
W083,564,1,0.30735930735930733,Right,30.74
W083,565,0,0.34507042253521125,Left,34.51
W083,565,2,0.3345070422535211,Violation,33.45
W083,565,1,0.3204225352112676,Right,32.04
W083,566,1,0.3757062146892655,Right,37.57
W083,566,0,0.3587570621468927,Left,35.88
W083,566,2,0.2655367231638418,Violation,26.55
W083,567,2,0.3607843137254902,Violation,36.08
W083,567,0,0.32941176470588235,Left,32.94
W083,567,1,0.30980392156862746,Right,30.98
W083,568,1,0.4007936507936508,Right,40.08
W083,568,2,0.32142857142857145,Violation,32.14
W083,568,0,0.2777777777777778,Left,27.78
W083,569,0,0.3541666666666667,Left,35.42
W083,569,2,0.3333333333333333,Violation,33.33
W083,569,1,0.3125,Right,31.25
W083,570,2,0.4111111111111111,Violation,41.11
W083,570,1,0.3333333333333333,Right,33.33
W083,570,0,0.25555555555555554,Left,25.56
W083,571,0,0.34328358208955223,Left,34.33
W083,571,2,0.3407960199004975,Violation,34.08
W083,571,1,0.31592039800995025,Right,31.59
W083,572,0,0.37349397590361444,Left,37.35
W083,572,2,0.3192771084337349,Violation,31.93
W083,572,1,0.3072289156626506,Right,30.72
W083,573,0,0.40404040404040403,Left,40.4
W083,573,1,0.3373737373737374,Right,33.74
W083,573,2,0.2585858585858586,Violation,25.86
W083,574,0,0.38257575757575757,Left,38.26
W083,574,1,0.32575757575757575,Right,32.58
W083,574,2,0.2916666666666667,Violation,29.17
W083,575,2,0.39039039039039036,Violation,39.04
W083,575,0,0.3123123123123123,Left,31.23
W083,575,1,0.2972972972972973,Right,29.73
W083,576,0,0.34888059701492535,Left,34.89
W083,576,1,0.32649253731343286,Right,32.65
W083,576,2,0.3246268656716418,Violation,32.46
W083,577,1,0.4316546762589928,Right,43.17
W083,577,0,0.38848920863309355,Left,38.85
W083,577,2,0.17985611510791366,Violation,17.99
W083,578,1,0.3790322580645161,Right,37.9
W083,578,0,0.37298387096774194,Left,37.3
W083,578,2,0.24798387096774194,Violation,24.8
W083,579,0,0.37388724035608306,Left,37.39
W083,579,1,0.36795252225519287,Right,36.8
W083,579,2,0.258160237388724,Violation,25.82
W083,580,0,0.3718518518518519,Left,37.19
W083,580,1,0.35703703703703704,Right,35.7
W083,580,2,0.27111111111111114,Violation,27.11
W083,581,1,0.3889908256880734,Right,38.9
W083,581,0,0.3834862385321101,Left,38.35
W083,581,2,0.22752293577981653,Violation,22.75
W083,582,1,0.36644951140065146,Right,36.64
W083,582,0,0.3338762214983713,Left,33.39
W083,582,2,0.2996742671009772,Violation,29.97
W083,583,0,0.4010791366906475,Left,40.11
W083,583,1,0.37589928057553956,Right,37.59
W083,583,2,0.22302158273381295,Violation,22.3
W083,584,0,0.3719298245614035,Left,37.19
W083,584,1,0.3719298245614035,Right,37.19
W083,584,2,0.256140350877193,Violation,25.61
W083,585,0,0.37341772151898733,Left,37.34
W083,585,1,0.34968354430379744,Right,34.97
W083,585,2,0.27689873417721517,Violation,27.69
W083,586,1,0.3857965451055662,Right,38.58
W083,586,0,0.35892514395393477,Left,35.89
W083,586,2,0.255278310940499,Violation,25.53
W083,587,0,0.3683431952662722,Left,36.83
W083,587,1,0.34467455621301774,Right,34.47
W083,587,2,0.2869822485207101,Violation,28.7
W083,588,0,0.38768115942028986,Left,38.77
W083,588,1,0.34601449275362317,Right,34.6
W083,588,2,0.266304347826087,Violation,26.63
W083,589,0,0.42113564668769715,Left,42.11
W083,589,1,0.3580441640378549,Right,35.8
W083,589,2,0.22082018927444794,Violation,22.08
W083,590,1,0.43161634103019536,Right,43.16
W083,590,0,0.42451154529307283,Left,42.45
W083,590,2,0.1438721136767318,Violation,14.39
W083,591,0,0.43111831442463533,Left,43.11
W083,591,1,0.42625607779578606,Right,42.63
W083,591,2,0.1426256077795786,Violation,14.26
W083,592,0,0.4083769633507853,Left,40.84
W083,592,1,0.4083769633507853,Right,40.84
W083,592,2,0.18324607329842932,Violation,18.32
W083,593,0,0.43100189035916825,Left,43.1
W083,593,1,0.40264650283553877,Right,40.26
W083,593,2,0.166351606805293,Violation,16.64
W083,594,0,0.4076782449725777,Left,40.77
W083,594,1,0.35648994515539306,Right,35.65
W083,594,2,0.23583180987202926,Violation,23.58
W083,595,0,0.41967871485943775,Left,41.97
W083,595,1,0.40763052208835343,Right,40.76
W083,595,2,0.17269076305220885,Violation,17.27
W083,596,0,0.3920552677029361,Left,39.21
W083,596,1,0.38341968911917096,Right,38.34
W083,596,2,0.22452504317789293,Violation,22.45
W083,597,0,0.4116666666666667,Left,41.17
W083,597,1,0.39166666666666666,Right,39.17
W083,597,2,0.19666666666666666,Violation,19.67
W083,598,0,0.43621399176954734,Left,43.62
W083,598,1,0.36213991769547327,Right,36.21
W083,598,2,0.20164609053497942,Violation,20.16
W083,599,0,0.42196531791907516,Left,42.2
W083,599,1,0.3583815028901734,Right,35.84
W083,599,2,0.21965317919075145,Violation,21.97
W083,600,0,0.4010600706713781,Left,40.11
W083,600,1,0.36042402826855124,Right,36.04
W083,600,2,0.23851590106007067,Violation,23.85
W083,601,0,0.38095238095238093,Left,38.1
W083,601,1,0.33004926108374383,Right,33.0
W083,601,2,0.2889983579638752,Violation,28.9
W083,602,0,0.36,Left,36.0
W083,602,1,0.36,Right,36.0
W083,602,2,0.28,Violation,28.0
W083,603,0,0.41694915254237286,Left,41.69
W083,603,1,0.3288135593220339,Right,32.88
W083,603,2,0.2542372881355932,Violation,25.42
W083,604,0,0.38439306358381503,Left,38.44
W083,604,1,0.36416184971098264,Right,36.42
W083,604,2,0.2514450867052023,Violation,25.14
W083,605,2,0.3807829181494662,Violation,38.08
W083,605,0,0.3202846975088968,Left,32.03
W083,605,1,0.298932384341637,Right,29.89
W083,606,2,0.3605150214592275,Violation,36.05
W083,606,0,0.3361945636623748,Left,33.62
W083,606,1,0.3032904148783977,Right,30.33
W083,607,2,0.42857142857142855,Violation,42.86
W083,607,1,0.29300291545189505,Right,29.3
W083,607,0,0.2784256559766764,Left,27.84
W083,608,2,0.35377358490566035,Violation,35.38
W083,608,0,0.3490566037735849,Left,34.91
W083,608,1,0.2971698113207547,Right,29.72
W083,609,2,0.42752293577981654,Violation,42.75
W083,609,0,0.30642201834862387,Left,30.64
W083,609,1,0.26605504587155965,Right,26.61
W083,610,2,0.3654970760233918,Violation,36.55
W083,610,0,0.32748538011695905,Left,32.75
W083,610,1,0.30701754385964913,Right,30.7
W083,611,2,0.35873015873015873,Violation,35.87
W083,611,0,0.353968253968254,Left,35.4
W083,611,1,0.2873015873015873,Right,28.73
W083,612,2,0.3827460510328068,Violation,38.27
W083,612,0,0.3134872417982989,Left,31.35
W083,612,1,0.3037667071688943,Right,30.38
W083,613,2,0.34305317324185247,Violation,34.31
W083,613,0,0.33104631217838765,Left,33.1
W083,613,1,0.3259005145797599,Right,32.59
W083,614,2,0.5886939571150097,Violation,58.87
W083,614,0,0.21832358674463936,Left,21.83
W083,614,1,0.19298245614035087,Right,19.3
W083,615,2,0.42787878787878786,Violation,42.79
W083,615,0,0.2909090909090909,Left,29.09
W083,615,1,0.2812121212121212,Right,28.12
W083,616,2,0.3756260434056761,Violation,37.56
W083,616,0,0.32053422370617696,Left,32.05
W083,616,1,0.3038397328881469,Right,30.38
W083,617,2,0.39824304538799415,Violation,39.82
W083,617,0,0.30161054172767204,Left,30.16
W083,617,1,0.3001464128843338,Right,30.01
W083,618,2,0.4190012180267966,Violation,41.9
W083,618,1,0.2935444579780755,Right,29.35
W083,618,0,0.2874543239951279,Left,28.75
W083,619,0,0.3434065934065934,Left,34.34
W083,619,2,0.33791208791208793,Violation,33.79
W083,619,1,0.31868131868131866,Right,31.87
W083,620,2,0.3795871559633027,Violation,37.96
W083,620,1,0.3119266055045872,Right,31.19
W083,620,0,0.3084862385321101,Left,30.85
W083,621,2,0.40524781341107874,Violation,40.52
W083,621,0,0.3177842565597668,Left,31.78
W083,621,1,0.27696793002915454,Right,27.7
W083,622,2,0.3416666666666667,Violation,34.17
W083,622,0,0.3333333333333333,Left,33.33
W083,622,1,0.325,Right,32.5
W083,623,2,0.38769230769230767,Violation,38.77
W083,623,0,0.3169230769230769,Left,31.69
W083,623,1,0.2953846153846154,Right,29.54
W083,624,2,0.3837837837837838,Violation,38.38
W083,624,1,0.31891891891891894,Right,31.89
W083,624,0,0.2972972972972973,Left,29.73
W083,625,2,0.43812709030100333,Violation,43.81
W083,625,0,0.30267558528428096,Left,30.27
W083,625,1,0.2591973244147157,Right,25.92
W083,626,2,0.4451219512195122,Violation,44.51
W083,626,0,0.2886178861788618,Left,28.86
W083,626,1,0.266260162601626,Right,26.63
W083,627,2,0.5158959537572254,Violation,51.59
W083,627,0,0.2702312138728324,Left,27.02
W083,627,1,0.2138728323699422,Right,21.39
W083,628,2,0.38978829389788294,Violation,38.98
W083,628,0,0.3163138231631382,Left,31.63
W083,628,1,0.29389788293897884,Right,29.39
W083,629,2,0.39667128987517336,Violation,39.67
W083,629,0,0.31622746185852985,Left,31.62
W083,629,1,0.2871012482662968,Right,28.71
W083,630,2,0.4026315789473684,Violation,40.26
W083,630,0,0.3013157894736842,Left,30.13
W083,630,1,0.29605263157894735,Right,29.61
W083,631,2,0.45852534562211983,Violation,45.85
W083,631,1,0.27880184331797236,Right,27.88
W083,631,0,0.2626728110599078,Left,26.27
W083,632,2,0.4302600472813239,Violation,43.03
W083,632,0,0.2895981087470449,Left,28.96
W083,632,1,0.2801418439716312,Right,28.01
W083,633,2,0.5058997050147492,Violation,50.59
W083,633,0,0.2728613569321534,Left,27.29
W083,633,1,0.22123893805309736,Right,22.12
W083,634,2,0.4516829533116178,Violation,45.17
W083,634,0,0.28230184581976114,Left,28.23
W083,634,1,0.26601520086862107,Right,26.6
W083,635,2,0.39319727891156464,Violation,39.32
W083,635,0,0.31700680272108844,Left,31.7
W083,635,1,0.2897959183673469,Right,28.98
W083,636,2,0.4190012180267966,Violation,41.9
W083,636,0,0.2935444579780755,Left,29.35
W083,636,1,0.2874543239951279,Right,28.75
W083,637,2,0.38594327990135635,Violation,38.59
W083,637,1,0.3205918618988903,Right,32.06
W083,637,0,0.2934648581997534,Left,29.35
W083,638,2,0.34832904884318766,Violation,34.83
W083,638,1,0.3329048843187661,Right,33.29
W083,638,0,0.31876606683804626,Left,31.88
W083,639,2,0.3695652173913043,Violation,36.96
W083,639,1,0.31585677749360613,Right,31.59
W083,639,0,0.3145780051150895,Left,31.46
W083,640,2,0.4034151547491996,Violation,40.34
W083,640,0,0.29989327641408753,Left,29.99
W083,640,1,0.29669156883671294,Right,29.67
W083,641,2,0.4269067796610169,Violation,42.69
W083,641,1,0.298728813559322,Right,29.87
W083,641,0,0.274364406779661,Left,27.44
W083,642,2,0.4987405541561713,Violation,49.87
W083,642,1,0.2518891687657431,Right,25.19
W083,642,0,0.24937027707808565,Left,24.94
W083,643,2,0.47206385404789053,Violation,47.21
W083,643,1,0.2668187001140251,Right,26.68
W083,643,0,0.2611174458380844,Left,26.11
W083,644,2,0.37775061124694376,Violation,37.78
W083,644,1,0.3141809290953545,Right,31.42
W083,644,0,0.3080684596577017,Left,30.81
W083,645,2,0.4912689173457509,Violation,49.13
W083,645,0,0.26775320139697323,Left,26.78
W083,645,1,0.2409778812572759,Right,24.1
W083,646,2,0.5688888888888889,Violation,56.89
W083,646,0,0.21955555555555556,Left,21.96
W083,646,1,0.21155555555555555,Right,21.16
W083,647,2,0.46494464944649444,Violation,46.49
W083,647,1,0.2816728167281673,Right,28.17
W083,647,0,0.25338253382533826,Left,25.34
W083,648,2,0.4348314606741573,Violation,43.48
W083,648,1,0.2842696629213483,Right,28.43
W083,648,0,0.2808988764044944,Left,28.09
W083,649,2,0.4484356894553882,Violation,44.84
W083,649,1,0.2908458864426419,Right,29.08
W083,649,0,0.2607184241019699,Left,26.07
W083,650,2,0.46987951807228917,Violation,46.99
W083,650,1,0.26987951807228916,Right,26.99
W083,650,0,0.26024096385542167,Left,26.02
W083,651,2,0.507085020242915,Violation,50.71
W083,651,0,0.2540485829959514,Left,25.4
W083,651,1,0.2388663967611336,Right,23.89
W083,652,2,0.5292035398230088,Violation,52.92
W083,652,1,0.2513274336283186,Right,25.13
W083,652,0,0.21946902654867256,Left,21.95
W083,653,2,0.5476815398075241,Violation,54.77
W083,653,1,0.23009623797025372,Right,23.01
W083,653,0,0.2222222222222222,Left,22.22
W083,654,2,0.5019011406844106,Violation,50.19
W083,654,1,0.2585551330798479,Right,25.86
W083,654,0,0.23954372623574144,Left,23.95
W083,655,2,0.5220729366602687,Violation,52.21
W083,655,0,0.2437619961612284,Left,24.38
W083,655,1,0.23416506717850288,Right,23.42
W083,656,2,0.5383333333333333,Violation,53.83
W083,656,1,0.235,Right,23.5
W083,656,0,0.22666666666666666,Left,22.67
W083,657,2,0.525987525987526,Violation,52.6
W083,657,0,0.23700623700623702,Left,23.7
W083,657,1,0.23700623700623702,Right,23.7
W083,658,2,0.48567335243553006,Violation,48.57
W083,658,1,0.25787965616045844,Right,25.79
W083,658,0,0.25644699140401145,Left,25.64
W083,659,2,0.45950155763239875,Violation,45.95
W083,659,0,0.278816199376947,Left,27.88
W083,659,1,0.2616822429906542,Right,26.17
W083,660,2,0.45591939546599497,Violation,45.59
W083,660,0,0.28085642317380355,Left,28.09
W083,660,1,0.26322418136020154,Right,26.32
W083,661,2,0.452991452991453,Violation,45.3
W083,661,0,0.27350427350427353,Left,27.35
W083,661,1,0.27350427350427353,Right,27.35
W083,662,2,0.5088582677165354,Violation,50.89
W083,662,0,0.2559055118110236,Left,25.59
W083,662,1,0.23523622047244094,Right,23.52
W083,663,2,0.48155737704918034,Violation,48.16
W083,663,1,0.26639344262295084,Right,26.64
W083,663,0,0.2520491803278688,Left,25.2
W083,664,2,0.45510204081632655,Violation,45.51
W083,664,1,0.27755102040816326,Right,27.76
W083,664,0,0.2673469387755102,Left,26.73
W083,665,2,0.5404298874104401,Violation,54.04
W083,665,1,0.2436028659160696,Right,24.36
W083,665,0,0.21596724667349027,Left,21.6
W083,666,2,0.5175619834710744,Violation,51.76
W083,666,0,0.2427685950413223,Left,24.28
W083,666,1,0.2396694214876033,Right,23.97
W083,667,2,0.5577731092436975,Violation,55.78
W083,667,1,0.22373949579831934,Right,22.37
W083,667,0,0.2184873949579832,Left,21.85
W083,668,2,0.5301478953356087,Violation,53.01
W083,668,0,0.2502844141069397,Left,25.03
W083,668,1,0.21956769055745165,Right,21.96
W083,669,2,0.4715549936788875,Violation,47.16
W083,669,0,0.26548672566371684,Left,26.55
W083,669,1,0.2629582806573957,Right,26.3
W083,670,2,0.46319365798414497,Violation,46.32
W083,670,1,0.27746319365798416,Right,27.75
W083,670,0,0.25934314835787087,Left,25.93
W083,671,2,0.49538866930171277,Violation,49.54
W083,671,1,0.2635046113306983,Right,26.35
W083,671,0,0.24110671936758893,Left,24.11
W083,672,2,0.5011627906976744,Violation,50.12
W083,672,1,0.2558139534883721,Right,25.58
W083,672,0,0.24302325581395348,Left,24.3
W083,673,2,0.4495114006514658,Violation,44.95
W083,673,1,0.2953311617806732,Right,29.53
W083,673,0,0.255157437567861,Left,25.52
W083,674,2,0.5079365079365079,Violation,50.79
W083,674,0,0.2518518518518518,Left,25.19
W083,674,1,0.2402116402116402,Right,24.02
W083,675,2,0.458128078817734,Violation,45.81
W083,675,0,0.277504105090312,Left,27.75
W083,675,1,0.26436781609195403,Right,26.44
W083,676,2,0.4983642311886587,Violation,49.84
W083,676,0,0.25081788440567065,Left,25.08
W083,676,1,0.25081788440567065,Right,25.08
W083,677,2,0.42659974905897113,Violation,42.66
W083,677,0,0.28732747804265996,Left,28.73
W083,677,1,0.2860727728983689,Right,28.61
W083,678,2,0.42133333333333334,Violation,42.13
W083,678,0,0.29733333333333334,Left,29.73
W083,678,1,0.2813333333333333,Right,28.13
W083,679,2,0.44656488549618323,Violation,44.66
W083,679,0,0.2824427480916031,Left,28.24
W083,679,1,0.27099236641221375,Right,27.1
W083,680,2,0.4444444444444444,Violation,44.44
W083,680,1,0.2826086956521739,Right,28.26
W083,680,0,0.27294685990338163,Left,27.29
W083,681,2,0.4838709677419355,Violation,48.39
W083,681,1,0.2668621700879765,Right,26.69
W083,681,0,0.24926686217008798,Left,24.93
W083,682,2,0.43279901356350187,Violation,43.28
W083,682,1,0.29469790382244143,Right,29.47
W083,682,0,0.2725030826140567,Left,27.25
W083,683,2,0.5043988269794721,Violation,50.44
W083,683,0,0.2590420332355816,Left,25.9
W083,683,1,0.23655913978494625,Right,23.66
W083,684,2,0.4553072625698324,Violation,45.53
W083,684,0,0.2737430167597765,Left,27.37
W083,684,1,0.2709497206703911,Right,27.09
W083,685,2,0.5350389321468298,Violation,53.5
W083,685,0,0.25361512791991103,Left,25.36
W083,685,1,0.21134593993325917,Right,21.13
W083,686,2,0.5273279352226721,Violation,52.73
W083,686,1,0.23785425101214575,Right,23.79
W083,686,0,0.23481781376518218,Left,23.48
W083,687,2,0.4715909090909091,Violation,47.16
W083,687,1,0.27386363636363636,Right,27.39
W083,687,0,0.2545454545454545,Left,25.45
W083,688,2,0.55,Violation,55.0
W083,688,0,0.23108108108108108,Left,23.11
W083,688,1,0.21891891891891893,Right,21.89
W088,196,1,0.44525547445255476,Right,44.53
W088,196,0,0.40875912408759124,Left,40.88
W088,196,2,0.145985401459854,Violation,14.6
W088,197,0,0.4264705882352941,Left,42.65
W088,197,1,0.40441176470588236,Right,40.44
W088,197,2,0.16911764705882354,Violation,16.91
W088,198,0,0.45614035087719296,Left,45.61
W088,198,1,0.40350877192982454,Right,40.35
W088,198,2,0.14035087719298245,Violation,14.04
W088,199,0,0.4514285714285714,Left,45.14
W088,199,1,0.44,Right,44.0
W088,199,2,0.10857142857142857,Violation,10.86
W088,200,1,0.4353448275862069,Right,43.53
W088,200,0,0.40948275862068967,Left,40.95
W088,200,2,0.15517241379310345,Violation,15.52
W088,201,1,0.5368421052631579,Right,53.68
W088,201,0,0.3157894736842105,Left,31.58
W088,201,2,0.14736842105263157,Violation,14.74
W088,202,1,0.44692737430167595,Right,44.69
W088,202,0,0.39106145251396646,Left,39.11
W088,202,2,0.16201117318435754,Violation,16.2
W088,203,1,0.4727272727272727,Right,47.27
W088,203,0,0.4,Left,40.0
W088,203,2,0.12727272727272726,Violation,12.73
W088,204,1,0.45985401459854014,Right,45.99
W088,204,0,0.43795620437956206,Left,43.8
W088,204,2,0.10218978102189781,Violation,10.22
W088,205,1,0.43523316062176165,Right,43.52
W088,205,0,0.38860103626943004,Left,38.86
W088,205,2,0.17616580310880828,Violation,17.62
W088,206,1,0.44594594594594594,Right,44.59
W088,206,0,0.40540540540540543,Left,40.54
W088,206,2,0.14864864864864866,Violation,14.86
W088,207,1,0.4188034188034188,Right,41.88
W088,207,0,0.39316239316239315,Left,39.32
W088,207,2,0.18803418803418803,Violation,18.8
W088,208,0,0.4330708661417323,Left,43.31
W088,208,1,0.4330708661417323,Right,43.31
W088,208,2,0.13385826771653545,Violation,13.39
W088,209,1,0.4767932489451477,Right,47.68
W088,209,0,0.35864978902953587,Left,35.86
W088,209,2,0.16455696202531644,Violation,16.46
W088,210,1,0.4805194805194805,Right,48.05
W088,210,0,0.38961038961038963,Left,38.96
W088,210,2,0.12987012987012986,Violation,12.99
W088,211,1,0.39690721649484534,Right,39.69
W088,211,0,0.3402061855670103,Left,34.02
W088,211,2,0.26288659793814434,Violation,26.29
W088,212,1,0.42857142857142855,Right,42.86
W088,212,0,0.38,Left,38.0
W088,212,2,0.19142857142857142,Violation,19.14
W088,213,0,0.4434782608695652,Left,44.35
W088,213,1,0.3739130434782609,Right,37.39
W088,213,2,0.1826086956521739,Violation,18.26
W088,214,0,0.4473684210526316,Left,44.74
W088,214,1,0.3736842105263158,Right,37.37
W088,214,2,0.17894736842105263,Violation,17.89
W088,215,0,0.3742690058479532,Left,37.43
W088,215,1,0.3742690058479532,Right,37.43
W088,215,2,0.25146198830409355,Violation,25.15
W088,216,1,0.4080717488789238,Right,40.81
W088,216,0,0.3632286995515695,Left,36.32
W088,216,2,0.22869955156950672,Violation,22.87
W088,217,1,0.46794871794871795,Right,46.79
W088,217,0,0.358974358974359,Left,35.9
W088,217,2,0.17307692307692307,Violation,17.31
W088,218,0,0.45077720207253885,Left,45.08
W088,218,1,0.41450777202072536,Right,41.45
W088,218,2,0.13471502590673576,Violation,13.47
W088,219,0,0.4050632911392405,Left,40.51
W088,219,1,0.38396624472573837,Right,38.4
W088,219,2,0.2109704641350211,Violation,21.1
W088,220,1,0.42570281124497994,Right,42.57
W088,220,0,0.39759036144578314,Left,39.76
W088,220,2,0.17670682730923695,Violation,17.67
W088,221,1,0.4188034188034188,Right,41.88
W088,221,0,0.41452991452991456,Left,41.45
W088,221,2,0.16666666666666666,Violation,16.67
W088,222,0,0.45544554455445546,Left,45.54
W088,222,1,0.4282178217821782,Right,42.82
W088,222,2,0.11633663366336634,Violation,11.63
W088,223,1,0.4528301886792453,Right,45.28
W088,223,0,0.38207547169811323,Left,38.21
W088,223,2,0.1650943396226415,Violation,16.51
W088,224,1,0.44285714285714284,Right,44.29
W088,224,0,0.42142857142857143,Left,42.14
W088,224,2,0.1357142857142857,Violation,13.57
W088,225,1,0.4254278728606357,Right,42.54
W088,225,0,0.39853300733496333,Left,39.85
W088,225,2,0.17603911980440098,Violation,17.6
W088,226,1,0.44782608695652176,Right,44.78
W088,226,0,0.4434782608695652,Left,44.35
W088,226,2,0.10869565217391304,Violation,10.87
W088,227,0,0.4397905759162304,Left,43.98
W088,227,1,0.4293193717277487,Right,42.93
W088,227,2,0.13089005235602094,Violation,13.09
W088,228,0,0.4296028880866426,Left,42.96
W088,228,1,0.4296028880866426,Right,42.96
W088,228,2,0.1407942238267148,Violation,14.08
W088,229,1,0.4221105527638191,Right,42.21
W088,229,0,0.41708542713567837,Left,41.71
W088,229,2,0.16080402010050251,Violation,16.08
W088,230,1,0.38524590163934425,Right,38.52
W088,230,0,0.3524590163934426,Left,35.25
W088,230,2,0.26229508196721313,Violation,26.23
W088,231,1,0.4100418410041841,Right,41.0
W088,231,0,0.37656903765690375,Left,37.66
W088,231,2,0.21338912133891214,Violation,21.34
W088,232,1,0.4196078431372549,Right,41.96
W088,232,0,0.41568627450980394,Left,41.57
W088,232,2,0.16470588235294117,Violation,16.47
W088,233,0,0.4224137931034483,Left,42.24
W088,233,1,0.4224137931034483,Right,42.24
W088,233,2,0.15517241379310345,Violation,15.52
W088,234,0,0.4900662251655629,Left,49.01
W088,234,1,0.44370860927152317,Right,44.37
W088,234,2,0.06622516556291391,Violation,6.62
W088,235,0,0.43380281690140843,Left,43.38
W088,235,1,0.38591549295774646,Right,38.59
W088,235,2,0.18028169014084508,Violation,18.03
W088,236,0,0.4431137724550898,Left,44.31
W088,236,1,0.4311377245508982,Right,43.11
W088,236,2,0.12574850299401197,Violation,12.57
W088,237,1,0.43478260869565216,Right,43.48
W088,237,0,0.2898550724637681,Left,28.99
W088,237,2,0.2753623188405797,Violation,27.54
W088,238,0,0.4669260700389105,Left,46.69
W088,238,1,0.4163424124513619,Right,41.63
W088,238,2,0.11673151750972763,Violation,11.67
W088,239,1,0.43154761904761907,Right,43.15
W088,239,0,0.41964285714285715,Left,41.96
W088,239,2,0.1488095238095238,Violation,14.88
W088,240,1,0.4439252336448598,Right,44.39
W088,240,0,0.4252336448598131,Left,42.52
W088,240,2,0.1308411214953271,Violation,13.08
W088,241,0,0.40893470790378006,Left,40.89
W088,241,1,0.3745704467353952,Right,37.46
W088,241,2,0.21649484536082475,Violation,21.65
W088,242,1,0.4171656686626746,Right,41.72
W088,242,0,0.405189620758483,Left,40.52
W088,242,2,0.17764471057884232,Violation,17.76
W088,243,1,0.44610778443113774,Right,44.61
W088,243,0,0.4281437125748503,Left,42.81
W088,243,2,0.12574850299401197,Violation,12.57
W088,244,0,0.37735849056603776,Left,37.74
W088,244,1,0.37735849056603776,Right,37.74
W088,244,2,0.24528301886792453,Violation,24.53
W088,245,0,0.4406779661016949,Left,44.07
W088,245,1,0.4067796610169492,Right,40.68
W088,245,2,0.15254237288135594,Violation,15.25
W088,246,0,0.44166666666666665,Left,44.17
W088,246,1,0.425,Right,42.5
W088,246,2,0.13333333333333333,Violation,13.33
W088,247,0,0.4171779141104294,Left,41.72
W088,247,1,0.41411042944785276,Right,41.41
W088,247,2,0.1687116564417178,Violation,16.87
W088,248,0,0.453125,Left,45.31
W088,248,1,0.4114583333333333,Right,41.15
W088,248,2,0.13541666666666666,Violation,13.54
W088,249,0,0.43119266055045874,Left,43.12
W088,249,1,0.37155963302752293,Right,37.16
W088,249,2,0.19724770642201836,Violation,19.72
W088,250,0,0.4444444444444444,Left,44.44
W088,250,1,0.4305555555555556,Right,43.06
W088,250,2,0.125,Violation,12.5
W088,251,0,0.46441947565543074,Left,46.44
W088,251,1,0.40074906367041196,Right,40.07
W088,251,2,0.1348314606741573,Violation,13.48
W088,252,1,0.4417910447761194,Right,44.18
W088,252,0,0.373134328358209,Left,37.31
W088,252,2,0.18507462686567164,Violation,18.51
W088,253,0,0.42283298097251587,Left,42.28
W088,253,1,0.3763213530655391,Right,37.63
W088,253,2,0.20084566596194503,Violation,20.08
W088,254,1,0.44285714285714284,Right,44.29
W088,254,0,0.4238095238095238,Left,42.38
W088,254,2,0.13333333333333333,Violation,13.33
W088,255,1,0.41397849462365593,Right,41.4
W088,255,0,0.3655913978494624,Left,36.56
W088,255,2,0.22043010752688172,Violation,22.04
W088,256,1,0.48028673835125446,Right,48.03
W088,256,0,0.3906810035842294,Left,39.07
W088,256,2,0.12903225806451613,Violation,12.9
W088,257,0,0.43410852713178294,Left,43.41
W088,257,1,0.4069767441860465,Right,40.7
W088,257,2,0.15891472868217055,Violation,15.89
W088,258,0,0.4292929292929293,Left,42.93
W088,258,1,0.41414141414141414,Right,41.41
W088,258,2,0.15656565656565657,Violation,15.66
W088,259,1,0.42338709677419356,Right,42.34
W088,259,0,0.39919354838709675,Left,39.92
W088,259,2,0.1774193548387097,Violation,17.74
W088,260,0,0.43636363636363634,Left,43.64
W088,260,1,0.4,Right,40.0
W088,260,2,0.16363636363636364,Violation,16.36
W088,261,1,0.4231578947368421,Right,42.32
W088,261,0,0.4147368421052632,Left,41.47
W088,261,2,0.16210526315789472,Violation,16.21
W088,262,0,0.4260869565217391,Left,42.61
W088,262,1,0.41739130434782606,Right,41.74
W088,262,2,0.1565217391304348,Violation,15.65
W088,263,1,0.45217391304347826,Right,45.22
W088,263,0,0.3739130434782609,Left,37.39
W088,263,2,0.17391304347826086,Violation,17.39
W088,264,0,0.44047619047619047,Left,44.05
W088,264,1,0.4166666666666667,Right,41.67
W088,264,2,0.14285714285714285,Violation,14.29
W088,265,0,0.44954128440366975,Left,44.95
W088,265,1,0.3302752293577982,Right,33.03
W088,265,2,0.22018348623853212,Violation,22.02
W088,266,1,0.41626794258373206,Right,41.63
W088,266,0,0.41148325358851673,Left,41.15
W088,266,2,0.1722488038277512,Violation,17.22
W088,267,1,0.4557377049180328,Right,45.57
W088,267,0,0.42950819672131146,Left,42.95
W088,267,2,0.11475409836065574,Violation,11.48
W088,268,0,0.4630681818181818,Left,46.31
W088,268,1,0.39488636363636365,Right,39.49
W088,268,2,0.14204545454545456,Violation,14.2
W088,270,0,0.4279835390946502,Left,42.8
W088,270,1,0.37037037037037035,Right,37.04
W088,270,2,0.20164609053497942,Violation,20.16
W088,271,0,0.40609137055837563,Left,40.61
W088,271,1,0.3756345177664975,Right,37.56
W088,271,2,0.2182741116751269,Violation,21.83
W088,272,0,0.46496815286624205,Left,46.5
W088,272,1,0.4012738853503185,Right,40.13
W088,272,2,0.1337579617834395,Violation,13.38
W088,273,0,0.4489795918367347,Left,44.9
W088,273,1,0.3622448979591837,Right,36.22
W088,273,2,0.18877551020408162,Violation,18.88
W088,274,0,0.4,Left,40.0
W088,274,1,0.35172413793103446,Right,35.17
W088,274,2,0.2482758620689655,Violation,24.83
W088,275,0,0.4142857142857143,Left,41.43
W088,275,1,0.3523809523809524,Right,35.24
W088,275,2,0.23333333333333334,Violation,23.33
W088,276,1,0.45161290322580644,Right,45.16
W088,276,0,0.35023041474654376,Left,35.02
W088,276,2,0.19815668202764977,Violation,19.82
W088,277,0,0.4304635761589404,Left,43.05
W088,277,1,0.40397350993377484,Right,40.4
W088,277,2,0.16556291390728478,Violation,16.56
W088,278,1,0.448,Right,44.8
W088,278,0,0.388,Left,38.8
W088,278,2,0.164,Violation,16.4
W088,279,0,0.45614035087719296,Left,45.61
W088,279,1,0.35964912280701755,Right,35.96
W088,279,2,0.18421052631578946,Violation,18.42
W088,280,0,0.42616033755274263,Left,42.62
W088,280,1,0.3670886075949367,Right,36.71
W088,280,2,0.20675105485232068,Violation,20.68
W088,281,0,0.40074906367041196,Left,40.07
W088,281,1,0.38202247191011235,Right,38.2
W088,281,2,0.21722846441947566,Violation,21.72
W088,282,1,0.40594059405940597,Right,40.59
W088,282,0,0.39603960396039606,Left,39.6
W088,282,2,0.19801980198019803,Violation,19.8
W088,283,0,0.39555555555555555,Left,39.56
W088,283,1,0.37333333333333335,Right,37.33
W088,283,2,0.2311111111111111,Violation,23.11
W088,284,0,0.4084507042253521,Left,40.85
W088,284,1,0.36619718309859156,Right,36.62
W088,284,2,0.22535211267605634,Violation,22.54
W088,285,1,0.39285714285714285,Right,39.29
W088,285,0,0.3622448979591837,Left,36.22
W088,285,2,0.24489795918367346,Violation,24.49
W088,286,1,0.4148936170212766,Right,41.49
W088,286,0,0.3776595744680851,Left,37.77
W088,286,2,0.2074468085106383,Violation,20.74
W088,287,1,0.4017857142857143,Right,40.18
W088,287,0,0.39285714285714285,Left,39.29
W088,287,2,0.20535714285714285,Violation,20.54
W088,288,1,0.42789598108747046,Right,42.79
W088,288,0,0.39952718676122934,Left,39.95
W088,288,2,0.17257683215130024,Violation,17.26
W088,289,1,0.43440233236151604,Right,43.44
W088,289,0,0.4227405247813411,Left,42.27
W088,289,2,0.14285714285714285,Violation,14.29
W088,290,0,0.40408163265306124,Left,40.41
W088,290,1,0.4,Right,40.0
W088,290,2,0.19591836734693877,Violation,19.59
W088,291,0,0.41739130434782606,Left,41.74
W088,291,1,0.4028985507246377,Right,40.29
W088,291,2,0.17971014492753623,Violation,17.97
W088,292,0,0.42038216560509556,Left,42.04
W088,292,1,0.40445859872611467,Right,40.45
W088,292,2,0.1751592356687898,Violation,17.52
W088,293,1,0.4311377245508982,Right,43.11
W088,293,0,0.40718562874251496,Left,40.72
W088,293,2,0.16167664670658682,Violation,16.17
W088,294,0,0.4254658385093168,Left,42.55
W088,294,1,0.41304347826086957,Right,41.3
W088,294,2,0.16149068322981366,Violation,16.15
W088,295,1,0.4054669703872437,Right,40.55
W088,295,0,0.3826879271070615,Left,38.27
W088,295,2,0.21184510250569477,Violation,21.18
W088,296,1,0.43333333333333335,Right,43.33
W088,296,0,0.4022222222222222,Left,40.22
W088,296,2,0.16444444444444445,Violation,16.44
W088,297,0,0.40718562874251496,Left,40.72
W088,297,1,0.40119760479041916,Right,40.12
W088,297,2,0.19161676646706588,Violation,19.16
W088,298,1,0.432183908045977,Right,43.22
W088,298,0,0.3816091954022989,Left,38.16
W088,298,2,0.18620689655172415,Violation,18.62
W088,299,1,0.44591029023746703,Right,44.59
W088,299,0,0.40369393139841686,Left,40.37
W088,299,2,0.1503957783641161,Violation,15.04
W088,300,0,0.4459770114942529,Left,44.6
W088,300,1,0.4045977011494253,Right,40.46
W088,300,2,0.14942528735632185,Violation,14.94
W088,301,1,0.45012787723785164,Right,45.01
W088,301,0,0.4117647058823529,Left,41.18
W088,301,2,0.13810741687979539,Violation,13.81
W088,302,1,0.4398976982097187,Right,43.99
W088,302,0,0.40664961636828645,Left,40.66
W088,302,2,0.1534526854219949,Violation,15.35
W088,303,1,0.4,Right,40.0
W088,303,0,0.3940298507462687,Left,39.4
W088,303,2,0.20597014925373133,Violation,20.6
W088,304,1,0.4489795918367347,Right,44.9
W088,304,0,0.40561224489795916,Left,40.56
W088,304,2,0.14540816326530612,Violation,14.54
W088,306,1,0.4344262295081967,Right,43.44
W088,306,0,0.40437158469945356,Left,40.44
W088,306,2,0.16120218579234974,Violation,16.12
W088,307,1,0.41854636591478694,Right,41.85
W088,307,0,0.39849624060150374,Left,39.85
W088,307,2,0.18295739348370926,Violation,18.3
W088,308,0,0.44963144963144963,Left,44.96
W088,308,1,0.40294840294840295,Right,40.29
W088,308,2,0.14742014742014742,Violation,14.74
W088,309,0,0.44814814814814813,Left,44.81
W088,309,1,0.4111111111111111,Right,41.11
W088,309,2,0.14074074074074075,Violation,14.07
W088,310,1,0.4432314410480349,Right,44.32
W088,310,0,0.4410480349344978,Left,44.1
W088,310,2,0.11572052401746726,Violation,11.57
W088,311,0,0.3424657534246575,Left,34.25
W088,311,1,0.3287671232876712,Right,32.88
W088,311,2,0.3287671232876712,Violation,32.88
W088,312,0,0.43870967741935485,Left,43.87
W088,312,1,0.3419354838709677,Right,34.19
W088,312,2,0.21935483870967742,Violation,21.94
W088,313,0,0.43492063492063493,Left,43.49
W088,313,1,0.36507936507936506,Right,36.51
W088,313,2,0.2,Violation,20.0
W088,314,1,0.39361702127659576,Right,39.36
W088,314,0,0.3723404255319149,Left,37.23
W088,314,2,0.23404255319148937,Violation,23.4
W088,315,0,0.44609665427509293,Left,44.61
W088,315,1,0.4163568773234201,Right,41.64
W088,315,2,0.137546468401487,Violation,13.75
W088,316,0,0.44244604316546765,Left,44.24
W088,316,1,0.381294964028777,Right,38.13
W088,316,2,0.17625899280575538,Violation,17.63
W088,317,0,0.42950108459869846,Left,42.95
W088,317,1,0.36225596529284165,Right,36.23
W088,317,2,0.20824295010845986,Violation,20.82
W088,318,1,0.4066390041493776,Right,40.66
W088,318,0,0.34854771784232363,Left,34.85
W088,318,2,0.24481327800829875,Violation,24.48
W088,319,1,0.3829787234042553,Right,38.3
W088,319,0,0.3262411347517731,Left,32.62
W088,319,2,0.2907801418439716,Violation,29.08
W088,320,1,0.42513368983957217,Right,42.51
W088,320,0,0.3663101604278075,Left,36.63
W088,320,2,0.20855614973262032,Violation,20.86
W088,321,1,0.41509433962264153,Right,41.51
W088,321,0,0.36556603773584906,Left,36.56
W088,321,2,0.21933962264150944,Violation,21.93
W088,322,1,0.42513368983957217,Right,42.51
W088,322,0,0.393048128342246,Left,39.3
W088,322,2,0.18181818181818182,Violation,18.18
W088,323,0,0.4247787610619469,Left,42.48
W088,323,1,0.415929203539823,Right,41.59
W088,323,2,0.1592920353982301,Violation,15.93
W088,324,1,0.4197952218430034,Right,41.98
W088,324,0,0.378839590443686,Left,37.88
W088,324,2,0.20136518771331058,Violation,20.14
W088,325,1,0.4108352144469526,Right,41.08
W088,325,0,0.3905191873589165,Left,39.05
W088,325,2,0.1986455981941309,Violation,19.86
W088,326,1,0.4233409610983982,Right,42.33
W088,326,0,0.41189931350114417,Left,41.19
W088,326,2,0.16475972540045766,Violation,16.48
W088,327,0,0.4666666666666667,Left,46.67
W088,327,1,0.4026666666666667,Right,40.27
W088,327,2,0.13066666666666665,Violation,13.07
W088,328,0,0.4166666666666667,Left,41.67
W088,328,1,0.4105691056910569,Right,41.06
W088,328,2,0.17276422764227642,Violation,17.28
W088,329,0,0.386986301369863,Left,38.7
W088,329,1,0.386986301369863,Right,38.7
W088,329,2,0.22602739726027396,Violation,22.6
W088,330,1,0.41338582677165353,Right,41.34
W088,330,0,0.3858267716535433,Left,38.58
W088,330,2,0.20078740157480315,Violation,20.08
W088,331,0,0.4262948207171315,Left,42.63
W088,331,1,0.4163346613545817,Right,41.63
W088,331,2,0.15737051792828685,Violation,15.74
W088,332,0,0.4263959390862944,Left,42.64
W088,332,1,0.42385786802030456,Right,42.39
W088,332,2,0.14974619289340102,Violation,14.97
W088,333,1,0.4679144385026738,Right,46.79
W088,333,0,0.3770053475935829,Left,37.7
W088,333,2,0.15508021390374332,Violation,15.51
W088,334,0,0.38943894389438943,Left,38.94
W088,334,1,0.38283828382838286,Right,38.28
W088,334,2,0.22772277227722773,Violation,22.77
W088,335,1,0.3993055555555556,Right,39.93
W088,335,0,0.3645833333333333,Left,36.46
W088,335,2,0.2361111111111111,Violation,23.61
W088,336,0,0.3776595744680851,Left,37.77
W088,336,1,0.35638297872340424,Right,35.64
W088,336,2,0.26595744680851063,Violation,26.6
W088,337,0,0.41216216216216217,Left,41.22
W088,337,1,0.3952702702702703,Right,39.53
W088,337,2,0.19256756756756757,Violation,19.26
W088,338,0,0.4224137931034483,Left,42.24
W088,338,1,0.3333333333333333,Right,33.33
W088,338,2,0.2442528735632184,Violation,24.43
W088,339,1,0.4473684210526316,Right,44.74
W088,339,0,0.40350877192982454,Left,40.35
W088,339,2,0.14912280701754385,Violation,14.91
W088,340,1,0.4332344213649852,Right,43.32
W088,340,0,0.40059347181008903,Left,40.06
W088,340,2,0.1661721068249258,Violation,16.62
W088,341,0,0.4180929095354523,Left,41.81
W088,341,1,0.4083129584352078,Right,40.83
W088,341,2,0.17359413202933985,Violation,17.36
W088,342,1,0.4367816091954023,Right,43.68
W088,342,0,0.43448275862068964,Left,43.45
W088,342,2,0.12873563218390804,Violation,12.87
W088,343,1,0.42567567567567566,Right,42.57
W088,343,0,0.38513513513513514,Left,38.51
W088,343,2,0.1891891891891892,Violation,18.92
W088,344,0,0.43478260869565216,Left,43.48
W088,344,1,0.40217391304347827,Right,40.22
W088,344,2,0.16304347826086957,Violation,16.3
W088,345,0,0.422279792746114,Left,42.23
W088,345,1,0.4067357512953368,Right,40.67
W088,345,2,0.17098445595854922,Violation,17.1
W088,346,0,0.43990384615384615,Left,43.99
W088,346,1,0.4326923076923077,Right,43.27
W088,346,2,0.12740384615384615,Violation,12.74
W088,347,1,0.4110032362459547,Right,41.1
W088,347,0,0.4045307443365696,Left,40.45
W088,347,2,0.18446601941747573,Violation,18.45
W088,348,1,0.43917525773195876,Right,43.92
W088,348,0,0.422680412371134,Left,42.27
W088,348,2,0.13814432989690723,Violation,13.81
W088,349,1,0.4058679706601467,Right,40.59
W088,349,0,0.39364303178484106,Left,39.36
W088,349,2,0.20048899755501223,Violation,20.05
W088,350,1,0.4380952380952381,Right,43.81
W088,350,0,0.4114285714285714,Left,41.14
W088,350,2,0.15047619047619049,Violation,15.05
W088,351,0,0.4194690265486726,Left,41.95
W088,351,1,0.4176991150442478,Right,41.77
W088,351,2,0.16283185840707964,Violation,16.28
W088,352,0,0.423444976076555,Left,42.34
W088,352,1,0.4043062200956938,Right,40.43
W088,352,2,0.1722488038277512,Violation,17.22
W088,353,0,0.47398843930635837,Left,47.4
W088,353,1,0.3554913294797688,Right,35.55
W088,353,2,0.17052023121387283,Violation,17.05
W088,354,0,0.46710526315789475,Left,46.71
W088,354,1,0.42105263157894735,Right,42.11
W088,354,2,0.1118421052631579,Violation,11.18
W088,355,1,0.40417457305502846,Right,40.42
W088,355,0,0.3984819734345351,Left,39.85
W088,355,2,0.19734345351043645,Violation,19.73
W088,356,0,0.45129224652087474,Left,45.13
W088,356,1,0.3856858846918489,Right,38.57
W088,356,2,0.16302186878727634,Violation,16.3
W088,357,1,0.40877598152424943,Right,40.88
W088,357,0,0.3833718244803695,Left,38.34
W088,357,2,0.20785219399538107,Violation,20.79
W088,358,1,0.3509933774834437,Right,35.1
W088,358,0,0.33774834437086093,Left,33.77
W088,358,2,0.31125827814569534,Violation,31.13
W088,359,1,0.42377260981912146,Right,42.38
W088,359,0,0.4005167958656331,Left,40.05
W088,359,2,0.17571059431524547,Violation,17.57
W088,360,0,0.42021276595744683,Left,42.02
W088,360,1,0.3723404255319149,Right,37.23
W088,360,2,0.2074468085106383,Violation,20.74
W088,361,0,0.45217391304347826,Left,45.22
W088,361,1,0.33043478260869563,Right,33.04
W088,361,2,0.21739130434782608,Violation,21.74
W088,362,1,0.43155452436194897,Right,43.16
W088,362,0,0.42923433874709976,Left,42.92
W088,362,2,0.13921113689095127,Violation,13.92
W088,363,1,0.4372093023255814,Right,43.72
W088,363,0,0.4046511627906977,Left,40.47
W088,363,2,0.15813953488372093,Violation,15.81
W088,364,0,0.44015444015444016,Left,44.02
W088,364,1,0.3938223938223938,Right,39.38
W088,364,2,0.16602316602316602,Violation,16.6
W088,365,0,0.4597014925373134,Left,45.97
W088,365,1,0.3522388059701492,Right,35.22
W088,365,2,0.1880597014925373,Violation,18.81
W088,366,0,0.4175824175824176,Left,41.76
W088,366,1,0.39285714285714285,Right,39.29
W088,366,2,0.18956043956043955,Violation,18.96
W088,367,1,0.43870967741935485,Right,43.87
W088,367,0,0.3935483870967742,Left,39.35
W088,367,2,0.16774193548387098,Violation,16.77
W088,368,1,0.42349726775956287,Right,42.35
W088,368,0,0.40710382513661203,Left,40.71
W088,368,2,0.16939890710382513,Violation,16.94
W088,369,0,0.44,Left,44.0
W088,369,1,0.38666666666666666,Right,38.67
W088,369,2,0.17333333333333334,Violation,17.33
W088,370,0,0.45110410094637227,Left,45.11
W088,370,1,0.3312302839116719,Right,33.12
W088,370,2,0.21766561514195584,Violation,21.77
W088,371,0,0.4196185286103542,Left,41.96
W088,371,1,0.4114441416893733,Right,41.14
W088,371,2,0.16893732970027248,Violation,16.89
W088,372,1,0.4180602006688963,Right,41.81
W088,372,0,0.411371237458194,Left,41.14
W088,372,2,0.1705685618729097,Violation,17.06
W088,373,1,0.4421768707482993,Right,44.22
W088,373,0,0.3832199546485261,Left,38.32
W088,373,2,0.1746031746031746,Violation,17.46
W088,374,0,0.4609375,Left,46.09
W088,374,1,0.423828125,Right,42.38
W088,374,2,0.115234375,Violation,11.52
W088,375,1,0.45382585751978893,Right,45.38
W088,375,0,0.39313984168865435,Left,39.31
W088,375,2,0.15303430079155672,Violation,15.3
W088,376,0,0.45213849287169044,Left,45.21
W088,376,1,0.41140529531568226,Right,41.14
W088,376,2,0.1364562118126273,Violation,13.65
W088,377,0,0.4430693069306931,Left,44.31
W088,377,1,0.400990099009901,Right,40.1
W088,377,2,0.15594059405940594,Violation,15.59
W088,378,0,0.4561933534743202,Left,45.62
W088,378,1,0.40483383685800606,Right,40.48
W088,378,2,0.13897280966767372,Violation,13.9
W088,379,0,0.4753623188405797,Left,47.54
W088,379,1,0.4260869565217391,Right,42.61
W088,379,2,0.09855072463768116,Violation,9.86
W088,380,1,0.42857142857142855,Right,42.86
W088,380,0,0.41836734693877553,Left,41.84
W088,380,2,0.15306122448979592,Violation,15.31
W088,381,0,0.4484536082474227,Left,44.85
W088,381,1,0.31958762886597936,Right,31.96
W088,381,2,0.23195876288659795,Violation,23.2
W088,382,0,0.4428794992175274,Left,44.29
W088,382,1,0.4194053208137715,Right,41.94
W088,382,2,0.13771517996870108,Violation,13.77
W088,383,1,0.41353383458646614,Right,41.35
W088,383,0,0.39097744360902253,Left,39.1
W088,383,2,0.19548872180451127,Violation,19.55
W088,384,1,0.45584725536992843,Right,45.58
W088,384,0,0.3794749403341289,Left,37.95
W088,384,2,0.16467780429594273,Violation,16.47
W088,385,1,0.47743467933491684,Right,47.74
W088,385,0,0.42755344418052255,Left,42.76
W088,385,2,0.09501187648456057,Violation,9.5
W088,386,1,0.4217391304347826,Right,42.17
W088,386,0,0.39565217391304347,Left,39.57
W088,386,2,0.1826086956521739,Violation,18.26
W088,387,0,0.44504504504504505,Left,44.5
W088,387,1,0.42702702702702705,Right,42.7
W088,387,2,0.12792792792792793,Violation,12.79
W088,388,0,0.43376623376623374,Left,43.38
W088,388,1,0.42597402597402595,Right,42.6
W088,388,2,0.14025974025974025,Violation,14.03
W088,389,1,0.43775933609958506,Right,43.78
W088,389,0,0.4149377593360996,Left,41.49
W088,389,2,0.14730290456431536,Violation,14.73
W088,390,1,0.45146726862302483,Right,45.15
W088,390,0,0.3972911963882618,Left,39.73
W088,390,2,0.15124153498871332,Violation,15.12
W088,391,1,0.4578313253012048,Right,45.78
W088,391,0,0.4357429718875502,Left,43.57
W088,391,2,0.10642570281124498,Violation,10.64
W088,392,0,0.42722117202268434,Left,42.72
W088,392,1,0.42533081285444235,Right,42.53
W088,392,2,0.14744801512287334,Violation,14.74
W088,393,1,0.4431554524361949,Right,44.32
W088,393,0,0.4176334106728538,Left,41.76
W088,393,2,0.13921113689095127,Violation,13.92
W088,394,1,0.43231441048034935,Right,43.23
W088,394,0,0.37117903930131,Left,37.12
W088,394,2,0.1965065502183406,Violation,19.65
W088,395,0,0.4586894586894587,Left,45.87
W088,395,1,0.4131054131054131,Right,41.31
W088,395,2,0.1282051282051282,Violation,12.82
W088,396,0,0.4439140811455847,Left,44.39
W088,396,1,0.4105011933174224,Right,41.05
W088,396,2,0.14558472553699284,Violation,14.56
W088,397,1,0.4117647058823529,Right,41.18
W088,397,0,0.3941176470588235,Left,39.41
W088,397,2,0.19411764705882353,Violation,19.41
W088,398,0,0.44587628865979384,Left,44.59
W088,398,1,0.38402061855670105,Right,38.4
W088,398,2,0.17010309278350516,Violation,17.01
W088,399,1,0.4327354260089686,Right,43.27
W088,399,0,0.4080717488789238,Left,40.81
W088,399,2,0.1591928251121076,Violation,15.92
W088,400,0,0.43567251461988304,Left,43.57
W088,400,1,0.4064327485380117,Right,40.64
W088,400,2,0.15789473684210525,Violation,15.79
W088,401,1,0.4342857142857143,Right,43.43
W088,401,0,0.4228571428571429,Left,42.29
W088,401,2,0.14285714285714285,Violation,14.29
W088,402,1,0.45981308411214955,Right,45.98
W088,402,0,0.40373831775700936,Left,40.37
W088,402,2,0.13644859813084112,Violation,13.64
W088,403,0,0.47619047619047616,Left,47.62
W088,403,1,0.41904761904761906,Right,41.9
W088,403,2,0.10476190476190476,Violation,10.48
W088,404,0,0.3942652329749104,Left,39.43
W088,404,1,0.3548387096774194,Right,35.48
W088,404,2,0.25089605734767023,Violation,25.09
W088,405,0,0.36231884057971014,Left,36.23
W088,405,2,0.3333333333333333,Violation,33.33
W088,405,1,0.30434782608695654,Right,30.43
W088,406,0,0.4012345679012346,Left,40.12
W088,406,1,0.345679012345679,Right,34.57
W088,406,2,0.25308641975308643,Violation,25.31
W088,407,0,0.4340836012861736,Left,43.41
W088,407,1,0.42765273311897106,Right,42.77
W088,407,2,0.1382636655948553,Violation,13.83
W088,408,0,0.45569620253164556,Left,45.57
W088,408,1,0.379746835443038,Right,37.97
W088,408,2,0.16455696202531644,Violation,16.46
W088,409,0,0.46381578947368424,Left,46.38
W088,409,1,0.40789473684210525,Right,40.79
W088,409,2,0.12828947368421054,Violation,12.83
W088,410,0,0.4459016393442623,Left,44.59
W088,410,1,0.40327868852459015,Right,40.33
W088,410,2,0.15081967213114755,Violation,15.08
W088,411,1,0.4,Right,40.0
W088,411,0,0.3485714285714286,Left,34.86
W088,411,2,0.25142857142857145,Violation,25.14
W088,412,0,0.44525547445255476,Left,44.53
W088,412,1,0.3759124087591241,Right,37.59
W088,412,2,0.17883211678832117,Violation,17.88
W088,413,1,0.44129554655870445,Right,44.13
W088,413,0,0.4048582995951417,Left,40.49
W088,413,2,0.15384615384615385,Violation,15.38
W088,414,1,0.46616541353383456,Right,46.62
W088,414,0,0.42105263157894735,Left,42.11
W088,414,2,0.11278195488721804,Violation,11.28
W088,415,0,0.41044776119402987,Left,41.04
W088,415,1,0.39925373134328357,Right,39.93
W088,415,2,0.19029850746268656,Violation,19.03
W088,416,0,0.4239766081871345,Left,42.4
W088,416,1,0.42105263157894735,Right,42.11
W088,416,2,0.15497076023391812,Violation,15.5
W088,417,1,0.4444444444444444,Right,44.44
W088,417,0,0.4208754208754209,Left,42.09
W088,417,2,0.13468013468013468,Violation,13.47
W088,418,1,0.4407894736842105,Right,44.08
W088,418,0,0.42105263157894735,Left,42.11
W088,418,2,0.13815789473684212,Violation,13.82
W088,419,1,0.42105263157894735,Right,42.11
W088,419,0,0.40131578947368424,Left,40.13
W088,419,2,0.17763157894736842,Violation,17.76
W088,420,0,0.44654088050314467,Left,44.65
W088,420,1,0.3522012578616352,Right,35.22
W088,420,2,0.20125786163522014,Violation,20.13
W088,421,0,0.43568464730290457,Left,43.57
W088,421,1,0.4190871369294606,Right,41.91
W088,421,2,0.14522821576763487,Violation,14.52
W088,422,1,0.45058139534883723,Right,45.06
W088,422,0,0.40988372093023256,Left,40.99
W088,422,2,0.13953488372093023,Violation,13.95
W088,423,1,0.46545454545454545,Right,46.55
W088,423,0,0.38545454545454544,Left,38.55
W088,423,2,0.14909090909090908,Violation,14.91
W088,424,1,0.45263157894736844,Right,45.26
W088,424,0,0.3736842105263158,Left,37.37
W088,424,2,0.1736842105263158,Violation,17.37
W088,425,1,0.44242424242424244,Right,44.24
W088,425,0,0.4,Left,40.0
W088,425,2,0.15757575757575756,Violation,15.76
W088,426,0,0.4670487106017192,Left,46.7
W088,426,1,0.3753581661891118,Right,37.54
W088,426,2,0.15759312320916904,Violation,15.76
W088,427,0,0.4727272727272727,Left,47.27
W088,427,1,0.3515151515151515,Right,35.15
W088,427,2,0.17575757575757575,Violation,17.58
W088,428,1,0.4015151515151515,Right,40.15
W088,428,0,0.32575757575757575,Left,32.58
W088,428,2,0.2727272727272727,Violation,27.27
W088,429,2,0.45588235294117646,Violation,45.59
W088,429,1,0.3088235294117647,Right,30.88
W088,429,0,0.23529411764705882,Left,23.53
W088,431,0,0.4074074074074074,Left,40.74
W088,431,1,0.37037037037037035,Right,37.04
W088,431,2,0.2222222222222222,Violation,22.22
W088,432,0,0.38738738738738737,Left,38.74
W088,432,1,0.35135135135135137,Right,35.14
W088,432,2,0.26126126126126126,Violation,26.13
W088,433,1,0.40186915887850466,Right,40.19
W088,433,0,0.3644859813084112,Left,36.45
W088,433,2,0.2336448598130841,Violation,23.36
W088,434,0,0.4260089686098655,Left,42.6
W088,434,1,0.37668161434977576,Right,37.67
W088,434,2,0.19730941704035873,Violation,19.73
W088,435,1,0.47146401985111663,Right,47.15
W088,435,0,0.41935483870967744,Left,41.94
W088,435,2,0.10918114143920596,Violation,10.92
W088,436,1,0.43427230046948356,Right,43.43
W088,436,0,0.4295774647887324,Left,42.96
W088,436,2,0.13615023474178403,Violation,13.62
W088,437,1,0.44986449864498645,Right,44.99
W088,437,0,0.4281842818428184,Left,42.82
W088,437,2,0.12195121951219512,Violation,12.2
W088,438,1,0.458128078817734,Right,45.81
W088,438,0,0.39901477832512317,Left,39.9
W088,438,2,0.14285714285714285,Violation,14.29
W088,439,0,0.4007936507936508,Left,40.08
W088,439,1,0.3968253968253968,Right,39.68
W088,439,2,0.20238095238095238,Violation,20.24
W088,440,0,0.4187866927592955,Left,41.88
W088,440,1,0.3933463796477495,Right,39.33
W088,440,2,0.18786692759295498,Violation,18.79
W088,441,0,0.4585492227979275,Left,45.85
W088,441,1,0.41450777202072536,Right,41.45
W088,441,2,0.12694300518134716,Violation,12.69
W088,442,1,0.4779116465863454,Right,47.79
W088,442,0,0.43373493975903615,Left,43.37
W088,442,2,0.08835341365461848,Violation,8.84
W088,443,1,0.4327485380116959,Right,43.27
W088,443,0,0.391812865497076,Left,39.18
W088,443,2,0.17543859649122806,Violation,17.54
W088,444,0,0.42803030303030304,Left,42.8
W088,444,1,0.4166666666666667,Right,41.67
W088,444,2,0.1553030303030303,Violation,15.53
W088,445,1,0.4376130198915009,Right,43.76
W088,445,0,0.43037974683544306,Left,43.04
W088,445,2,0.13200723327305605,Violation,13.2
W088,446,1,0.4014778325123153,Right,40.15
W088,446,0,0.37438423645320196,Left,37.44
W088,446,2,0.22413793103448276,Violation,22.41
W088,447,1,0.4358974358974359,Right,43.59
W088,447,0,0.43356643356643354,Left,43.36
W088,447,2,0.13053613053613053,Violation,13.05
W088,448,1,0.4424778761061947,Right,44.25
W088,448,0,0.4358407079646018,Left,43.58
W088,448,2,0.12168141592920353,Violation,12.17
W088,449,1,0.4119601328903654,Right,41.2
W088,449,0,0.39867109634551495,Left,39.87
W088,449,2,0.1893687707641196,Violation,18.94
W088,450,2,0.8205128205128205,Violation,82.05
W088,450,1,0.10256410256410256,Right,10.26
W088,450,0,0.07692307692307693,Left,7.69
W088,452,2,0.3991031390134529,Violation,39.91
W088,452,0,0.3094170403587444,Left,30.94
W088,452,1,0.2914798206278027,Right,29.15
W088,453,1,0.4289772727272727,Right,42.9
W088,453,0,0.39204545454545453,Left,39.2
W088,453,2,0.17897727272727273,Violation,17.9
W088,454,0,0.4365781710914454,Left,43.66
W088,454,1,0.41887905604719766,Right,41.89
W088,454,2,0.14454277286135694,Violation,14.45
W088,455,0,0.43869209809264303,Left,43.87
W088,455,1,0.4359673024523161,Right,43.6
W088,455,2,0.12534059945504086,Violation,12.53
W088,456,0,0.4251497005988024,Left,42.51
W088,456,1,0.4101796407185629,Right,41.02
W088,456,2,0.16467065868263472,Violation,16.47
W088,457,0,0.4412878787878788,Left,44.13
W088,457,1,0.42045454545454547,Right,42.05
W088,457,2,0.13825757575757575,Violation,13.83
W088,458,1,0.36046511627906974,Right,36.05
W088,458,0,0.3372093023255814,Left,33.72
W088,458,2,0.3023255813953488,Violation,30.23
W088,459,0,0.4166666666666667,Left,41.67
W088,459,1,0.3480392156862745,Right,34.8
W088,459,2,0.23529411764705882,Violation,23.53
W088,460,1,0.4352517985611511,Right,43.53
W088,460,0,0.4316546762589928,Left,43.17
W088,460,2,0.13309352517985612,Violation,13.31
W088,461,1,0.42191780821917807,Right,42.19
W088,461,0,0.40821917808219177,Left,40.82
W088,461,2,0.16986301369863013,Violation,16.99
W088,462,1,0.435,Right,43.5
W088,462,0,0.415,Left,41.5
W088,462,2,0.15,Violation,15.0
W088,463,0,0.42174629324546953,Left,42.17
W088,463,1,0.4135090609555189,Right,41.35
W088,463,2,0.16474464579901152,Violation,16.47
W088,464,1,0.4346456692913386,Right,43.46
W088,464,0,0.3968503937007874,Left,39.69
W088,464,2,0.16850393700787403,Violation,16.85
W088,465,1,0.4519230769230769,Right,45.19
W088,465,0,0.41346153846153844,Left,41.35
W088,465,2,0.1346153846153846,Violation,13.46
W088,466,1,0.45149253731343286,Right,45.15
W088,466,0,0.3880597014925373,Left,38.81
W088,466,2,0.16044776119402984,Violation,16.04
W088,467,1,0.4444444444444444,Right,44.44
W088,467,0,0.4393162393162393,Left,43.93
W088,467,2,0.11623931623931624,Violation,11.62
W088,468,1,0.45166959578207383,Right,45.17
W088,468,0,0.43409490333919154,Left,43.41
W088,468,2,0.11423550087873462,Violation,11.42
W088,469,1,0.43349753694581283,Right,43.35
W088,469,0,0.4039408866995074,Left,40.39
W088,469,2,0.1625615763546798,Violation,16.26
W088,470,0,0.47079037800687284,Left,47.08
W088,470,1,0.3951890034364261,Right,39.52
W088,470,2,0.13402061855670103,Violation,13.4
W088,471,1,0.44320712694877507,Right,44.32
W088,471,0,0.40311804008908686,Left,40.31
W088,471,2,0.15367483296213807,Violation,15.37
W088,472,1,0.42649434571890144,Right,42.65
W088,472,0,0.42164781906300486,Left,42.16
W088,472,2,0.1518578352180937,Violation,15.19
W088,473,1,0.4112478031634446,Right,41.12
W088,473,0,0.4094903339191564,Left,40.95
W088,473,2,0.17926186291739896,Violation,17.93
W088,474,0,0.40711462450592883,Left,40.71
W088,474,1,0.3893280632411067,Right,38.93
W088,474,2,0.20355731225296442,Violation,20.36
W088,475,0,0.3906633906633907,Left,39.07
W088,475,1,0.3144963144963145,Right,31.45
W088,475,2,0.29484029484029484,Violation,29.48
W088,476,0,0.3981818181818182,Left,39.82
W088,476,1,0.3563636363636364,Right,35.64
W088,476,2,0.24545454545454545,Violation,24.55
W088,477,1,0.4328018223234624,Right,43.28
W088,477,0,0.4191343963553531,Left,41.91
W088,477,2,0.1480637813211845,Violation,14.81
W088,478,1,0.39579349904397704,Right,39.58
W088,478,0,0.3881453154875717,Left,38.81
W088,478,2,0.21606118546845124,Violation,21.61
W088,479,0,0.4358974358974359,Left,43.59
W088,479,1,0.38974358974358975,Right,38.97
W088,479,2,0.17435897435897435,Violation,17.44
W088,480,1,0.40894568690095845,Right,40.89
W088,480,0,0.3769968051118211,Left,37.7
W088,480,2,0.21405750798722045,Violation,21.41
W088,481,0,0.41648106904231624,Left,41.65
W088,481,1,0.4142538975501114,Right,41.43
W088,481,2,0.16926503340757237,Violation,16.93
W088,482,1,0.39959016393442626,Right,39.96
W088,482,0,0.39344262295081966,Left,39.34
W088,482,2,0.2069672131147541,Violation,20.7
W088,483,1,0.41682242990654206,Right,41.68
W088,483,0,0.39065420560747666,Left,39.07
W088,483,2,0.1925233644859813,Violation,19.25
W088,484,0,0.41025641025641024,Left,41.03
W088,484,1,0.38461538461538464,Right,38.46
W088,484,2,0.20512820512820512,Violation,20.51
W088,485,1,0.3785310734463277,Right,37.85
W088,485,0,0.3691148775894539,Left,36.91
W088,485,2,0.2523540489642185,Violation,25.24
W088,486,0,0.4245810055865922,Left,42.46
W088,486,1,0.38733705772811916,Right,38.73
W088,486,2,0.18808193668528864,Violation,18.81
W088,487,1,0.4138817480719794,Right,41.39
W088,487,0,0.35989717223650386,Left,35.99
W088,487,2,0.2262210796915167,Violation,22.62
W088,488,0,0.4279176201372998,Left,42.79
W088,488,1,0.41876430205949655,Right,41.88
W088,488,2,0.15331807780320367,Violation,15.33
W088,489,1,0.4316831683168317,Right,43.17
W088,489,0,0.3722772277227723,Left,37.23
W088,489,2,0.19603960396039605,Violation,19.6
W088,490,0,0.4343629343629344,Left,43.44
W088,490,1,0.38996138996138996,Right,39.0
W088,490,2,0.17567567567567569,Violation,17.57
W088,491,0,0.4734848484848485,Left,47.35
W088,491,1,0.4109848484848485,Right,41.1
W088,491,2,0.11553030303030302,Violation,11.55
W088,492,1,0.42168674698795183,Right,42.17
W088,492,0,0.3783132530120482,Left,37.83
W088,492,2,0.2,Violation,20.0
W088,493,0,0.4077079107505071,Left,40.77
W088,493,1,0.3894523326572008,Right,38.95
W088,493,2,0.2028397565922921,Violation,20.28
W088,494,1,0.3951219512195122,Right,39.51
W088,494,0,0.3829268292682927,Left,38.29
W088,494,2,0.22195121951219512,Violation,22.2
W088,495,1,0.397212543554007,Right,39.72
W088,495,0,0.37282229965156793,Left,37.28
W088,495,2,0.22996515679442509,Violation,23.0
W088,496,0,0.3956692913385827,Left,39.57
W088,496,1,0.3956692913385827,Right,39.57
W088,496,2,0.20866141732283464,Violation,20.87
W088,497,1,0.4358974358974359,Right,43.59
W088,497,0,0.37606837606837606,Left,37.61
W088,497,2,0.18803418803418803,Violation,18.8
W088,498,1,0.42424242424242425,Right,42.42
W088,498,0,0.3996212121212121,Left,39.96
W088,498,2,0.17613636363636365,Violation,17.61
W088,499,1,0.42105263157894735,Right,42.11
W088,499,0,0.3875598086124402,Left,38.76
W088,499,2,0.19138755980861244,Violation,19.14
W088,500,1,0.41679160419790107,Right,41.68
W088,500,0,0.41379310344827586,Left,41.38
W088,500,2,0.16941529235382308,Violation,16.94
W088,501,0,0.3870967741935484,Left,38.71
W088,501,1,0.3870967741935484,Right,38.71
W088,501,2,0.22580645161290322,Violation,22.58
W088,502,0,0.42010771992818674,Left,42.01
W088,502,1,0.3770197486535009,Right,37.7
W088,502,2,0.20287253141831238,Violation,20.29
W088,503,0,0.41402714932126694,Left,41.4
W088,503,1,0.3914027149321267,Right,39.14
W088,503,2,0.19457013574660634,Violation,19.46
W088,504,1,0.4151376146788991,Right,41.51
W088,504,0,0.3830275229357798,Left,38.3
W088,504,2,0.2018348623853211,Violation,20.18
W088,505,2,0.38235294117647056,Violation,38.24
W088,505,1,0.37058823529411766,Right,37.06
W088,505,0,0.24705882352941178,Left,24.71
W088,506,0,0.4166666666666667,Left,41.67
W088,506,1,0.3625,Right,36.25
W088,506,2,0.22083333333333333,Violation,22.08
W088,507,2,0.46551724137931033,Violation,46.55
W088,507,0,0.27586206896551724,Left,27.59
W088,507,1,0.25862068965517243,Right,25.86
W088,508,1,0.38132295719844356,Right,38.13
W088,508,0,0.33852140077821014,Left,33.85
W088,508,2,0.2801556420233463,Violation,28.02
W088,509,1,0.40160642570281124,Right,40.16
W088,509,0,0.3413654618473896,Left,34.14
W088,509,2,0.2570281124497992,Violation,25.7
W088,510,0,0.4249084249084249,Left,42.49
W088,510,1,0.38461538461538464,Right,38.46
W088,510,2,0.19047619047619047,Violation,19.05
W088,511,0,0.37566137566137564,Left,37.57
W088,511,1,0.37037037037037035,Right,37.04
W088,511,2,0.25396825396825395,Violation,25.4
W088,512,0,0.3798076923076923,Left,37.98
W088,512,1,0.34615384615384615,Right,34.62
W088,512,2,0.27403846153846156,Violation,27.4
W088,513,0,0.39488636363636365,Left,39.49
W088,513,1,0.35795454545454547,Right,35.8
W088,513,2,0.2471590909090909,Violation,24.72
W088,514,0,0.4387755102040816,Left,43.88
W088,514,1,0.41156462585034015,Right,41.16
W088,514,2,0.14965986394557823,Violation,14.97
W088,515,0,0.39664804469273746,Left,39.66
W088,515,1,0.34916201117318435,Right,34.92
W088,515,2,0.2541899441340782,Violation,25.42
W088,516,1,0.3741935483870968,Right,37.42
W088,516,0,0.36774193548387096,Left,36.77
W088,516,2,0.25806451612903225,Violation,25.81
W088,517,0,0.36245954692556637,Left,36.25
W088,517,1,0.3333333333333333,Right,33.33
W088,517,2,0.3042071197411003,Violation,30.42
W088,518,0,0.47041420118343197,Left,47.04
W088,518,1,0.3875739644970414,Right,38.76
W088,518,2,0.14201183431952663,Violation,14.2
W088,519,1,0.4129032258064516,Right,41.29
W088,519,0,0.3870967741935484,Left,38.71
W088,519,2,0.2,Violation,20.0
W088,520,1,0.4090909090909091,Right,40.91
W088,520,0,0.3951048951048951,Left,39.51
W088,520,2,0.1958041958041958,Violation,19.58
W088,521,0,0.4277286135693215,Left,42.77
W088,521,1,0.3775811209439528,Right,37.76
W088,521,2,0.19469026548672566,Violation,19.47
W088,522,0,0.42207792207792205,Left,42.21
W088,522,1,0.4025974025974026,Right,40.26
W088,522,2,0.17532467532467533,Violation,17.53
W088,523,0,0.45794392523364486,Left,45.79
W088,523,1,0.34890965732087226,Right,34.89
W088,523,2,0.19314641744548286,Violation,19.31
W088,524,0,0.4252199413489736,Left,42.52
W088,524,1,0.40762463343108507,Right,40.76
W088,524,2,0.16715542521994134,Violation,16.72
W088,525,0,0.3662551440329218,Left,36.63
W088,525,1,0.35390946502057613,Right,35.39
W088,525,2,0.27983539094650206,Violation,27.98
W088,526,0,0.3855072463768116,Left,38.55
W088,526,1,0.3217391304347826,Right,32.17
W088,526,2,0.2927536231884058,Violation,29.28
W088,527,0,0.40114613180515757,Left,40.11
W088,527,1,0.3667621776504298,Right,36.68
W088,527,2,0.23209169054441262,Violation,23.21
W088,528,0,0.39814814814814814,Left,39.81
W088,528,1,0.3950617283950617,Right,39.51
W088,528,2,0.20679012345679013,Violation,20.68
W088,529,2,0.39267015706806285,Violation,39.27
W088,529,0,0.3403141361256545,Left,34.03
W088,529,1,0.2670157068062827,Right,26.7
W088,530,2,0.3567251461988304,Violation,35.67
W088,530,1,0.3508771929824561,Right,35.09
W088,530,0,0.29239766081871343,Left,29.24
W088,531,0,0.3778135048231511,Left,37.78
W088,531,1,0.3633440514469453,Right,36.33
W088,531,2,0.25884244372990356,Violation,25.88
W088,532,1,0.38144329896907214,Right,38.14
W088,532,0,0.31958762886597936,Left,31.96
W088,532,2,0.29896907216494845,Violation,29.9
W088,533,0,0.3956723338485317,Left,39.57
W088,533,1,0.3601236476043277,Right,36.01
W088,533,2,0.24420401854714066,Violation,24.42
W088,534,0,0.39766081871345027,Left,39.77
W088,534,1,0.3742690058479532,Right,37.43
W088,534,2,0.22807017543859648,Violation,22.81
W088,535,0,0.4065180102915952,Left,40.65
W088,535,1,0.4013722126929674,Right,40.14
W088,535,2,0.19210977701543738,Violation,19.21
W088,536,0,0.41229656419529837,Left,41.23
W088,536,1,0.39783001808318263,Right,39.78
W088,536,2,0.189873417721519,Violation,18.99
W088,537,1,0.4140625,Right,41.41
W088,537,0,0.3203125,Left,32.03
W088,537,2,0.265625,Violation,26.56
W088,538,2,0.3710247349823322,Violation,37.1
W088,538,0,0.34275618374558303,Left,34.28
W088,538,1,0.2862190812720848,Right,28.62
W088,539,0,0.35221238938053095,Left,35.22
W088,539,1,0.35221238938053095,Right,35.22
W088,539,2,0.29557522123893804,Violation,29.56
W088,540,2,0.35075885328836426,Violation,35.08
W088,540,0,0.3456998313659359,Left,34.57
W088,540,1,0.30354131534569984,Right,30.35
W088,541,2,0.38875305623471884,Violation,38.88
W088,541,1,0.3251833740831296,Right,32.52
W088,541,0,0.2860635696821516,Left,28.61
W088,542,2,0.43521594684385384,Violation,43.52
W088,542,1,0.292358803986711,Right,29.24
W088,542,0,0.2724252491694352,Left,27.24
W088,543,2,0.48534201954397393,Violation,48.53
W088,543,0,0.2964169381107492,Left,29.64
W088,543,1,0.2182410423452769,Right,21.82
W088,544,2,0.38676844783715014,Violation,38.68
W088,544,1,0.3231552162849873,Right,32.32
W088,544,0,0.2900763358778626,Left,29.01
W088,545,2,0.5192307692307693,Violation,51.92
W088,545,0,0.2403846153846154,Left,24.04
W088,545,1,0.2403846153846154,Right,24.04
W089,128,1,0.4594594594594595,Right,45.95
W089,128,0,0.4189189189189189,Left,41.89
W089,128,2,0.12162162162162163,Violation,12.16
W089,129,1,0.4609375,Right,46.09
W089,129,0,0.453125,Left,45.31
W089,129,2,0.0859375,Violation,8.59
W089,130,0,0.43125,Left,43.12
W089,130,1,0.425,Right,42.5
W089,130,2,0.14375,Violation,14.37
W089,131,0,0.49700598802395207,Left,49.7
W089,131,1,0.437125748502994,Right,43.71
W089,131,2,0.0658682634730539,Violation,6.59
W089,132,1,0.4574468085106383,Right,45.74
W089,132,0,0.4095744680851064,Left,40.96
W089,132,2,0.13297872340425532,Violation,13.3
W089,133,1,0.49444444444444446,Right,49.44
W089,133,0,0.45,Left,45.0
W089,133,2,0.05555555555555555,Violation,5.56
W089,134,1,0.4479166666666667,Right,44.79
W089,134,0,0.4375,Left,43.75
W089,134,2,0.11458333333333333,Violation,11.46
W089,135,1,0.43946188340807174,Right,43.95
W089,135,0,0.42152466367713004,Left,42.15
W089,135,2,0.13901345291479822,Violation,13.9
W089,136,1,0.4523809523809524,Right,45.24
W089,136,0,0.42857142857142855,Left,42.86
W089,136,2,0.11904761904761904,Violation,11.9
W089,137,0,0.45454545454545453,Left,45.45
W089,137,1,0.4431818181818182,Right,44.32
W089,137,2,0.10227272727272728,Violation,10.23
W089,138,0,0.49783549783549785,Left,49.78
W089,138,1,0.41125541125541126,Right,41.13
W089,138,2,0.09090909090909091,Violation,9.09
W089,139,0,0.45104895104895104,Left,45.1
W089,139,1,0.43356643356643354,Right,43.36
W089,139,2,0.11538461538461539,Violation,11.54
W089,140,1,0.4854771784232365,Right,48.55
W089,140,0,0.4024896265560166,Left,40.25
W089,140,2,0.11203319502074689,Violation,11.2
W089,141,1,0.4838709677419355,Right,48.39
W089,141,0,0.4435483870967742,Left,44.35
W089,141,2,0.07258064516129033,Violation,7.26
W089,142,1,0.46835443037974683,Right,46.84
W089,142,0,0.43037974683544306,Left,43.04
W089,142,2,0.10126582278481013,Violation,10.13
W089,143,0,0.4744318181818182,Left,47.44
W089,143,1,0.4431818181818182,Right,44.32
W089,143,2,0.08238636363636363,Violation,8.24
W089,144,0,0.4657534246575342,Left,46.58
W089,144,1,0.4657534246575342,Right,46.58
W089,144,2,0.0684931506849315,Violation,6.85
W089,145,1,0.45483870967741935,Right,45.48
W089,145,0,0.42258064516129035,Left,42.26
W089,145,2,0.12258064516129032,Violation,12.26
W089,146,0,0.5121951219512195,Left,51.22
W089,146,1,0.4146341463414634,Right,41.46
W089,146,2,0.07317073170731707,Violation,7.32
W089,147,1,0.4896265560165975,Right,48.96
W089,147,0,0.42738589211618255,Left,42.74
W089,147,2,0.08298755186721991,Violation,8.3
W089,148,1,0.44,Right,44.0
W089,148,0,0.4266666666666667,Left,42.67
W089,148,2,0.13333333333333333,Violation,13.33
W089,149,0,0.48823529411764705,Left,48.82
W089,149,1,0.4235294117647059,Right,42.35
W089,149,2,0.08823529411764706,Violation,8.82
W089,150,0,0.4978902953586498,Left,49.79
W089,150,1,0.42616033755274263,Right,42.62
W089,150,2,0.0759493670886076,Violation,7.59
W089,151,1,0.4645669291338583,Right,46.46
W089,151,0,0.4094488188976378,Left,40.94
W089,151,2,0.12598425196850394,Violation,12.6
W089,152,0,0.45454545454545453,Left,45.45
W089,152,1,0.4090909090909091,Right,40.91
W089,152,2,0.13636363636363635,Violation,13.64
W089,153,0,0.4396887159533074,Left,43.97
W089,153,1,0.4046692607003891,Right,40.47
W089,153,2,0.1556420233463035,Violation,15.56
W089,154,0,0.4823008849557522,Left,48.23
W089,154,1,0.4469026548672566,Right,44.69
W089,154,2,0.07079646017699115,Violation,7.08
W089,155,1,0.515625,Right,51.56
W089,155,0,0.3671875,Left,36.72
W089,155,2,0.1171875,Violation,11.72
W089,156,1,0.4883720930232558,Right,48.84
W089,156,0,0.4186046511627907,Left,41.86
W089,156,2,0.09302325581395349,Violation,9.3
W089,157,0,0.515,Left,51.5
W089,157,1,0.41,Right,41.0
W089,157,2,0.075,Violation,7.5
W089,158,0,0.4367816091954023,Left,43.68
W089,158,1,0.4367816091954023,Right,43.68
W089,158,2,0.12643678160919541,Violation,12.64
W089,159,0,0.4787234042553192,Left,47.87
W089,159,1,0.42021276595744683,Right,42.02
W089,159,2,0.10106382978723404,Violation,10.11
W089,160,0,0.43373493975903615,Left,43.37
W089,160,1,0.42771084337349397,Right,42.77
W089,160,2,0.13855421686746988,Violation,13.86
W089,161,1,0.495,Right,49.5
W089,161,0,0.42,Left,42.0
W089,161,2,0.085,Violation,8.5
W089,162,0,0.46255506607929514,Left,46.26
W089,162,1,0.42731277533039647,Right,42.73
W089,162,2,0.11013215859030837,Violation,11.01
W089,163,0,0.4854368932038835,Left,48.54
W089,163,1,0.42718446601941745,Right,42.72
W089,163,2,0.08737864077669903,Violation,8.74
W089,164,0,0.4157303370786517,Left,41.57
W089,164,1,0.4157303370786517,Right,41.57
W089,164,2,0.16853932584269662,Violation,16.85
W089,165,0,0.44881889763779526,Left,44.88
W089,165,1,0.41732283464566927,Right,41.73
W089,165,2,0.13385826771653545,Violation,13.39
W089,166,0,0.46846846846846846,Left,46.85
W089,166,1,0.44144144144144143,Right,44.14
W089,166,2,0.09009009009009009,Violation,9.01
W089,167,0,0.4630541871921182,Left,46.31
W089,167,1,0.458128078817734,Right,45.81
W089,167,2,0.07881773399014778,Violation,7.88
W089,168,0,0.4268774703557312,Left,42.69
W089,168,1,0.4031620553359684,Right,40.32
W089,168,2,0.16996047430830039,Violation,17.0
W089,169,1,0.49142857142857144,Right,49.14
W089,169,0,0.4228571428571429,Left,42.29
W089,169,2,0.08571428571428572,Violation,8.57
W089,170,0,0.4542124542124542,Left,45.42
W089,170,1,0.3772893772893773,Right,37.73
W089,170,2,0.1684981684981685,Violation,16.85
W089,171,0,0.41297935103244837,Left,41.3
W089,171,1,0.39233038348082594,Right,39.23
W089,171,2,0.19469026548672566,Violation,19.47
W089,172,1,0.418848167539267,Right,41.88
W089,172,0,0.4031413612565445,Left,40.31
W089,172,2,0.17801047120418848,Violation,17.8
W089,173,1,0.45081967213114754,Right,45.08
W089,173,0,0.4426229508196721,Left,44.26
W089,173,2,0.10655737704918032,Violation,10.66
W089,174,1,0.4627659574468085,Right,46.28
W089,174,0,0.43617021276595747,Left,43.62
W089,174,2,0.10106382978723404,Violation,10.11
W089,175,1,0.4517543859649123,Right,45.18
W089,175,0,0.4298245614035088,Left,42.98
W089,175,2,0.11842105263157894,Violation,11.84
W089,176,1,0.4869109947643979,Right,48.69
W089,176,0,0.450261780104712,Left,45.03
W089,176,2,0.06282722513089005,Violation,6.28
W089,177,1,0.4685714285714286,Right,46.86
W089,177,0,0.4057142857142857,Left,40.57
W089,177,2,0.12571428571428572,Violation,12.57
W089,178,1,0.45871559633027525,Right,45.87
W089,178,0,0.44495412844036697,Left,44.5
W089,178,2,0.0963302752293578,Violation,9.63
W089,179,1,0.4336917562724014,Right,43.37
W089,179,0,0.4121863799283154,Left,41.22
W089,179,2,0.15412186379928317,Violation,15.41
W089,180,1,0.45660377358490567,Right,45.66
W089,180,0,0.4377358490566038,Left,43.77
W089,180,2,0.10566037735849057,Violation,10.57
W089,181,1,0.4339622641509434,Right,43.4
W089,181,0,0.41823899371069184,Left,41.82
W089,181,2,0.14779874213836477,Violation,14.78
W089,182,0,0.4768211920529801,Left,47.68
W089,182,1,0.44039735099337746,Right,44.04
W089,182,2,0.08278145695364239,Violation,8.28
W089,183,1,0.4195121951219512,Right,41.95
W089,183,0,0.4,Left,40.0
W089,183,2,0.18048780487804877,Violation,18.05
W089,184,1,0.44919786096256686,Right,44.92
W089,184,0,0.4117647058823529,Left,41.18
W089,184,2,0.13903743315508021,Violation,13.9
W089,185,1,0.4625,Right,46.25
W089,185,0,0.4,Left,40.0
W089,185,2,0.1375,Violation,13.75
W089,186,2,0.51,Violation,51.0
W089,186,1,0.28,Right,28.0
W089,186,0,0.21,Left,21.0
W089,187,0,0.3877551020408163,Left,38.78
W089,187,1,0.3510204081632653,Right,35.1
W089,187,2,0.2612244897959184,Violation,26.12
W089,188,0,0.42386831275720166,Left,42.39
W089,188,1,0.4156378600823045,Right,41.56
W089,188,2,0.16049382716049382,Violation,16.05
W089,189,0,0.45614035087719296,Left,45.61
W089,189,1,0.4456140350877193,Right,44.56
W089,189,2,0.09824561403508772,Violation,9.82
W089,190,1,0.45652173913043476,Right,45.65
W089,190,0,0.44565217391304346,Left,44.57
W089,190,2,0.09782608695652174,Violation,9.78
W089,191,0,0.4479166666666667,Left,44.79
W089,191,1,0.4322916666666667,Right,43.23
W089,191,2,0.11979166666666667,Violation,11.98
W089,192,0,0.4669811320754717,Left,46.7
W089,192,1,0.4009433962264151,Right,40.09
W089,192,2,0.1320754716981132,Violation,13.21
W089,193,0,0.43555555555555553,Left,43.56
W089,193,1,0.4222222222222222,Right,42.22
W089,193,2,0.14222222222222222,Violation,14.22
W089,194,0,0.475,Left,47.5
W089,194,1,0.3875,Right,38.75
W089,194,2,0.1375,Violation,13.75
W089,195,1,0.4219269102990033,Right,42.19
W089,195,0,0.4186046511627907,Left,41.86
W089,195,2,0.15946843853820597,Violation,15.95
W089,196,1,0.42,Right,42.0
W089,196,0,0.4,Left,40.0
W089,196,2,0.18,Violation,18.0
W089,197,1,0.4365482233502538,Right,43.65
W089,197,0,0.4263959390862944,Left,42.64
W089,197,2,0.13705583756345177,Violation,13.71
W089,198,0,0.4046511627906977,Left,40.47
W089,198,1,0.3767441860465116,Right,37.67
W089,198,2,0.2186046511627907,Violation,21.86
W089,199,1,0.4294117647058823,Right,42.94
W089,199,0,0.40588235294117647,Left,40.59
W089,199,2,0.16470588235294117,Violation,16.47
W089,200,1,0.4694835680751174,Right,46.95
W089,200,0,0.38967136150234744,Left,38.97
W089,200,2,0.14084507042253522,Violation,14.08
W089,201,1,0.45038167938931295,Right,45.04
W089,201,0,0.44656488549618323,Left,44.66
W089,201,2,0.10305343511450382,Violation,10.31
W089,202,0,0.44144144144144143,Left,44.14
W089,202,1,0.3783783783783784,Right,37.84
W089,202,2,0.18018018018018017,Violation,18.02
W089,203,0,0.4017094017094017,Left,40.17
W089,203,1,0.4017094017094017,Right,40.17
W089,203,2,0.19658119658119658,Violation,19.66
W089,204,0,0.4175824175824176,Left,41.76
W089,204,1,0.4175824175824176,Right,41.76
W089,204,2,0.16483516483516483,Violation,16.48
W089,205,0,0.4028436018957346,Left,40.28
W089,205,1,0.4028436018957346,Right,40.28
W089,205,2,0.1943127962085308,Violation,19.43
W089,206,0,0.4318181818181818,Left,43.18
W089,206,1,0.3977272727272727,Right,39.77
W089,206,2,0.17045454545454544,Violation,17.05
W089,207,2,0.4965986394557823,Violation,49.66
W089,207,1,0.3197278911564626,Right,31.97
W089,207,0,0.1836734693877551,Left,18.37
W089,208,0,0.4,Left,40.0
W089,208,1,0.39285714285714285,Right,39.29
W089,208,2,0.20714285714285716,Violation,20.71
W089,209,0,0.44285714285714284,Left,44.29
W089,209,1,0.42142857142857143,Right,42.14
W089,209,2,0.1357142857142857,Violation,13.57
W089,210,1,0.445859872611465,Right,44.59
W089,210,0,0.43630573248407645,Left,43.63
W089,210,2,0.1178343949044586,Violation,11.78
W089,211,0,0.462406015037594,Left,46.24
W089,211,1,0.41729323308270677,Right,41.73
W089,211,2,0.12030075187969924,Violation,12.03
W089,212,1,0.49809885931558934,Right,49.81
W089,212,0,0.4068441064638783,Left,40.68
W089,212,2,0.09505703422053231,Violation,9.51
W089,213,0,0.44783715012722647,Left,44.78
W089,213,1,0.40966921119592875,Right,40.97
W089,213,2,0.14249363867684478,Violation,14.25
W089,214,1,0.43874643874643876,Right,43.87
W089,214,0,0.42165242165242167,Left,42.17
W089,214,2,0.1396011396011396,Violation,13.96
W089,215,0,0.4549019607843137,Left,45.49
W089,215,1,0.41568627450980394,Right,41.57
W089,215,2,0.12941176470588237,Violation,12.94
W089,216,0,0.4585152838427948,Left,45.85
W089,216,1,0.4279475982532751,Right,42.79
W089,216,2,0.11353711790393013,Violation,11.35
W089,217,1,0.46956521739130436,Right,46.96
W089,217,0,0.41739130434782606,Left,41.74
W089,217,2,0.11304347826086956,Violation,11.3
W089,218,0,0.45320197044334976,Left,45.32
W089,218,1,0.43349753694581283,Right,43.35
W089,218,2,0.11330049261083744,Violation,11.33
W089,219,1,0.46,Right,46.0
W089,219,0,0.42,Left,42.0
W089,219,2,0.12,Violation,12.0
W089,220,0,0.4413793103448276,Left,44.14
W089,220,1,0.43103448275862066,Right,43.1
W089,220,2,0.12758620689655173,Violation,12.76
W089,221,1,0.43779904306220097,Right,43.78
W089,221,0,0.42822966507177035,Left,42.82
W089,221,2,0.1339712918660287,Violation,13.4
W089,222,0,0.4608150470219436,Left,46.08
W089,222,1,0.4169278996865204,Right,41.69
W089,222,2,0.12225705329153605,Violation,12.23
W089,223,1,0.4524590163934426,Right,45.25
W089,223,0,0.4459016393442623,Left,44.59
W089,223,2,0.10163934426229508,Violation,10.16
W089,224,1,0.47058823529411764,Right,47.06
W089,224,0,0.4,Left,40.0
W089,224,2,0.12941176470588237,Violation,12.94
W089,225,1,0.4784688995215311,Right,47.85
W089,225,0,0.37799043062200954,Left,37.8
W089,225,2,0.14354066985645933,Violation,14.35
W089,226,1,0.42424242424242425,Right,42.42
W089,226,0,0.37575757575757573,Left,37.58
W089,226,2,0.2,Violation,20.0
W089,227,0,0.4588744588744589,Left,45.89
W089,227,1,0.42857142857142855,Right,42.86
W089,227,2,0.11255411255411256,Violation,11.26
W089,228,1,0.5188679245283019,Right,51.89
W089,228,0,0.41509433962264153,Left,41.51
W089,228,2,0.0660377358490566,Violation,6.6
W089,229,1,0.4452296819787986,Right,44.52
W089,229,0,0.4134275618374558,Left,41.34
W089,229,2,0.1413427561837456,Violation,14.13
W089,230,1,0.47770700636942676,Right,47.77
W089,230,0,0.4713375796178344,Left,47.13
W089,230,2,0.050955414012738856,Violation,5.1
W089,231,0,0.4608294930875576,Left,46.08
W089,231,1,0.4055299539170507,Right,40.55
W089,231,2,0.1336405529953917,Violation,13.36
W089,232,1,0.44036697247706424,Right,44.04
W089,232,0,0.3853211009174312,Left,38.53
W089,232,2,0.1743119266055046,Violation,17.43
W089,233,0,0.4268774703557312,Left,42.69
W089,233,1,0.4268774703557312,Right,42.69
W089,233,2,0.14624505928853754,Violation,14.62
W089,234,0,0.4066265060240964,Left,40.66
W089,234,1,0.4066265060240964,Right,40.66
W089,234,2,0.18674698795180722,Violation,18.67
W089,235,1,0.45555555555555555,Right,45.56
W089,235,0,0.40555555555555556,Left,40.56
W089,235,2,0.1388888888888889,Violation,13.89
W089,236,1,0.4166666666666667,Right,41.67
W089,236,0,0.3939393939393939,Left,39.39
W089,236,2,0.1893939393939394,Violation,18.94
W089,237,1,0.4375,Right,43.75
W089,237,0,0.42045454545454547,Left,42.05
W089,237,2,0.14204545454545456,Violation,14.2
W089,238,0,0.47540983606557374,Left,47.54
W089,238,1,0.3524590163934426,Right,35.25
W089,238,2,0.1721311475409836,Violation,17.21
W089,239,1,0.4368932038834951,Right,43.69
W089,239,0,0.3948220064724919,Left,39.48
W089,239,2,0.16828478964401294,Violation,16.83
W089,240,0,0.4011627906976744,Left,40.12
W089,240,1,0.39825581395348836,Right,39.83
W089,240,2,0.2005813953488372,Violation,20.06
W089,241,0,0.46078431372549017,Left,46.08
W089,241,1,0.4215686274509804,Right,42.16
W089,241,2,0.11764705882352941,Violation,11.76
W089,242,1,0.4713656387665198,Right,47.14
W089,242,0,0.4008810572687225,Left,40.09
W089,242,2,0.1277533039647577,Violation,12.78
W089,243,0,0.4473684210526316,Left,44.74
W089,243,1,0.39035087719298245,Right,39.04
W089,243,2,0.16228070175438597,Violation,16.23
W089,244,0,0.4470046082949309,Left,44.7
W089,244,1,0.4055299539170507,Right,40.55
W089,244,2,0.14746543778801843,Violation,14.75
W089,245,1,0.43157894736842106,Right,43.16
W089,245,0,0.42105263157894735,Left,42.11
W089,245,2,0.14736842105263157,Violation,14.74
W089,246,0,0.461864406779661,Left,46.19
W089,246,1,0.4279661016949153,Right,42.8
W089,246,2,0.11016949152542373,Violation,11.02
W089,247,1,0.43902439024390244,Right,43.9
W089,247,0,0.4292682926829268,Left,42.93
W089,247,2,0.13170731707317074,Violation,13.17
W089,248,0,0.4542483660130719,Left,45.42
W089,248,1,0.43137254901960786,Right,43.14
W089,248,2,0.11437908496732026,Violation,11.44
W089,249,1,0.45394736842105265,Right,45.39
W089,249,0,0.4342105263157895,Left,43.42
W089,249,2,0.1118421052631579,Violation,11.18
W089,250,1,0.4519774011299435,Right,45.2
W089,250,0,0.4406779661016949,Left,44.07
W089,250,2,0.10734463276836158,Violation,10.73
W089,251,0,0.44715447154471544,Left,44.72
W089,251,1,0.42276422764227645,Right,42.28
W089,251,2,0.13008130081300814,Violation,13.01
W089,252,1,0.44680851063829785,Right,44.68
W089,252,0,0.41843971631205673,Left,41.84
W089,252,2,0.1347517730496454,Violation,13.48
W089,253,0,0.4634146341463415,Left,46.34
W089,253,1,0.4024390243902439,Right,40.24
W089,253,2,0.13414634146341464,Violation,13.41
W089,254,0,0.43492063492063493,Left,43.49
W089,254,1,0.43492063492063493,Right,43.49
W089,254,2,0.13015873015873017,Violation,13.02
W089,255,0,0.4775510204081633,Left,47.76
W089,255,1,0.42448979591836733,Right,42.45
W089,255,2,0.09795918367346938,Violation,9.8
W089,256,0,0.43356643356643354,Left,43.36
W089,256,1,0.3356643356643357,Right,33.57
W089,256,2,0.23076923076923078,Violation,23.08
W089,257,1,0.4065040650406504,Right,40.65
W089,257,0,0.3983739837398374,Left,39.84
W089,257,2,0.1951219512195122,Violation,19.51
W089,258,1,0.4266666666666667,Right,42.67
W089,258,0,0.41,Left,41.0
W089,258,2,0.16333333333333333,Violation,16.33
W089,259,1,0.4798206278026906,Right,47.98
W089,259,0,0.4080717488789238,Left,40.81
W089,259,2,0.11210762331838565,Violation,11.21
W089,260,1,0.4811320754716981,Right,48.11
W089,260,0,0.41509433962264153,Left,41.51
W089,260,2,0.10377358490566038,Violation,10.38
W089,261,1,0.4606741573033708,Right,46.07
W089,261,0,0.4101123595505618,Left,41.01
W089,261,2,0.12921348314606743,Violation,12.92
W089,262,1,0.4317617866004963,Right,43.18
W089,262,0,0.42431761786600497,Left,42.43
W089,262,2,0.14392059553349876,Violation,14.39
W089,263,0,0.5340909090909091,Left,53.41
W089,263,1,0.375,Right,37.5
W089,263,2,0.09090909090909091,Violation,9.09
W089,264,1,0.4627450980392157,Right,46.27
W089,264,0,0.40784313725490196,Left,40.78
W089,264,2,0.12941176470588237,Violation,12.94
W089,265,0,0.43209876543209874,Left,43.21
W089,265,1,0.38580246913580246,Right,38.58
W089,265,2,0.18209876543209877,Violation,18.21
W089,266,0,0.47530864197530864,Left,47.53
W089,266,1,0.41975308641975306,Right,41.98
W089,266,2,0.10493827160493827,Violation,10.49
W089,267,2,0.5733333333333334,Violation,57.33
W089,267,0,0.22666666666666666,Left,22.67
W089,267,1,0.2,Right,20.0
W089,268,2,0.40106951871657753,Violation,40.11
W089,268,0,0.31016042780748665,Left,31.02
W089,268,1,0.2887700534759358,Right,28.88
W089,269,2,0.45454545454545453,Violation,45.45
W089,269,0,0.2727272727272727,Left,27.27
W089,269,1,0.2727272727272727,Right,27.27
W089,270,2,0.43243243243243246,Violation,43.24
W089,270,1,0.3581081081081081,Right,35.81
W089,270,0,0.20945945945945946,Left,20.95
W089,271,0,0.38202247191011235,Left,38.2
W089,271,1,0.36704119850187267,Right,36.7
W089,271,2,0.250936329588015,Violation,25.09
W089,272,0,0.4018264840182648,Left,40.18
W089,272,1,0.3789954337899543,Right,37.9
W089,272,2,0.2191780821917808,Violation,21.92
W089,273,0,0.4291845493562232,Left,42.92
W089,273,1,0.40772532188841204,Right,40.77
W089,273,2,0.1630901287553648,Violation,16.31
W089,274,0,0.43333333333333335,Left,43.33
W089,274,1,0.4238095238095238,Right,42.38
W089,274,2,0.14285714285714285,Violation,14.29
W089,275,1,0.43137254901960786,Right,43.14
W089,275,0,0.4117647058823529,Left,41.18
W089,275,2,0.1568627450980392,Violation,15.69
W089,276,0,0.4342857142857143,Left,43.43
W089,276,1,0.42857142857142855,Right,42.86
W089,276,2,0.13714285714285715,Violation,13.71
W089,277,0,0.451505016722408,Left,45.15
W089,277,1,0.42474916387959866,Right,42.47
W089,277,2,0.12374581939799331,Violation,12.37
W089,278,0,0.4627450980392157,Left,46.27
W089,278,1,0.3843137254901961,Right,38.43
W089,278,2,0.15294117647058825,Violation,15.29
W089,279,0,0.4383561643835616,Left,43.84
W089,279,1,0.4246575342465753,Right,42.47
W089,279,2,0.136986301369863,Violation,13.7
W089,281,1,0.4647887323943662,Right,46.48
W089,281,0,0.4084507042253521,Left,40.85
W089,281,2,0.1267605633802817,Violation,12.68
W089,282,1,0.4378238341968912,Right,43.78
W089,282,0,0.42487046632124353,Left,42.49
W089,282,2,0.13730569948186527,Violation,13.73
W089,283,1,0.4765625,Right,47.66
W089,283,0,0.43359375,Left,43.36
W089,283,2,0.08984375,Violation,8.98
W089,284,0,0.44396551724137934,Left,44.4
W089,284,1,0.4051724137931034,Right,40.52
W089,284,2,0.15086206896551724,Violation,15.09
W089,285,0,0.4318181818181818,Left,43.18
W089,285,1,0.4090909090909091,Right,40.91
W089,285,2,0.1590909090909091,Violation,15.91
W089,286,1,0.45454545454545453,Right,45.45
W089,286,0,0.4,Left,40.0
W089,286,2,0.14545454545454545,Violation,14.55
W089,287,1,0.45475113122171945,Right,45.48
W089,287,0,0.4502262443438914,Left,45.02
W089,287,2,0.09502262443438914,Violation,9.5
W089,288,0,0.4647887323943662,Left,46.48
W089,288,1,0.4507042253521127,Right,45.07
W089,288,2,0.08450704225352113,Violation,8.45
W089,289,0,0.44935064935064933,Left,44.94
W089,289,1,0.43896103896103894,Right,43.9
W089,289,2,0.11168831168831168,Violation,11.17
W089,290,0,0.46882217090069284,Left,46.88
W089,290,1,0.43187066974595845,Right,43.19
W089,290,2,0.09930715935334873,Violation,9.93
W089,291,0,0.4613733905579399,Left,46.14
W089,291,1,0.4313304721030043,Right,43.13
W089,291,2,0.1072961373390558,Violation,10.73
W089,292,0,0.4860335195530726,Left,48.6
W089,292,1,0.41899441340782123,Right,41.9
W089,292,2,0.09497206703910614,Violation,9.5
W089,293,0,0.4675324675324675,Left,46.75
W089,293,1,0.42424242424242425,Right,42.42
W089,293,2,0.10822510822510822,Violation,10.82
W089,294,1,0.4550408719346049,Right,45.5
W089,294,0,0.444141689373297,Left,44.41
W089,294,2,0.1008174386920981,Violation,10.08
W089,295,0,0.47058823529411764,Left,47.06
W089,295,1,0.47058823529411764,Right,47.06
W089,295,2,0.058823529411764705,Violation,5.88
W089,296,0,0.4785100286532951,Left,47.85
W089,296,1,0.46131805157593125,Right,46.13
W089,296,2,0.06017191977077364,Violation,6.02
W089,297,0,0.45885286783042395,Left,45.89
W089,297,1,0.4339152119700748,Right,43.39
W089,297,2,0.10723192019950124,Violation,10.72
W089,298,0,0.45897435897435895,Left,45.9
W089,298,1,0.4358974358974359,Right,43.59
W089,298,2,0.10512820512820513,Violation,10.51
W089,299,1,0.46153846153846156,Right,46.15
W089,299,0,0.4297082228116711,Left,42.97
W089,299,2,0.10875331564986737,Violation,10.88
W089,300,0,0.4776536312849162,Left,47.77
W089,300,1,0.44692737430167595,Right,44.69
W089,300,2,0.07541899441340782,Violation,7.54
W089,301,1,0.4671717171717172,Right,46.72
W089,301,0,0.42424242424242425,Left,42.42
W089,301,2,0.10858585858585859,Violation,10.86
W089,302,0,0.39080459770114945,Left,39.08
W089,302,1,0.3524904214559387,Right,35.25
W089,302,2,0.2567049808429119,Violation,25.67
W089,303,0,0.4043478260869565,Left,40.43
W089,303,1,0.3782608695652174,Right,37.83
W089,303,2,0.21739130434782608,Violation,21.74
W089,304,0,0.4139433551198257,Left,41.39
W089,304,1,0.39215686274509803,Right,39.22
W089,304,2,0.19389978213507625,Violation,19.39
W089,305,1,0.4439359267734554,Right,44.39
W089,305,0,0.38443935926773454,Left,38.44
W089,305,2,0.17162471395881007,Violation,17.16
W089,306,0,0.4336283185840708,Left,43.36
W089,306,1,0.413716814159292,Right,41.37
W089,306,2,0.15265486725663716,Violation,15.27
W089,307,1,0.44776119402985076,Right,44.78
W089,307,0,0.29850746268656714,Left,29.85
W089,307,2,0.2537313432835821,Violation,25.37
W089,308,0,0.42276422764227645,Left,42.28
W089,308,1,0.40853658536585363,Right,40.85
W089,308,2,0.16869918699186992,Violation,16.87
W089,309,0,0.3994082840236686,Left,39.94
W089,309,1,0.3875739644970414,Right,38.76
W089,309,2,0.21301775147928995,Violation,21.3
W089,310,1,0.45544554455445546,Right,45.54
W089,310,0,0.43564356435643564,Left,43.56
W089,310,2,0.10891089108910891,Violation,10.89
W089,311,1,0.4230769230769231,Right,42.31
W089,311,0,0.41346153846153844,Left,41.35
W089,311,2,0.16346153846153846,Violation,16.35
W089,312,0,0.4558139534883721,Left,45.58
W089,312,1,0.39069767441860465,Right,39.07
W089,312,2,0.15348837209302327,Violation,15.35
W089,313,0,0.4179431072210066,Left,41.79
W089,313,1,0.38949671772428884,Right,38.95
W089,313,2,0.1925601750547046,Violation,19.26
W089,314,1,0.4434782608695652,Right,44.35
W089,314,0,0.41739130434782606,Left,41.74
W089,314,2,0.1391304347826087,Violation,13.91
W089,315,1,0.45,Right,45.0
W089,315,0,0.39444444444444443,Left,39.44
W089,315,2,0.15555555555555556,Violation,15.56
W089,316,1,0.45549738219895286,Right,45.55
W089,316,0,0.4214659685863874,Left,42.15
W089,316,2,0.12303664921465969,Violation,12.3
W089,317,1,0.4457831325301205,Right,44.58
W089,317,0,0.41365461847389556,Left,41.37
W089,317,2,0.14056224899598393,Violation,14.06
W089,318,1,0.44146341463414634,Right,44.15
W089,318,0,0.4317073170731707,Left,43.17
W089,318,2,0.12682926829268293,Violation,12.68
W089,319,1,0.4691848906560636,Right,46.92
W089,319,0,0.43141153081510936,Left,43.14
W089,319,2,0.09940357852882704,Violation,9.94
W089,320,1,0.4572025052192067,Right,45.72
W089,320,0,0.40292275574112735,Left,40.29
W089,320,2,0.13987473903966596,Violation,13.99
W089,321,0,0.40963855421686746,Left,40.96
W089,321,1,0.4,Right,40.0
W089,321,2,0.19036144578313252,Violation,19.04
W089,322,1,0.4302600472813239,Right,43.03
W089,322,0,0.3900709219858156,Left,39.01
W089,322,2,0.17966903073286053,Violation,17.97
W089,323,1,0.4514991181657848,Right,45.15
W089,323,0,0.43738977072310403,Left,43.74
W089,323,2,0.1111111111111111,Violation,11.11
W089,324,0,0.42779291553133514,Left,42.78
W089,324,1,0.3978201634877384,Right,39.78
W089,324,2,0.17438692098092642,Violation,17.44
W089,325,1,0.3583138173302108,Right,35.83
W089,325,0,0.3442622950819672,Left,34.43
W089,325,2,0.297423887587822,Violation,29.74
W089,326,0,0.44834307992202727,Left,44.83
W089,326,1,0.42105263157894735,Right,42.11
W089,326,2,0.13060428849902533,Violation,13.06
W089,327,0,0.45614035087719296,Left,45.61
W089,327,1,0.4249512670565302,Right,42.5
W089,327,2,0.1189083820662768,Violation,11.89
W089,328,1,0.43775933609958506,Right,43.78
W089,328,0,0.4315352697095436,Left,43.15
W089,328,2,0.13070539419087138,Violation,13.07
W089,329,1,0.47540983606557374,Right,47.54
W089,329,0,0.4163934426229508,Left,41.64
W089,329,2,0.10819672131147541,Violation,10.82
W089,330,1,0.4540441176470588,Right,45.4
W089,330,0,0.4411764705882353,Left,44.12
W089,330,2,0.10477941176470588,Violation,10.48
W089,331,1,0.4694835680751174,Right,46.95
W089,331,0,0.4225352112676056,Left,42.25
W089,331,2,0.107981220657277,Violation,10.8
W089,332,0,0.43626062322946174,Left,43.63
W089,332,1,0.43059490084985835,Right,43.06
W089,332,2,0.13314447592067988,Violation,13.31
W089,333,0,0.4527027027027027,Left,45.27
W089,333,1,0.4369369369369369,Right,43.69
W089,333,2,0.11036036036036036,Violation,11.04
W089,334,0,0.461864406779661,Left,46.19
W089,334,1,0.4088983050847458,Right,40.89
W089,334,2,0.1292372881355932,Violation,12.92
W089,335,1,0.4424552429667519,Right,44.25
W089,335,0,0.42710997442455245,Left,42.71
W089,335,2,0.13043478260869565,Violation,13.04
W089,336,1,0.4430379746835443,Right,44.3
W089,336,0,0.41139240506329117,Left,41.14
W089,336,2,0.14556962025316456,Violation,14.56
W089,337,1,0.4524271844660194,Right,45.24
W089,337,0,0.4388349514563107,Left,43.88
W089,337,2,0.1087378640776699,Violation,10.87
W089,338,0,0.46037735849056605,Left,46.04
W089,338,1,0.4339622641509434,Right,43.4
W089,338,2,0.10566037735849057,Violation,10.57
W089,339,1,0.456575682382134,Right,45.66
W089,339,0,0.4466501240694789,Left,44.67
W089,339,2,0.0967741935483871,Violation,9.68
W089,340,1,0.458128078817734,Right,45.81
W089,340,0,0.4088669950738916,Left,40.89
W089,340,2,0.1330049261083744,Violation,13.3
W089,341,1,0.46919431279620855,Right,46.92
W089,341,0,0.43838862559241704,Left,43.84
W089,341,2,0.0924170616113744,Violation,9.24
W089,342,1,0.47633136094674555,Right,47.63
W089,342,0,0.4526627218934911,Left,45.27
W089,342,2,0.07100591715976332,Violation,7.1
W089,343,1,0.435665914221219,Right,43.57
W089,343,0,0.42663656884875845,Left,42.66
W089,343,2,0.13769751693002258,Violation,13.77
W089,344,0,0.44836272040302266,Left,44.84
W089,344,1,0.40554156171284633,Right,40.55
W089,344,2,0.14609571788413098,Violation,14.61
W089,345,1,0.4254278728606357,Right,42.54
W089,345,0,0.4180929095354523,Left,41.81
W089,345,2,0.15647921760391198,Violation,15.65
W089,346,1,0.4432773109243697,Right,44.33
W089,346,0,0.41386554621848737,Left,41.39
W089,346,2,0.14285714285714285,Violation,14.29
W089,347,1,0.4621026894865526,Right,46.21
W089,347,0,0.43031784841075793,Left,43.03
W089,347,2,0.10757946210268948,Violation,10.76
W089,348,1,0.46153846153846156,Right,46.15
W089,348,0,0.421978021978022,Left,42.2
W089,348,2,0.11648351648351649,Violation,11.65
W089,349,1,0.46445497630331756,Right,46.45
W089,349,0,0.41706161137440756,Left,41.71
W089,349,2,0.11848341232227488,Violation,11.85
W089,350,1,0.45662100456621,Right,45.66
W089,350,0,0.4383561643835616,Left,43.84
W089,350,2,0.1050228310502283,Violation,10.5
W089,351,0,0.4628297362110312,Left,46.28
W089,351,1,0.42206235011990406,Right,42.21
W089,351,2,0.11510791366906475,Violation,11.51
W089,352,1,0.47702407002188185,Right,47.7
W089,352,0,0.43544857768052514,Left,43.54
W089,352,2,0.087527352297593,Violation,8.75
W089,353,1,0.47706422018348627,Right,47.71
W089,353,0,0.44724770642201833,Left,44.72
W089,353,2,0.07568807339449542,Violation,7.57
W089,354,0,0.47604790419161674,Left,47.6
W089,354,1,0.4281437125748503,Right,42.81
W089,354,2,0.09580838323353294,Violation,9.58
W089,355,0,0.4650655021834061,Left,46.51
W089,355,1,0.4519650655021834,Right,45.2
W089,355,2,0.08296943231441048,Violation,8.3
W089,356,0,0.46206896551724136,Left,46.21
W089,356,1,0.43908045977011495,Right,43.91
W089,356,2,0.09885057471264368,Violation,9.89
W089,357,1,0.44569288389513106,Right,44.57
W089,357,0,0.4344569288389513,Left,43.45
W089,357,2,0.1198501872659176,Violation,11.99
W089,358,0,0.44635193133047213,Left,44.64
W089,358,1,0.43776824034334766,Right,43.78
W089,358,2,0.11587982832618025,Violation,11.59
W089,359,1,0.4392935982339956,Right,43.93
W089,359,0,0.4370860927152318,Left,43.71
W089,359,2,0.12362030905077263,Violation,12.36
W089,360,1,0.4353448275862069,Right,43.53
W089,360,0,0.4224137931034483,Left,42.24
W089,360,2,0.14224137931034483,Violation,14.22
W089,361,1,0.46096654275092935,Right,46.1
W089,361,0,0.4423791821561338,Left,44.24
W089,361,2,0.09665427509293681,Violation,9.67
W089,362,1,0.5105263157894737,Right,51.05
W089,362,0,0.42105263157894735,Left,42.11
W089,362,2,0.06842105263157895,Violation,6.84
W089,363,0,0.4357142857142857,Left,43.57
W089,363,1,0.35,Right,35.0
W089,363,2,0.21428571428571427,Violation,21.43
W089,364,0,0.45365853658536587,Left,45.37
W089,364,1,0.40487804878048783,Right,40.49
W089,364,2,0.14146341463414633,Violation,14.15
W089,365,0,0.4393638170974155,Left,43.94
W089,365,1,0.4294234592445328,Right,42.94
W089,365,2,0.1312127236580517,Violation,13.12
W089,366,0,0.44495412844036697,Left,44.5
W089,366,1,0.43119266055045874,Right,43.12
W089,366,2,0.12385321100917432,Violation,12.39
W089,367,1,0.4461538461538462,Right,44.62
W089,367,0,0.4087912087912088,Left,40.88
W089,367,2,0.14505494505494507,Violation,14.51
W089,368,1,0.46543778801843316,Right,46.54
W089,368,0,0.4216589861751152,Left,42.17
W089,368,2,0.11290322580645161,Violation,11.29
W089,369,0,0.4485981308411215,Left,44.86
W089,369,1,0.4369158878504673,Right,43.69
W089,369,2,0.11448598130841121,Violation,11.45
W089,370,1,0.48565965583174,Right,48.57
W089,370,0,0.4321223709369025,Left,43.21
W089,370,2,0.08221797323135756,Violation,8.22
W089,371,1,0.4677804295942721,Right,46.78
W089,371,0,0.42720763723150357,Left,42.72
W089,371,2,0.10501193317422435,Violation,10.5
W089,372,1,0.4424778761061947,Right,44.25
W089,372,0,0.4314159292035398,Left,43.14
W089,372,2,0.1261061946902655,Violation,12.61
W089,373,1,0.4665271966527197,Right,46.65
W089,373,0,0.41841004184100417,Left,41.84
W089,373,2,0.11506276150627615,Violation,11.51
W089,374,0,0.4598393574297189,Left,45.98
W089,374,1,0.4357429718875502,Right,43.57
W089,374,2,0.10441767068273092,Violation,10.44
W089,375,1,0.4523809523809524,Right,45.24
W089,375,0,0.43223443223443225,Left,43.22
W089,375,2,0.11538461538461539,Violation,11.54
W089,376,0,0.45695364238410596,Left,45.7
W089,376,1,0.45474613686534215,Right,45.47
W089,376,2,0.08830022075055188,Violation,8.83
W089,377,1,0.476280834914611,Right,47.63
W089,377,0,0.44212523719165087,Left,44.21
W089,377,2,0.08159392789373814,Violation,8.16
W089,378,0,0.45232273838630804,Left,45.23
W089,378,1,0.4352078239608802,Right,43.52
W089,378,2,0.11246943765281174,Violation,11.25
W089,379,1,0.4647887323943662,Right,46.48
W089,379,0,0.41901408450704225,Left,41.9
W089,379,2,0.11619718309859155,Violation,11.62
W089,380,1,0.4756335282651072,Right,47.56
W089,380,0,0.4327485380116959,Left,43.27
W089,380,2,0.09161793372319688,Violation,9.16
W089,381,0,0.4819277108433735,Left,48.19
W089,381,1,0.42891566265060244,Right,42.89
W089,381,2,0.0891566265060241,Violation,8.92
W089,382,0,0.4647887323943662,Left,46.48
W089,382,1,0.42655935613682094,Right,42.66
W089,382,2,0.10865191146881288,Violation,10.87
W089,383,1,0.4860557768924303,Right,48.61
W089,383,0,0.398406374501992,Left,39.84
W089,383,2,0.11553784860557768,Violation,11.55
W089,384,0,0.42830188679245285,Left,42.83
W089,384,1,0.42641509433962266,Right,42.64
W089,384,2,0.14528301886792452,Violation,14.53
W089,385,1,0.4790874524714829,Right,47.91
W089,385,0,0.41064638783269963,Left,41.06
W089,385,2,0.11026615969581749,Violation,11.03
W089,386,1,0.435665914221219,Right,43.57
W089,386,0,0.417607223476298,Left,41.76
W089,386,2,0.14672686230248308,Violation,14.67
W089,387,1,0.4413793103448276,Right,44.14
W089,387,0,0.4367816091954023,Left,43.68
W089,387,2,0.12183908045977011,Violation,12.18
W089,388,1,0.444794952681388,Right,44.48
W089,388,0,0.4384858044164038,Left,43.85
W089,388,2,0.1167192429022082,Violation,11.67
W089,389,1,0.47282608695652173,Right,47.28
W089,389,0,0.4384057971014493,Left,43.84
W089,389,2,0.08876811594202899,Violation,8.88
W089,390,1,0.45985401459854014,Right,45.99
W089,390,0,0.4306569343065693,Left,43.07
W089,390,2,0.10948905109489052,Violation,10.95
W089,391,0,0.4209354120267261,Left,42.09
W089,391,1,0.4209354120267261,Right,42.09
W089,391,2,0.15812917594654788,Violation,15.81
W089,392,1,0.44801980198019803,Right,44.8
W089,392,0,0.4381188118811881,Left,43.81
W089,392,2,0.11386138613861387,Violation,11.39
W089,393,1,0.47300215982721383,Right,47.3
W089,393,0,0.41252699784017277,Left,41.25
W089,393,2,0.11447084233261338,Violation,11.45
W089,394,1,0.4697754749568221,Right,46.98
W089,394,0,0.4317789291882556,Left,43.18
W089,394,2,0.09844559585492228,Violation,9.84
W089,395,1,0.45494505494505494,Right,45.49
W089,395,0,0.3934065934065934,Left,39.34
W089,395,2,0.15164835164835164,Violation,15.16
W089,396,0,0.42391304347826086,Left,42.39
W089,396,1,0.41956521739130437,Right,41.96
W089,396,2,0.1565217391304348,Violation,15.65
W089,397,1,0.4309133489461358,Right,43.09
W089,397,0,0.4238875878220141,Left,42.39
W089,397,2,0.1451990632318501,Violation,14.52
W089,398,1,0.43685300207039335,Right,43.69
W089,398,0,0.4306418219461698,Left,43.06
W089,398,2,0.13250517598343686,Violation,13.25
W089,399,1,0.44214876033057854,Right,44.21
W089,399,0,0.44008264462809915,Left,44.01
W089,399,2,0.11776859504132231,Violation,11.78
W089,400,0,0.46203904555314534,Left,46.2
W089,400,1,0.4490238611713666,Right,44.9
W089,400,2,0.08893709327548807,Violation,8.89
W089,401,1,0.4583333333333333,Right,45.83
W089,401,0,0.44583333333333336,Left,44.58
W089,401,2,0.09583333333333334,Violation,9.58
W089,402,0,0.4270833333333333,Left,42.71
W089,402,1,0.3802083333333333,Right,38.02
W089,402,2,0.19270833333333334,Violation,19.27
W089,403,1,0.421455938697318,Right,42.15
W089,403,0,0.3831417624521073,Left,38.31
W089,403,2,0.19540229885057472,Violation,19.54
W089,404,1,0.44814814814814813,Right,44.81
W089,404,0,0.4185185185185185,Left,41.85
W089,404,2,0.13333333333333333,Violation,13.33
W089,405,1,0.4497991967871486,Right,44.98
W089,405,0,0.43373493975903615,Left,43.37
W089,405,2,0.11646586345381527,Violation,11.65
W089,406,1,0.4231974921630094,Right,42.32
W089,406,0,0.4169278996865204,Left,41.69
W089,406,2,0.15987460815047022,Violation,15.99
W089,407,1,0.41284403669724773,Right,41.28
W089,407,0,0.3853211009174312,Left,38.53
W089,407,2,0.2018348623853211,Violation,20.18
W089,408,0,0.43896103896103894,Left,43.9
W089,408,1,0.43636363636363634,Right,43.64
W089,408,2,0.12467532467532468,Violation,12.47
W089,409,1,0.45125348189415043,Right,45.13
W089,409,0,0.4373259052924791,Left,43.73
W089,409,2,0.11142061281337047,Violation,11.14
W089,410,0,0.45985401459854014,Left,45.99
W089,410,1,0.4562043795620438,Right,45.62
W089,410,2,0.08394160583941605,Violation,8.39
W089,411,1,0.4429530201342282,Right,44.3
W089,411,0,0.4261744966442953,Left,42.62
W089,411,2,0.13087248322147652,Violation,13.09
W089,412,1,0.4872881355932203,Right,48.73
W089,412,0,0.4322033898305085,Left,43.22
W089,412,2,0.08050847457627118,Violation,8.05
W089,413,1,0.4751131221719457,Right,47.51
W089,413,0,0.4298642533936652,Left,42.99
W089,413,2,0.09502262443438914,Violation,9.5
W089,414,0,0.46360153256704983,Left,46.36
W089,414,1,0.4099616858237548,Right,41.0
W089,414,2,0.12643678160919541,Violation,12.64
W089,415,1,0.4623287671232877,Right,46.23
W089,415,0,0.4280821917808219,Left,42.81
W089,415,2,0.1095890410958904,Violation,10.96
W089,416,1,0.44755244755244755,Right,44.76
W089,416,0,0.4125874125874126,Left,41.26
W089,416,2,0.13986013986013987,Violation,13.99
W089,417,0,0.4660493827160494,Left,46.6
W089,417,1,0.39814814814814814,Right,39.81
W089,417,2,0.13580246913580246,Violation,13.58
W089,418,0,0.4585152838427948,Left,45.85
W089,418,1,0.45414847161572053,Right,45.41
W089,418,2,0.08733624454148471,Violation,8.73
W089,419,1,0.4726027397260274,Right,47.26
W089,419,0,0.4383561643835616,Left,43.84
W089,419,2,0.08904109589041095,Violation,8.9
W089,420,1,0.52,Right,52.0
W089,420,0,0.36666666666666664,Left,36.67
W089,420,2,0.11333333333333333,Violation,11.33
W089,421,1,0.4429530201342282,Right,44.3
W089,421,0,0.42953020134228187,Left,42.95
W089,421,2,0.12751677852348994,Violation,12.75
W089,422,1,0.47038327526132406,Right,47.04
W089,422,0,0.4355400696864111,Left,43.55
W089,422,2,0.09407665505226481,Violation,9.41
W089,423,1,0.45353159851301117,Right,45.35
W089,423,0,0.43866171003717475,Left,43.87
W089,423,2,0.10780669144981413,Violation,10.78
W089,424,0,0.4612794612794613,Left,46.13
W089,424,1,0.43434343434343436,Right,43.43
W089,424,2,0.10437710437710437,Violation,10.44
W089,425,1,0.44,Right,44.0
W089,425,0,0.4177777777777778,Left,41.78
W089,425,2,0.14222222222222222,Violation,14.22
W089,426,1,0.4803921568627451,Right,48.04
W089,426,0,0.44362745098039214,Left,44.36
W089,426,2,0.07598039215686274,Violation,7.6
W089,427,1,0.4473684210526316,Right,44.74
W089,427,0,0.41578947368421054,Left,41.58
W089,427,2,0.1368421052631579,Violation,13.68
W089,428,1,0.4722222222222222,Right,47.22
W089,428,0,0.4398148148148148,Left,43.98
W089,428,2,0.08796296296296297,Violation,8.8
W089,429,1,0.47959183673469385,Right,47.96
W089,429,0,0.4260204081632653,Left,42.6
W089,429,2,0.09438775510204081,Violation,9.44
W089,430,0,0.5042372881355932,Left,50.42
W089,430,1,0.4279661016949153,Right,42.8
W089,430,2,0.06779661016949153,Violation,6.78
W089,431,1,0.49032258064516127,Right,49.03
W089,431,0,0.4258064516129032,Left,42.58
W089,431,2,0.08387096774193549,Violation,8.39
W089,432,1,0.44919786096256686,Right,44.92
W089,432,0,0.4117647058823529,Left,41.18
W089,432,2,0.13903743315508021,Violation,13.9
W089,433,2,0.37254901960784315,Violation,37.25
W089,433,1,0.3333333333333333,Right,33.33
W089,433,0,0.29411764705882354,Left,29.41
W089,434,0,0.42628205128205127,Left,42.63
W089,434,1,0.40384615384615385,Right,40.38
W089,434,2,0.16987179487179488,Violation,16.99
W089,435,0,0.44,Left,44.0
W089,435,1,0.41333333333333333,Right,41.33
W089,435,2,0.14666666666666667,Violation,14.67
W089,436,1,0.45493562231759654,Right,45.49
W089,436,0,0.4248927038626609,Left,42.49
W089,436,2,0.12017167381974249,Violation,12.02
W089,437,0,0.4507042253521127,Left,45.07
W089,437,1,0.4413145539906103,Right,44.13
W089,437,2,0.107981220657277,Violation,10.8
W089,438,0,0.43103448275862066,Left,43.1
W089,438,1,0.421455938697318,Right,42.15
W089,438,2,0.1475095785440613,Violation,14.75
W089,439,0,0.45625,Left,45.62
W089,439,1,0.41875,Right,41.88
W089,439,2,0.125,Violation,12.5
W089,440,0,0.4578059071729958,Left,45.78
W089,440,1,0.45358649789029537,Right,45.36
W089,440,2,0.08860759493670886,Violation,8.86
W089,441,1,0.43781094527363185,Right,43.78
W089,441,0,0.43283582089552236,Left,43.28
W089,441,2,0.12935323383084577,Violation,12.94
W089,442,0,0.46029173419773095,Left,46.03
W089,442,1,0.45705024311183146,Right,45.71
W089,442,2,0.08265802269043761,Violation,8.27
W089,443,1,0.48905109489051096,Right,48.91
W089,443,0,0.4282238442822384,Left,42.82
W089,443,2,0.0827250608272506,Violation,8.27
W089,444,0,0.46966731898238745,Left,46.97
W089,444,1,0.4461839530332681,Right,44.62
W089,444,2,0.08414872798434442,Violation,8.41
W089,445,2,0.3577981651376147,Violation,35.78
W089,445,0,0.32798165137614677,Left,32.8
W089,445,1,0.31422018348623854,Right,31.42
W089,446,0,0.45528455284552843,Left,45.53
W089,446,1,0.44308943089430897,Right,44.31
W089,446,2,0.1016260162601626,Violation,10.16
W089,447,0,0.4624145785876993,Left,46.24
W089,447,1,0.45558086560364464,Right,45.56
W089,447,2,0.08200455580865604,Violation,8.2
W089,448,1,0.47797716150081565,Right,47.8
W089,448,0,0.4355628058727569,Left,43.56
W089,448,2,0.0864600326264274,Violation,8.65
W089,449,1,0.5191740412979351,Right,51.92
W089,449,0,0.41297935103244837,Left,41.3
W089,449,2,0.06784660766961652,Violation,6.78
W089,450,0,0.4911591355599214,Left,49.12
W089,450,1,0.4361493123772102,Right,43.61
W089,450,2,0.07269155206286837,Violation,7.27
W089,451,1,0.4594594594594595,Right,45.95
W089,451,0,0.44054054054054054,Left,44.05
W089,451,2,0.1,Violation,10.0
W089,452,1,0.4506517690875233,Right,45.07
W089,452,0,0.43947858472998136,Left,43.95
W089,452,2,0.10986964618249534,Violation,10.99
W089,453,1,0.4913494809688581,Right,49.13
W089,453,0,0.4290657439446367,Left,42.91
W089,453,2,0.07958477508650519,Violation,7.96
W089,454,0,0.3668639053254438,Left,36.69
W089,454,1,0.34911242603550297,Right,34.91
W089,454,2,0.28402366863905326,Violation,28.4
W089,455,0,0.45614035087719296,Left,45.61
W089,455,1,0.44298245614035087,Right,44.3
W089,455,2,0.10087719298245613,Violation,10.09
W089,456,0,0.45217391304347826,Left,45.22
W089,456,1,0.4391304347826087,Right,43.91
W089,456,2,0.10869565217391304,Violation,10.87
W089,457,0,0.4740740740740741,Left,47.41
W089,457,1,0.46296296296296297,Right,46.3
W089,457,2,0.06296296296296296,Violation,6.3
W089,458,1,0.48130841121495327,Right,48.13
W089,458,0,0.4205607476635514,Left,42.06
W089,458,2,0.09813084112149532,Violation,9.81
W089,459,1,0.4788273615635179,Right,47.88
W089,459,0,0.40716612377850164,Left,40.72
W089,459,2,0.11400651465798045,Violation,11.4
W089,460,0,0.4506329113924051,Left,45.06
W089,460,1,0.44556962025316454,Right,44.56
W089,460,2,0.10379746835443038,Violation,10.38
W089,462,1,0.4523281596452328,Right,45.23
W089,462,0,0.43680709534368073,Left,43.68
W089,462,2,0.11086474501108648,Violation,11.09
W089,463,1,0.47844827586206895,Right,47.84
W089,463,0,0.4396551724137931,Left,43.97
W089,463,2,0.08189655172413793,Violation,8.19
W089,464,1,0.4649532710280374,Right,46.5
W089,464,0,0.4602803738317757,Left,46.03
W089,464,2,0.07476635514018691,Violation,7.48
W089,465,1,0.4783599088838269,Right,47.84
W089,465,0,0.43507972665148065,Left,43.51
W089,465,2,0.08656036446469248,Violation,8.66
W089,466,0,0.4636542239685658,Left,46.37
W089,466,1,0.449901768172888,Right,44.99
W089,466,2,0.08644400785854617,Violation,8.64
W089,467,0,0.47390396659707723,Left,47.39
W089,467,1,0.4551148225469729,Right,45.51
W089,467,2,0.0709812108559499,Violation,7.1
W089,468,1,0.5573770491803278,Right,55.74
W089,468,0,0.3442622950819672,Left,34.43
W089,468,2,0.09836065573770492,Violation,9.84
W089,469,1,0.5198675496688742,Right,51.99
W089,469,0,0.40728476821192056,Left,40.73
W089,469,2,0.0728476821192053,Violation,7.28
W089,470,0,0.462890625,Left,46.29
W089,470,1,0.44140625,Right,44.14
W089,470,2,0.095703125,Violation,9.57
W089,471,0,0.48014440433212996,Left,48.01
W089,471,1,0.4620938628158845,Right,46.21
W089,471,2,0.05776173285198556,Violation,5.78
W089,472,1,0.4734042553191489,Right,47.34
W089,472,0,0.46808510638297873,Left,46.81
W089,472,2,0.05851063829787234,Violation,5.85
W089,473,0,0.47306791569086654,Left,47.31
W089,473,1,0.44028103044496486,Right,44.03
W089,473,2,0.08665105386416862,Violation,8.67
W089,474,1,0.48559670781893005,Right,48.56
W089,474,0,0.43004115226337447,Left,43.0
W089,474,2,0.08436213991769548,Violation,8.44
W089,475,1,0.4619377162629758,Right,46.19
W089,475,0,0.45674740484429066,Left,45.67
W089,475,2,0.08131487889273356,Violation,8.13
W089,476,1,0.46525096525096526,Right,46.53
W089,476,0,0.43822393822393824,Left,43.82
W089,476,2,0.09652509652509653,Violation,9.65
W089,477,1,0.47575057736720555,Right,47.58
W089,477,0,0.44110854503464203,Left,44.11
W089,477,2,0.08314087759815242,Violation,8.31
W089,478,0,0.4742063492063492,Left,47.42
W089,478,1,0.44841269841269843,Right,44.84
W089,478,2,0.07738095238095238,Violation,7.74
W089,479,0,0.4607218683651805,Left,46.07
W089,479,1,0.445859872611465,Right,44.59
W089,479,2,0.09341825902335456,Violation,9.34
W089,480,1,0.47668393782383417,Right,47.67
W089,480,0,0.4326424870466321,Left,43.26
W089,480,2,0.09067357512953368,Violation,9.07
W089,481,1,0.4699248120300752,Right,46.99
W089,481,0,0.44360902255639095,Left,44.36
W089,481,2,0.08646616541353383,Violation,8.65
W089,482,0,0.44398340248962653,Left,44.4
W089,482,1,0.4336099585062241,Right,43.36
W089,482,2,0.12240663900414937,Violation,12.24
W089,483,1,0.44660194174757284,Right,44.66
W089,483,0,0.4077669902912621,Left,40.78
W089,483,2,0.14563106796116504,Violation,14.56
W089,484,1,0.45790554414784396,Right,45.79
W089,484,0,0.4537987679671458,Left,45.38
W089,484,2,0.08829568788501027,Violation,8.83
W089,485,0,0.46153846153846156,Left,46.15
W089,485,1,0.4331983805668016,Right,43.32
W089,485,2,0.10526315789473684,Violation,10.53
W089,486,1,0.47019867549668876,Right,47.02
W089,486,0,0.41721854304635764,Left,41.72
W089,486,2,0.11258278145695365,Violation,11.26
W089,487,1,0.4497991967871486,Right,44.98
W089,487,0,0.4457831325301205,Left,44.58
W089,487,2,0.10441767068273092,Violation,10.44
W089,488,1,0.47438330170777987,Right,47.44
W089,488,0,0.46110056925996207,Left,46.11
W089,488,2,0.06451612903225806,Violation,6.45
W089,489,1,0.4645390070921986,Right,46.45
W089,489,0,0.4521276595744681,Left,45.21
W089,489,2,0.08333333333333333,Violation,8.33
W089,490,1,0.4979757085020243,Right,49.8
W089,490,0,0.4291497975708502,Left,42.91
W089,490,2,0.0728744939271255,Violation,7.29
W089,491,1,0.5150214592274678,Right,51.5
W089,491,0,0.43991416309012876,Left,43.99
W089,491,2,0.045064377682403435,Violation,4.51
W089,492,1,0.4522144522144522,Right,45.22
W089,492,0,0.4172494172494173,Left,41.72
W089,492,2,0.13053613053613053,Violation,13.05
W089,493,1,0.48582230623818523,Right,48.58
W089,493,0,0.43856332703213613,Left,43.86
W089,493,2,0.07561436672967864,Violation,7.56
W089,494,1,0.46473029045643155,Right,46.47
W089,494,0,0.45435684647302904,Left,45.44
W089,494,2,0.08091286307053942,Violation,8.09
W089,495,0,0.46813186813186813,Left,46.81
W089,495,1,0.45274725274725275,Right,45.27
W089,495,2,0.07912087912087912,Violation,7.91
W089,496,0,0.4681181959564541,Left,46.81
W089,496,1,0.4432348367029549,Right,44.32
W089,496,2,0.08864696734059098,Violation,8.86
W089,497,0,0.4854771784232365,Left,48.55
W089,497,1,0.43775933609958506,Right,43.78
W089,497,2,0.07676348547717843,Violation,7.68
W089,498,1,0.4558011049723757,Right,45.58
W089,498,0,0.430939226519337,Left,43.09
W089,498,2,0.1132596685082873,Violation,11.33
W089,499,1,0.48473967684021546,Right,48.47
W089,499,0,0.45601436265709155,Left,45.6
W089,499,2,0.059245960502693,Violation,5.92
W089,500,1,0.46387832699619774,Right,46.39
W089,500,0,0.4448669201520912,Left,44.49
W089,500,2,0.09125475285171103,Violation,9.13
W089,501,1,0.45494505494505494,Right,45.49
W089,501,0,0.45274725274725275,Left,45.27
W089,501,2,0.09230769230769231,Violation,9.23
W089,502,1,0.4743935309973046,Right,47.44
W089,502,0,0.4501347708894879,Left,45.01
W089,502,2,0.07547169811320754,Violation,7.55
W089,503,0,0.4905263157894737,Left,49.05
W089,503,1,0.4336842105263158,Right,43.37
W089,503,2,0.07578947368421053,Violation,7.58
W089,504,1,0.48363636363636364,Right,48.36
W089,504,0,0.4290909090909091,Left,42.91
W089,504,2,0.08727272727272728,Violation,8.73
W089,505,0,0.4662756598240469,Left,46.63
W089,505,1,0.4398826979472141,Right,43.99
W089,505,2,0.093841642228739,Violation,9.38
W089,506,1,0.4622093023255814,Right,46.22
W089,506,0,0.4418604651162791,Left,44.19
W089,506,2,0.09593023255813954,Violation,9.59
W089,507,1,0.4052631578947368,Right,40.53
W089,507,0,0.35789473684210527,Left,35.79
W089,507,2,0.23684210526315788,Violation,23.68
W089,508,1,0.47572815533980584,Right,47.57
W089,508,0,0.44271844660194176,Left,44.27
W089,508,2,0.08155339805825243,Violation,8.16
W089,509,0,0.4605678233438486,Left,46.06
W089,509,1,0.4416403785488959,Right,44.16
W089,509,2,0.09779179810725552,Violation,9.78
W089,510,1,0.45,Right,45.0
W089,510,0,0.43846153846153846,Left,43.85
W089,510,2,0.11153846153846154,Violation,11.15
W089,511,0,0.46790890269151136,Left,46.79
W089,511,1,0.4616977225672878,Right,46.17
W089,511,2,0.07039337474120083,Violation,7.04
W089,512,0,0.46875,Left,46.88
W089,512,1,0.45703125,Right,45.7
W089,512,2,0.07421875,Violation,7.42
W089,513,1,0.46567164179104475,Right,46.57
W089,513,0,0.4388059701492537,Left,43.88
W089,513,2,0.0955223880597015,Violation,9.55
W089,514,1,0.40076335877862596,Right,40.08
W089,514,0,0.3816793893129771,Left,38.17
W089,514,2,0.21755725190839695,Violation,21.76
W089,515,1,0.4406779661016949,Right,44.07
W089,515,0,0.384180790960452,Left,38.42
W089,515,2,0.1751412429378531,Violation,17.51
W089,516,0,0.46564885496183206,Left,46.56
W089,516,1,0.43256997455470736,Right,43.26
W089,516,2,0.10178117048346055,Violation,10.18
W089,517,0,0.45879732739420936,Left,45.88
W089,517,1,0.44320712694877507,Right,44.32
W089,517,2,0.09799554565701558,Violation,9.8
W089,518,0,0.4752475247524752,Left,47.52
W089,518,1,0.4306930693069307,Right,43.07
W089,518,2,0.09405940594059406,Violation,9.41
W089,519,1,0.47696476964769646,Right,47.7
W089,519,0,0.42276422764227645,Left,42.28
W089,519,2,0.1002710027100271,Violation,10.03
W089,520,1,0.4707692307692308,Right,47.08
W089,520,0,0.40307692307692305,Left,40.31
W089,520,2,0.12615384615384614,Violation,12.62
W089,521,1,0.4645669291338583,Right,46.46
W089,521,0,0.4330708661417323,Left,43.31
W089,521,2,0.10236220472440945,Violation,10.24
W089,522,1,0.4629156010230179,Right,46.29
W089,522,0,0.44501278772378516,Left,44.5
W089,522,2,0.09207161125319693,Violation,9.21
W089,523,0,0.4642857142857143,Left,46.43
W089,523,1,0.43333333333333335,Right,43.33
W089,523,2,0.10238095238095238,Violation,10.24
W089,524,1,0.4883720930232558,Right,48.84
W089,524,0,0.40568475452196384,Left,40.57
W089,524,2,0.10594315245478036,Violation,10.59
W089,525,1,0.4551282051282051,Right,45.51
W089,525,0,0.4519230769230769,Left,45.19
W089,525,2,0.09294871794871795,Violation,9.29
W089,526,0,0.4551148225469729,Left,45.51
W089,526,1,0.4133611691022965,Right,41.34
W089,526,2,0.1315240083507307,Violation,13.15
W089,527,0,0.46859903381642515,Left,46.86
W089,527,1,0.39371980676328505,Right,39.37
W089,527,2,0.13768115942028986,Violation,13.77
W089,528,0,0.45054945054945056,Left,45.05
W089,528,1,0.4358974358974359,Right,43.59
W089,528,2,0.11355311355311355,Violation,11.36
W089,529,0,0.45089285714285715,Left,45.09
W089,529,1,0.4486607142857143,Right,44.87
W089,529,2,0.10044642857142858,Violation,10.04
W089,530,1,0.46153846153846156,Right,46.15
W089,530,0,0.4267990074441687,Left,42.68
W089,530,2,0.11166253101736973,Violation,11.17
W089,531,1,0.4692982456140351,Right,46.93
W089,531,0,0.42105263157894735,Left,42.11
W089,531,2,0.10964912280701754,Violation,10.96
W089,532,0,0.47580645161290325,Left,47.58
W089,532,1,0.4489247311827957,Right,44.89
W089,532,2,0.07526881720430108,Violation,7.53
W089,533,1,0.48184818481848185,Right,48.18
W089,533,0,0.41254125412541254,Left,41.25
W089,533,2,0.10561056105610561,Violation,10.56
W089,534,0,0.449438202247191,Left,44.94
W089,534,1,0.43980738362760835,Right,43.98
W089,534,2,0.11075441412520064,Violation,11.08
W089,535,0,0.43884892086330934,Left,43.88
W089,535,1,0.42805755395683454,Right,42.81
W089,535,2,0.13309352517985612,Violation,13.31
W089,536,0,0.4602446483180428,Left,46.02
W089,536,1,0.4541284403669725,Right,45.41
W089,536,2,0.0856269113149847,Violation,8.56
W089,537,0,0.4988962472406181,Left,49.89
W089,537,1,0.4216335540838852,Right,42.16
W089,537,2,0.07947019867549669,Violation,7.95
W089,538,1,0.5045592705167173,Right,50.46
W089,538,0,0.43617021276595747,Left,43.62
W089,538,2,0.05927051671732523,Violation,5.93
W089,539,0,0.48111658456486045,Left,48.11
W089,539,1,0.45320197044334976,Right,45.32
W089,539,2,0.06568144499178982,Violation,6.57
W089,540,0,0.4681238615664845,Left,46.81
W089,540,1,0.45719489981785066,Right,45.72
W089,540,2,0.07468123861566485,Violation,7.47
W089,541,0,0.47029702970297027,Left,47.03
W089,541,1,0.45874587458745875,Right,45.87
W089,541,2,0.07095709570957096,Violation,7.1
W089,542,0,0.4696755994358251,Left,46.97
W089,542,1,0.459802538787024,Right,45.98
W089,542,2,0.07052186177715092,Violation,7.05
W089,543,0,0.4699367088607595,Left,46.99
W089,543,1,0.4541139240506329,Right,45.41
W089,543,2,0.0759493670886076,Violation,7.59
W089,544,0,0.4642857142857143,Left,46.43
W089,544,1,0.4575892857142857,Right,45.76
W089,544,2,0.078125,Violation,7.81
W089,545,0,0.4748858447488584,Left,47.49
W089,545,1,0.4634703196347032,Right,46.35
W089,545,2,0.06164383561643835,Violation,6.16
W089,546,1,0.4684931506849315,Right,46.85
W089,546,0,0.4589041095890411,Left,45.89
W089,546,2,0.07260273972602739,Violation,7.26
W089,547,0,0.4697406340057637,Left,46.97
W089,547,1,0.46829971181556196,Right,46.83
W089,547,2,0.06195965417867435,Violation,6.2
W089,548,1,0.47688243064729197,Right,47.69
W089,548,0,0.4676354029062087,Left,46.76
W089,548,2,0.05548216644649934,Violation,5.55
W089,549,0,0.45685279187817257,Left,45.69
W089,549,1,0.45685279187817257,Right,45.69
W089,549,2,0.08629441624365482,Violation,8.63
W089,550,0,0.4718562874251497,Left,47.19
W089,550,1,0.4502994011976048,Right,45.03
W089,550,2,0.07784431137724551,Violation,7.78
W089,551,1,0.470189701897019,Right,47.02
W089,551,0,0.45528455284552843,Left,45.53
W089,551,2,0.07452574525745258,Violation,7.45
W089,552,1,0.47630619684082626,Right,47.63
W089,552,0,0.4726609963547995,Left,47.27
W089,552,2,0.05103280680437424,Violation,5.1
W089,553,1,0.46837146702557203,Right,46.84
W089,553,0,0.4670255720053836,Left,46.7
W089,553,2,0.06460296096904442,Violation,6.46
W089,554,0,0.47162162162162163,Left,47.16
W089,554,1,0.4527027027027027,Right,45.27
W089,554,2,0.07567567567567568,Violation,7.57
W089,555,1,0.46608040201005024,Right,46.61
W089,555,0,0.4635678391959799,Left,46.36
W089,555,2,0.07035175879396985,Violation,7.04
W089,556,1,0.4657142857142857,Right,46.57
W089,556,0,0.44571428571428573,Left,44.57
W089,556,2,0.08857142857142856,Violation,8.86
W089,557,1,0.4791666666666667,Right,47.92
W089,557,0,0.4513888888888889,Left,45.14
W089,557,2,0.06944444444444445,Violation,6.94
W089,558,1,0.4714086471408647,Right,47.14
W089,558,0,0.4616457461645746,Left,46.16
W089,558,2,0.06694560669456066,Violation,6.69
W089,559,1,0.47132867132867134,Right,47.13
W089,559,0,0.4643356643356643,Left,46.43
W089,559,2,0.06433566433566433,Violation,6.43
W089,560,0,0.4736111111111111,Left,47.36
W089,560,1,0.4652777777777778,Right,46.53
W089,560,2,0.06111111111111111,Violation,6.11
W089,561,1,0.46677740863787376,Right,46.68
W089,561,0,0.4584717607973422,Left,45.85
W089,561,2,0.07475083056478406,Violation,7.48
W089,562,0,0.4889502762430939,Left,48.9
W089,562,1,0.4654696132596685,Right,46.55
W089,562,2,0.04558011049723757,Violation,4.56
W089,563,0,0.47903430749682335,Left,47.9
W089,563,1,0.4663278271918678,Right,46.63
W089,563,2,0.054637865311308764,Violation,5.46
W089,564,0,0.471671388101983,Left,47.17
W089,564,1,0.4546742209631728,Right,45.47
W089,564,2,0.07365439093484419,Violation,7.37
W089,565,0,0.37894736842105264,Left,37.89
W089,565,1,0.3368421052631579,Right,33.68
W089,565,2,0.28421052631578947,Violation,28.42
W089,566,0,0.4821917808219178,Left,48.22
W089,566,1,0.4465753424657534,Right,44.66
W089,566,2,0.07123287671232877,Violation,7.12
W094,370,1,0.3783783783783784,Right,37.84
W094,370,0,0.3303303303303303,Left,33.03
W094,370,2,0.2912912912912913,Violation,29.13
W094,371,1,0.391304347826087,Right,39.13
W094,371,0,0.38198757763975155,Left,38.2
W094,371,2,0.2267080745341615,Violation,22.67
W094,372,0,0.39751552795031053,Left,39.75
W094,372,1,0.32919254658385094,Right,32.92
W094,372,2,0.2732919254658385,Violation,27.33
W094,373,1,0.42016806722689076,Right,42.02
W094,373,0,0.39915966386554624,Left,39.92
W094,373,2,0.18067226890756302,Violation,18.07
W094,374,0,0.3877551020408163,Left,38.78
W094,374,1,0.3469387755102041,Right,34.69
W094,374,2,0.2653061224489796,Violation,26.53
W094,375,1,0.39037433155080214,Right,39.04
W094,375,0,0.33689839572192515,Left,33.69
W094,375,2,0.2727272727272727,Violation,27.27
W094,376,1,0.34810126582278483,Right,34.81
W094,376,0,0.34177215189873417,Left,34.18
W094,376,2,0.310126582278481,Violation,31.01
W094,377,0,0.3916256157635468,Left,39.16
W094,377,1,0.3891625615763547,Right,38.92
W094,377,2,0.21921182266009853,Violation,21.92
W094,378,1,0.40445859872611467,Right,40.45
W094,378,0,0.3853503184713376,Left,38.54
W094,378,2,0.21019108280254778,Violation,21.02
W094,379,1,0.38309859154929576,Right,38.31
W094,379,0,0.30985915492957744,Left,30.99
W094,379,2,0.30704225352112674,Violation,30.7
W094,380,0,0.37943262411347517,Left,37.94
W094,380,1,0.35815602836879434,Right,35.82
W094,380,2,0.2624113475177305,Violation,26.24
W094,381,1,0.36607142857142855,Right,36.61
W094,381,0,0.34523809523809523,Left,34.52
W094,381,2,0.28869047619047616,Violation,28.87
W094,382,1,0.3761467889908257,Right,37.61
W094,382,0,0.3669724770642202,Left,36.7
W094,382,2,0.25688073394495414,Violation,25.69
W094,383,1,0.390625,Right,39.06
W094,383,0,0.3802083333333333,Left,38.02
W094,383,2,0.22916666666666666,Violation,22.92
W094,384,1,0.423728813559322,Right,42.37
W094,384,0,0.4135593220338983,Left,41.36
W094,384,2,0.16271186440677965,Violation,16.27
W094,385,1,0.4337748344370861,Right,43.38
W094,385,0,0.37748344370860926,Left,37.75
W094,385,2,0.18874172185430463,Violation,18.87
W094,386,1,0.41935483870967744,Right,41.94
W094,386,0,0.39296187683284456,Left,39.3
W094,386,2,0.187683284457478,Violation,18.77
W094,387,1,0.4139072847682119,Right,41.39
W094,387,0,0.36423841059602646,Left,36.42
W094,387,2,0.22185430463576158,Violation,22.19
W094,388,1,0.42138364779874216,Right,42.14
W094,388,0,0.3584905660377358,Left,35.85
W094,388,2,0.22012578616352202,Violation,22.01
W094,389,1,0.42118863049095606,Right,42.12
W094,389,0,0.39018087855297157,Left,39.02
W094,389,2,0.18863049095607234,Violation,18.86
W094,390,1,0.4260869565217391,Right,42.61
W094,390,0,0.39710144927536234,Left,39.71
W094,390,2,0.17681159420289855,Violation,17.68
W094,391,1,0.4542124542124542,Right,45.42
W094,391,0,0.37362637362637363,Left,37.36
W094,391,2,0.17216117216117216,Violation,17.22
W094,392,0,0.43356643356643354,Left,43.36
W094,392,1,0.36363636363636365,Right,36.36
W094,392,2,0.20279720279720279,Violation,20.28
W094,393,0,0.4075067024128686,Left,40.75
W094,393,1,0.3941018766756032,Right,39.41
W094,393,2,0.19839142091152814,Violation,19.84
W094,394,1,0.3916913946587537,Right,39.17
W094,394,0,0.3590504451038576,Left,35.91
W094,394,2,0.24925816023738873,Violation,24.93
W094,395,1,0.42408376963350786,Right,42.41
W094,395,0,0.4214659685863874,Left,42.15
W094,395,2,0.1544502617801047,Violation,15.45
W094,396,0,0.43010752688172044,Left,43.01
W094,396,1,0.42473118279569894,Right,42.47
W094,396,2,0.14516129032258066,Violation,14.52
W094,397,0,0.42424242424242425,Left,42.42
W094,397,1,0.3696969696969697,Right,36.97
W094,397,2,0.20606060606060606,Violation,20.61
W094,398,0,0.48655913978494625,Left,48.66
W094,398,1,0.42473118279569894,Right,42.47
W094,398,2,0.08870967741935484,Violation,8.87
W094,399,1,0.4125,Right,41.25
W094,399,0,0.403125,Left,40.31
W094,399,2,0.184375,Violation,18.44
W094,400,0,0.4086687306501548,Left,40.87
W094,400,1,0.3715170278637771,Right,37.15
W094,400,2,0.21981424148606812,Violation,21.98
W094,401,1,0.3871794871794872,Right,38.72
W094,401,0,0.3487179487179487,Left,34.87
W094,401,2,0.2641025641025641,Violation,26.41
W094,402,1,0.39800995024875624,Right,39.8
W094,402,0,0.39303482587064675,Left,39.3
W094,402,2,0.208955223880597,Violation,20.9
W094,403,1,0.36538461538461536,Right,36.54
W094,403,0,0.3557692307692308,Left,35.58
W094,403,2,0.27884615384615385,Violation,27.88
W094,404,2,0.5873015873015873,Violation,58.73
W094,404,0,0.23809523809523808,Left,23.81
W094,404,1,0.1746031746031746,Right,17.46
W094,405,1,0.3693181818181818,Right,36.93
W094,405,2,0.32954545454545453,Violation,32.95
W094,405,0,0.30113636363636365,Left,30.11
W094,406,0,0.3668032786885246,Left,36.68
W094,406,1,0.3524590163934426,Right,35.25
W094,406,2,0.2807377049180328,Violation,28.07
W094,407,0,0.335978835978836,Left,33.6
W094,407,2,0.335978835978836,Violation,33.6
W094,407,1,0.328042328042328,Right,32.8
W094,408,1,0.3865546218487395,Right,38.66
W094,408,0,0.37254901960784315,Left,37.25
W094,408,2,0.24089635854341737,Violation,24.09
W094,409,0,0.3903133903133903,Left,39.03
W094,409,1,0.3561253561253561,Right,35.61
W094,409,2,0.2535612535612536,Violation,25.36
W094,410,0,0.42247191011235957,Left,42.25
W094,410,1,0.4134831460674157,Right,41.35
W094,410,2,0.16404494382022472,Violation,16.4
W094,411,0,0.4147982062780269,Left,41.48
W094,411,1,0.3721973094170404,Right,37.22
W094,411,2,0.21300448430493274,Violation,21.3
W094,412,1,0.4161849710982659,Right,41.62
W094,412,0,0.3468208092485549,Left,34.68
W094,412,2,0.23699421965317918,Violation,23.7
W094,413,0,0.4250871080139373,Left,42.51
W094,413,1,0.3588850174216028,Right,35.89
W094,413,2,0.21602787456445993,Violation,21.6
W094,414,1,0.39914163090128757,Right,39.91
W094,414,0,0.3605150214592275,Left,36.05
W094,414,2,0.24034334763948498,Violation,24.03
W094,415,1,0.41299303944315546,Right,41.3
W094,415,0,0.35266821345707655,Left,35.27
W094,415,2,0.23433874709976799,Violation,23.43
W094,416,1,0.4046511627906977,Right,40.47
W094,416,0,0.37209302325581395,Left,37.21
W094,416,2,0.22325581395348837,Violation,22.33
W094,417,0,0.42091836734693877,Left,42.09
W094,417,1,0.3877551020408163,Right,38.78
W094,417,2,0.1913265306122449,Violation,19.13
W094,418,1,0.417607223476298,Right,41.76
W094,418,0,0.39503386004514673,Left,39.5
W094,418,2,0.1873589164785553,Violation,18.74
W094,419,0,0.42201834862385323,Left,42.2
W094,419,1,0.3669724770642202,Right,36.7
W094,419,2,0.21100917431192662,Violation,21.1
W094,420,1,0.40714285714285714,Right,40.71
W094,420,0,0.3595238095238095,Left,35.95
W094,420,2,0.23333333333333334,Violation,23.33
W094,421,1,0.43989071038251365,Right,43.99
W094,421,0,0.3989071038251366,Left,39.89
W094,421,2,0.16120218579234974,Violation,16.12
W094,422,0,0.38997214484679665,Left,39.0
W094,422,1,0.37604456824512533,Right,37.6
W094,422,2,0.233983286908078,Violation,23.4
W094,423,1,0.43768115942028984,Right,43.77
W094,423,0,0.39710144927536234,Left,39.71
W094,423,2,0.16521739130434782,Violation,16.52
W094,424,0,0.40048543689320387,Left,40.05
W094,424,1,0.3907766990291262,Right,39.08
W094,424,2,0.2087378640776699,Violation,20.87
W094,425,1,0.41347626339969373,Right,41.35
W094,425,0,0.39663093415007655,Left,39.66
W094,425,2,0.18989280245022971,Violation,18.99
W094,426,0,0.43204868154158216,Left,43.2
W094,426,1,0.4077079107505071,Right,40.77
W094,426,2,0.16024340770791076,Violation,16.02
W094,427,0,0.3375796178343949,Left,33.76
W094,427,1,0.33121019108280253,Right,33.12
W094,427,2,0.33121019108280253,Violation,33.12
W094,428,0,0.42326732673267325,Left,42.33
W094,428,1,0.38613861386138615,Right,38.61
W094,428,2,0.1905940594059406,Violation,19.06
W094,429,0,0.4351297405189621,Left,43.51
W094,429,1,0.42115768463073855,Right,42.12
W094,429,2,0.1437125748502994,Violation,14.37
W094,430,1,0.4375,Right,43.75
W094,430,0,0.43125,Left,43.12
W094,430,2,0.13125,Violation,13.12
W094,431,0,0.45038167938931295,Left,45.04
W094,431,1,0.4223918575063613,Right,42.24
W094,431,2,0.1272264631043257,Violation,12.72
W094,432,0,0.44972577696526506,Left,44.97
W094,432,1,0.4369287020109689,Right,43.69
W094,432,2,0.113345521023766,Violation,11.33
W094,433,0,0.44518272425249167,Left,44.52
W094,433,1,0.4019933554817276,Right,40.2
W094,433,2,0.15282392026578073,Violation,15.28
W094,434,1,0.4304461942257218,Right,43.04
W094,434,0,0.3805774278215223,Left,38.06
W094,434,2,0.1889763779527559,Violation,18.9
W094,435,1,0.441340782122905,Right,44.13
W094,435,0,0.43575418994413406,Left,43.58
W094,435,2,0.12290502793296089,Violation,12.29
W094,436,1,0.4294294294294294,Right,42.94
W094,436,0,0.39039039039039036,Left,39.04
W094,436,2,0.18018018018018017,Violation,18.02
W094,437,1,0.43882978723404253,Right,43.88
W094,437,0,0.42819148936170215,Left,42.82
W094,437,2,0.13297872340425532,Violation,13.3
W094,438,0,0.4235500878734622,Left,42.36
W094,438,1,0.4200351493848858,Right,42.0
W094,438,2,0.15641476274165203,Violation,15.64
W094,439,0,0.43478260869565216,Left,43.48
W094,439,1,0.4244306418219462,Right,42.44
W094,439,2,0.14078674948240166,Violation,14.08
W094,440,1,0.4194373401534527,Right,41.94
W094,440,0,0.4092071611253197,Left,40.92
W094,440,2,0.17135549872122763,Violation,17.14
W094,441,0,0.43914081145584727,Left,43.91
W094,441,1,0.4152744630071599,Right,41.53
W094,441,2,0.14558472553699284,Violation,14.56
W094,442,0,0.46511627906976744,Left,46.51
W094,442,1,0.42151162790697677,Right,42.15
W094,442,2,0.11337209302325581,Violation,11.34
W094,443,1,0.4349775784753363,Right,43.5
W094,443,0,0.40582959641255606,Left,40.58
W094,443,2,0.1591928251121076,Violation,15.92
W094,444,1,0.4461538461538462,Right,44.62
W094,444,0,0.38974358974358975,Left,38.97
W094,444,2,0.1641025641025641,Violation,16.41
W094,445,1,0.4431554524361949,Right,44.32
W094,445,0,0.43155452436194897,Left,43.16
W094,445,2,0.12529002320185614,Violation,12.53
W094,446,1,0.4431818181818182,Right,44.32
W094,446,0,0.4340909090909091,Left,43.41
W094,446,2,0.12272727272727273,Violation,12.27
W094,447,1,0.43887775551102204,Right,43.89
W094,447,0,0.4348697394789579,Left,43.49
W094,447,2,0.12625250501002003,Violation,12.63
W094,448,1,0.43956043956043955,Right,43.96
W094,448,0,0.37637362637362637,Left,37.64
W094,448,2,0.18406593406593408,Violation,18.41
W094,449,1,0.4581818181818182,Right,45.82
W094,449,0,0.3781818181818182,Left,37.82
W094,449,2,0.16363636363636364,Violation,16.36
W094,450,1,0.44969199178644764,Right,44.97
W094,450,0,0.4127310061601643,Left,41.27
W094,450,2,0.1375770020533881,Violation,13.76
W094,451,0,0.4406392694063927,Left,44.06
W094,451,1,0.4337899543378995,Right,43.38
W094,451,2,0.12557077625570776,Violation,12.56
W094,452,1,0.4254807692307692,Right,42.55
W094,452,0,0.4230769230769231,Left,42.31
W094,452,2,0.15144230769230768,Violation,15.14
W094,453,1,0.4157303370786517,Right,41.57
W094,453,0,0.4044943820224719,Left,40.45
W094,453,2,0.1797752808988764,Violation,17.98
W094,454,0,0.41379310344827586,Left,41.38
W094,454,1,0.41379310344827586,Right,41.38
W094,454,2,0.1724137931034483,Violation,17.24
W094,455,0,0.4176904176904177,Left,41.77
W094,455,1,0.3931203931203931,Right,39.31
W094,455,2,0.1891891891891892,Violation,18.92
W094,456,0,0.4230769230769231,Left,42.31
W094,456,1,0.41794871794871796,Right,41.79
W094,456,2,0.15897435897435896,Violation,15.9
W094,457,1,0.38819875776397517,Right,38.82
W094,457,0,0.38509316770186336,Left,38.51
W094,457,2,0.2267080745341615,Violation,22.67
W094,458,0,0.375,Left,37.5
W094,458,1,0.375,Right,37.5
W094,458,2,0.25,Violation,25.0
W094,459,1,0.4266666666666667,Right,42.67
W094,459,0,0.3933333333333333,Left,39.33
W094,459,2,0.18,Violation,18.0
W094,460,1,0.39896373056994816,Right,39.9
W094,460,0,0.38341968911917096,Left,38.34
W094,460,2,0.21761658031088082,Violation,21.76
W094,461,1,0.4106280193236715,Right,41.06
W094,461,0,0.37922705314009664,Left,37.92
W094,461,2,0.21014492753623187,Violation,21.01
W094,462,1,0.41116751269035534,Right,41.12
W094,462,0,0.39593908629441626,Left,39.59
W094,462,2,0.19289340101522842,Violation,19.29
W094,463,0,0.4252336448598131,Left,42.52
W094,463,1,0.40186915887850466,Right,40.19
W094,463,2,0.17289719626168223,Violation,17.29
W094,464,0,0.4176470588235294,Left,41.76
W094,464,1,0.4019607843137255,Right,40.2
W094,464,2,0.1803921568627451,Violation,18.04
W094,465,1,0.44970414201183434,Right,44.97
W094,465,0,0.39447731755424065,Left,39.45
W094,465,2,0.15581854043392504,Violation,15.58
W094,466,2,0.4491803278688525,Violation,44.92
W094,466,1,0.29180327868852457,Right,29.18
W094,466,0,0.25901639344262295,Left,25.9
W094,467,1,0.34615384615384615,Right,34.62
W094,467,0,0.32840236686390534,Left,32.84
W094,467,2,0.3254437869822485,Violation,32.54
W094,468,1,0.3852040816326531,Right,38.52
W094,468,0,0.35459183673469385,Left,35.46
W094,468,2,0.2602040816326531,Violation,26.02
W094,469,1,0.4340175953079179,Right,43.4
W094,469,0,0.3841642228739003,Left,38.42
W094,469,2,0.18181818181818182,Violation,18.18
W094,470,1,0.40192926045016075,Right,40.19
W094,470,0,0.3762057877813505,Left,37.62
W094,470,2,0.22186495176848875,Violation,22.19
W094,471,1,0.4553072625698324,Right,45.53
W094,471,0,0.3659217877094972,Left,36.59
W094,471,2,0.1787709497206704,Violation,17.88
W094,472,0,0.409375,Left,40.94
W094,472,1,0.40625,Right,40.62
W094,472,2,0.184375,Violation,18.44
W094,473,1,0.3486973947895792,Right,34.87
W094,473,2,0.33266533066132264,Violation,33.27
W094,473,0,0.3186372745490982,Left,31.86
W094,474,1,0.3909348441926346,Right,39.09
W094,474,0,0.3881019830028329,Left,38.81
W094,474,2,0.22096317280453256,Violation,22.1
W094,475,1,0.4316109422492401,Right,43.16
W094,475,0,0.3738601823708207,Left,37.39
W094,475,2,0.1945288753799392,Violation,19.45
W094,477,1,0.3597122302158273,Right,35.97
W094,477,2,0.3597122302158273,Violation,35.97
W094,477,0,0.2805755395683453,Left,28.06
W094,478,0,0.4012738853503185,Left,40.13
W094,478,1,0.4012738853503185,Right,40.13
W094,478,2,0.19745222929936307,Violation,19.75
W094,479,1,0.42142857142857143,Right,42.14
W094,479,0,0.35714285714285715,Left,35.71
W094,479,2,0.22142857142857142,Violation,22.14
W094,480,0,0.40540540540540543,Left,40.54
W094,480,1,0.35585585585585583,Right,35.59
W094,480,2,0.23873873873873874,Violation,23.87
W094,481,2,0.4371069182389937,Violation,43.71
W094,481,1,0.3710691823899371,Right,37.11
W094,481,0,0.1918238993710692,Left,19.18
W094,482,1,0.3475783475783476,Right,34.76
W094,482,0,0.3319088319088319,Left,33.19
W094,482,2,0.32051282051282054,Violation,32.05
W094,483,0,0.40414041404140416,Left,40.41
W094,483,1,0.40054005400540055,Right,40.05
W094,483,2,0.19531953195319532,Violation,19.53
W094,484,1,0.47484909456740443,Right,47.48
W094,484,0,0.448692152917505,Left,44.87
W094,484,2,0.07645875251509054,Violation,7.65
W094,485,1,0.36936936936936937,Right,36.94
W094,485,0,0.36486486486486486,Left,36.49
W094,485,2,0.26576576576576577,Violation,26.58
W094,486,1,0.42417582417582417,Right,42.42
W094,486,0,0.3758241758241758,Left,37.58
W094,486,2,0.2,Violation,20.0
W094,487,0,0.4306569343065693,Left,43.07
W094,487,1,0.41849148418491483,Right,41.85
W094,487,2,0.15085158150851583,Violation,15.09
W094,488,0,0.45393258426966293,Left,45.39
W094,488,1,0.4202247191011236,Right,42.02
W094,488,2,0.1258426966292135,Violation,12.58
W094,489,0,0.4369158878504673,Left,43.69
W094,489,1,0.40420560747663553,Right,40.42
W094,489,2,0.1588785046728972,Violation,15.89
W094,490,1,0.4573002754820937,Right,45.73
W094,490,0,0.41046831955922863,Left,41.05
W094,490,2,0.1322314049586777,Violation,13.22
W094,491,2,0.5201192250372578,Violation,52.01
W094,491,1,0.2757078986587183,Right,27.57
W094,491,0,0.20417287630402384,Left,20.42
W094,493,1,0.42913385826771655,Right,42.91
W094,493,0,0.36515748031496065,Left,36.52
W094,493,2,0.20570866141732283,Violation,20.57
W094,494,1,0.37341772151898733,Right,37.34
W094,494,0,0.31645569620253167,Left,31.65
W094,494,2,0.310126582278481,Violation,31.01
W094,495,1,0.4091279543602282,Right,40.91
W094,495,0,0.37082314588427057,Left,37.08
W094,495,2,0.2200488997555012,Violation,22.0
W094,496,0,0.41658812441093307,Left,41.66
W094,496,1,0.4052780395852969,Right,40.53
W094,496,2,0.17813383600377003,Violation,17.81
W094,497,1,0.42523768366465,Right,42.52
W094,497,0,0.39844425237683667,Left,39.84
W094,497,2,0.1763180639585134,Violation,17.63
W094,498,0,0.423191278493558,Left,42.32
W094,498,1,0.37661050545094155,Right,37.66
W094,498,2,0.2001982160555005,Violation,20.02
W094,499,0,0.43467336683417085,Left,43.47
W094,499,1,0.41708542713567837,Right,41.71
W094,499,2,0.14824120603015076,Violation,14.82
W094,500,1,0.4316353887399464,Right,43.16
W094,500,0,0.42091152815013405,Left,42.09
W094,500,2,0.14745308310991956,Violation,14.75
W094,501,0,0.46646341463414637,Left,46.65
W094,501,1,0.3780487804878049,Right,37.8
W094,501,2,0.15548780487804878,Violation,15.55
W094,502,0,0.4523809523809524,Left,45.24
W094,502,1,0.3961038961038961,Right,39.61
W094,502,2,0.15151515151515152,Violation,15.15
W094,503,0,0.42729970326409494,Left,42.73
W094,503,1,0.42136498516320475,Right,42.14
W094,503,2,0.1513353115727003,Violation,15.13
W094,504,1,0.44776119402985076,Right,44.78
W094,504,0,0.4154228855721393,Left,41.54
W094,504,2,0.13681592039800994,Violation,13.68
W094,505,0,0.4540682414698163,Left,45.41
W094,505,1,0.3963254593175853,Right,39.63
W094,505,2,0.14960629921259844,Violation,14.96
W094,506,1,0.45526315789473687,Right,45.53
W094,506,0,0.42105263157894735,Left,42.11
W094,506,2,0.12368421052631579,Violation,12.37
W094,507,0,0.42950108459869846,Left,42.95
W094,507,1,0.42516268980477223,Right,42.52
W094,507,2,0.14533622559652928,Violation,14.53
W094,508,0,0.4346590909090909,Left,43.47
W094,508,1,0.42329545454545453,Right,42.33
W094,508,2,0.14204545454545456,Violation,14.2
W094,509,0,0.43884892086330934,Left,43.88
W094,509,1,0.37050359712230213,Right,37.05
W094,509,2,0.1906474820143885,Violation,19.06
W094,510,0,0.43103448275862066,Left,43.1
W094,510,1,0.367816091954023,Right,36.78
W094,510,2,0.20114942528735633,Violation,20.11
W094,511,0,0.4520547945205479,Left,45.21
W094,511,1,0.3835616438356164,Right,38.36
W094,511,2,0.1643835616438356,Violation,16.44
W094,512,0,0.4260355029585799,Left,42.6
W094,512,1,0.3727810650887574,Right,37.28
W094,512,2,0.20118343195266272,Violation,20.12
W094,513,0,0.4405797101449275,Left,44.06
W094,513,1,0.39710144927536234,Right,39.71
W094,513,2,0.16231884057971013,Violation,16.23
W094,514,0,0.3732394366197183,Left,37.32
W094,514,1,0.3732394366197183,Right,37.32
W094,514,2,0.2535211267605634,Violation,25.35
W094,515,1,0.4577981651376147,Right,45.78
W094,515,0,0.42844036697247706,Left,42.84
W094,515,2,0.11376146788990826,Violation,11.38
W094,516,2,0.4649122807017544,Violation,46.49
W094,516,1,0.3333333333333333,Right,33.33
W094,516,0,0.20175438596491227,Left,20.18
W094,517,0,0.42151162790697677,Left,42.15
W094,517,1,0.39825581395348836,Right,39.83
W094,517,2,0.18023255813953487,Violation,18.02
W094,518,1,0.43103448275862066,Right,43.1
W094,518,0,0.4073275862068966,Left,40.73
W094,518,2,0.16163793103448276,Violation,16.16
W094,519,1,0.4211618257261411,Right,42.12
W094,519,0,0.4004149377593361,Left,40.04
W094,519,2,0.17842323651452283,Violation,17.84
W094,520,0,0.4175084175084175,Left,41.75
W094,520,1,0.39225589225589225,Right,39.23
W094,520,2,0.19023569023569023,Violation,19.02
W094,521,0,0.46543778801843316,Left,46.54
W094,521,1,0.4009216589861751,Right,40.09
W094,521,2,0.1336405529953917,Violation,13.36
W094,522,1,0.43415637860082307,Right,43.42
W094,522,0,0.4053497942386831,Left,40.53
W094,522,2,0.16049382716049382,Violation,16.05
W094,523,0,0.43665158371040724,Left,43.67
W094,523,1,0.41855203619909503,Right,41.86
W094,523,2,0.14479638009049775,Violation,14.48
W094,524,0,0.4876712328767123,Left,48.77
W094,524,1,0.38904109589041097,Right,38.9
W094,524,2,0.1232876712328767,Violation,12.33
W094,525,1,0.3868312757201646,Right,38.68
W094,525,0,0.3724279835390947,Left,37.24
W094,525,2,0.24074074074074073,Violation,24.07
W094,526,1,0.41767068273092367,Right,41.77
W094,526,0,0.39558232931726905,Left,39.56
W094,526,2,0.18674698795180722,Violation,18.67
