animal_id,source,max_trial,align_session,n_sessions,n_trials_per_session,session_avg_violation,session_avg_violation_stage_4
W051,new,446.0,61.0,604,163.2980132450331,0.15500104776073007,0.13625034689811602
W051,old,443.0,61.0,590,149.93910411622278,0.18306326479223758,0.1667284465655785
W051,new_no_touts,,,599,161.64607679465777,0.17747971517709768,0.16359677789665197
W051,old_only_viols,,,196,159.59948979591837,0.18586525353905756,0.1701080772392051
