animal_id,source,max_trial,align_session,n_sessions,n_trials_per_session,session_avg_violation,session_avg_violation_stage_4
W060,new,479.0,67.0,492,158.08536585365854,0.15375495590790636,0.11945533034504612
W060,old,476.0,75.0,498,141.0421686746988,0.19171532891585652,0.15817520597108528
W060,new_no_touts,,,491,152.19450101832993,0.17226292097584858,0.13565512677812705
W060,old_only_viols,,,199,139.05527638190955,0.19171532891585652,0.15817520597108528
