animal_id,source,max_trial,align_session,n_sessions,n_trials_per_session,session_avg_violation,session_avg_violation_stage_4
W061,new,442.0,64.0,439,99.23917995444191,0.24003019496817077,0.21623887084109888
W061,old,447.0,98.0,441,88.74943310657596,0.3586623050856114,0.3118851105041856
W061,new_no_touts,,,439,92.95330296127563,0.3371009566928088,0.2912566772904067
W061,old_only_viols,,,200,103.6425,0.3586623050856114,0.3118851105041856
