animal_id,source,max_trial,align_session,n_sessions,n_trials_per_session,session_avg_violation,session_avg_violation_stage_4
W062,new,420.0,13.0,597,121.40536013400335,0.24660369639431165,0.20830905557289395
W062,old,492.0,3.0,597,96.5033500837521,0.37502833842682637,0.3426341831344933
W062,new_no_touts,,,597,114.88693467336684,0.3064582632727154,0.26267489310358977
W062,old_only_viols,,,199,87.89698492462311,0.37502833842682637,0.3426341831344933
