animal_id,source,max_trial,align_session,n_sessions,n_trials_per_session,session_avg_violation,session_avg_violation_stage_4
W065,new,488.0,2.0,476,114.6859243697479,0.22830372707765154,0.20787783146863423
W065,old,688.0,6.0,406,113.23399014778325,0.26551477321376127,0.24536460899044574
W065,new_no_touts,,,472,109.1885593220339,0.2438756285017962,0.21787682565287464
W065,old_only_viols,,,199,126.39195979899498,0.26551477321376127,0.24536460899044574
