animal_id,source,max_trial,align_session,n_sessions,n_trials_per_session,session_avg_violation,session_avg_violation_stage_4
W066,new,516.0,7.0,649,135.37211093990754,0.18298185439171977,0.16587339505818013
W066,old,530.0,7.0,660,108.24166666666666,0.4238238290417182,0.4235668116027581
W066,new_no_touts,,,645,133.11937984496123,0.36506729208482586,0.3408616388177316
W066,old_only_viols,,,199,87.01256281407035,0.4238238290417182,0.4235668116027581
