animal_id,source,max_trial,align_session,n_sessions,n_trials_per_session,session_avg_violation,session_avg_violation_stage_4
W068,new,454.0,5.0,689,148.89477503628447,0.23842894358949626,0.22462014478909287
W068,old,451.0,12.0,693,121.11976911976912,0.30689661535968693,0.30018034237965424
W068,new_no_touts,,,689,138.27866473149493,0.2714561199691647,0.25600921882454286
W068,old_only_viols,,,200,100.0625,0.30689661535968693,0.30018034237965424
