animal_id,source,max_trial,align_session,n_sessions,n_trials_per_session,session_avg_violation,session_avg_violation_stage_4
W072,new,532.0,4.0,563,107.25399644760213,0.242756571291377,0.22012550964537478
W072,old,529.0,5.0,561,92.23885918003565,0.35653054268840406,0.29432381006217767
W072,new_no_touts,,,563,101.14387211367674,0.2961223867279198,0.2564298177522484
W072,old_only_viols,,,193,88.0958549222798,0.36761439375643734,0.3084513529451622
