animal_id,source,max_trial,align_session,n_sessions,n_trials_per_session,session_avg_violation,session_avg_violation_stage_4
W073,new,592.0,3.0,679,140.220176730486,0.18358521112843515,0.1577534999820043
W073,old,589.0,4.0,677,121.09675036927622,0.2864045155122686,0.2548997601665008
W073,new_no_touts,,,679,133.1480117820324,0.23427766784265278,0.2038597105168417
W073,old_only_viols,,,193,101.05699481865285,0.29530828283389354,0.26666436448187775
