animal_id,source,max_trial,align_session,n_sessions,n_trials_per_session,session_avg_violation,session_avg_violation_stage_4
W075,new,554.0,64.0,678,205.63716814159292,0.1917020850160071,0.18643087390944488
W075,old,551.0,78.0,592,135.40118243243242,0.1947486696741523,0.1961492167712229
W075,new_no_touts,,,678,204.17182890855457,0.19677962890121894,0.18916289276126513
W075,old_only_viols,,,199,176.2211055276382,0.1947486696741523,0.1961492167712229
