animal_id,source,max_trial,align_session,n_sessions,n_trials_per_session,session_avg_violation,session_avg_violation_stage_4
W078,new,615.0,5.0,366,148.6898907103825,0.1862952013284091,0.13254852824701482
W078,old,612.0,19.0,379,141.21503957783642,0.20415834359150917,0.15651106448114074
W078,new_no_touts,,,366,144.95355191256832,0.19600528595002364,0.13719223691607912
W078,old_only_viols,,,200,133.7475,0.20415834359150917,0.15651106448114074
