animal_id,source,max_trial,align_session,n_sessions,n_trials_per_session,session_avg_violation,session_avg_violation_stage_4
W080,new,723.0,3.0,453,123.5916114790287,0.15988996531902236,0.1340715513622567
W080,old,720.0,7.0,421,116.52850356294537,0.4195516260682169,0.40999392469933527
W080,new_no_touts,,,453,104.9271523178808,0.2239881409637924,0.19354752682419404
W080,old_only_viols,,,200,121.7025,0.4195516260682169,0.40999392469933527
