animal_id,source,max_trial,align_session,n_sessions,n_trials_per_session,session_avg_violation,session_avg_violation_stage_4
W081,new,738.0,49.0,596,129.26342281879195,0.17290052656986335,0.15973677406672698
W081,old,735.0,50.0,593,106.25716694772343,0.5401450946902167,0.5313108866850674
W081,new_no_touts,,,595,115.3563025210084,0.2930446641902227,0.2701621489877947
W081,old_only_viols,,,200,89.605,0.5401450946902167,0.5313108866850674
