animal_id,source,max_trial,align_session,n_sessions,n_trials_per_session,session_avg_violation,session_avg_violation_stage_4
W082,new,1008.0,6.0,716,244.80516759776538,0.3406373526886251,0.34450227104346703
W082,old,1005.0,7.0,421,134.58076009501187,0.6153342143144425,0.4650446980673147
W082,new_no_touts,,,713,226.46774193548387,0.5474178088077466,0.39751223792069923
W082,old_only_viols,,,200,159.7025,0.6153342143144425,0.4650446980673147
