animal_id,source,max_trial,align_session,n_sessions,n_trials_per_session,session_avg_violation,session_avg_violation_stage_4
W083,new,842.0,6.0,726,212.54269972451792,0.17215848761739927,0.14804644046775967
W083,old,839.0,7.0,661,126.22239031770046,0.36450206430169485,0.3364409811113074
W083,new_no_touts,,,725,191.7806896551724,0.21697965528248336,0.18351425551343703
W083,old_only_viols,,,200,146.545,0.36450206430169485,0.3364409811113074
