animal_id,source,max_trial,align_session,n_sessions,n_trials_per_session,session_avg_violation,session_avg_violation_stage_4
W088,new,953.0,1.0,550,153.6818181818182,0.13515215215359716,0.11722313087134506
W088,old,950.0,1.0,541,122.44824399260628,0.44378268963364764,0.4282140886151891
W088,new_no_touts,,,549,130.1903460837887,0.20709771647509428,0.18494582443405755
W088,old_only_viols,,,200,101.02,0.44378268963364764,0.4282140886151891
