animal_id,source,max_trial,align_session,n_sessions,n_trials_per_session,session_avg_violation,session_avg_violation_stage_4
W089,new,1017.0,2.0,569,181.89894551845342,0.1151202524878797,0.10382665605522928
W089,old,1014.0,2.0,566,154.84893992932862,0.3298713829477391,0.31695628494268435
W089,new_no_touts,,,567,159.42504409171076,0.14709762723666678,0.1338432638493106
W089,old_only_viols,,,199,135.00251256281408,0.3298713829477391,0.31695628494268435
