animal_id,source,max_trial,align_session,n_sessions,n_trials_per_session,session_avg_violation,session_avg_violation_stage_4
W094,new,407.0,64.0,526,132.52756653992395,0.27800151284573854,0.240851394176811
W094,old,412.0,1.0,526,108.17205323193916,0.3864887031916261,0.33803142800613417
W094,new_no_touts,,,525,126.61047619047619,0.31923511798270565,0.27490325364554646
W094,old_only_viols,,,199,88.44723618090453,0.3864887031916261,0.33803142800613417
