animal_id,session,hit_rate,n_trials,viol_rate
W051,326,0.7728706624605678,351,0.09686609686609686
W051,327,0.7294685990338164,231,0.1038961038961039
W051,328,0.8333333333333334,352,0.09659090909090909
W051,329,0.826271186440678,262,0.09923664122137404
W051,330,0.7952522255192879,379,0.11081794195250659
W051,331,0.6867469879518072,290,0.1413793103448276
W051,332,0.734375,142,0.09859154929577464
W051,333,0.8132780082987552,329,0.2674772036474164
W051,334,0.8207547169811321,134,0.208955223880597
W051,339,0.7403100775193798,304,0.1513157894736842
W051,340,0.7657657657657657,251,0.11553784860557768
W051,341,0.7700534759358288,227,0.1762114537444934
W051,342,0.8,430,0.12790697674418605
W051,343,0.7937219730941704,238,0.06302521008403361
W051,344,0.7448979591836735,440,0.10909090909090909
W051,345,0.8597560975609756,177,0.07344632768361582
W051,347,0.8084415584415584,360,0.14444444444444443
W051,348,0.7797202797202797,311,0.08038585209003216
W051,349,0.7393767705382436,381,0.07349081364829396
W051,350,0.755,218,0.08256880733944955
W051,351,0.7298136645962733,360,0.10555555555555556
W051,352,0.7557755775577558,324,0.06481481481481481
W051,353,0.8155619596541787,400,0.1325
W051,354,0.775,312,0.10256410256410256
W051,355,0.7742857142857142,393,0.10941475826972011
W051,356,0.7338403041825095,303,0.132013201320132
W051,357,0.7570977917981072,355,0.10704225352112676
W051,358,0.7641196013289037,361,0.16620498614958448
W051,359,0.7467105263157895,344,0.11627906976744186
W051,360,0.7337278106508875,384,0.11979166666666667
W051,361,0.781578947368421,424,0.10377358490566038
W051,362,0.7594594594594595,407,0.09090909090909091
W051,363,0.7383720930232558,398,0.135678391959799
W051,364,0.7683923705722071,423,0.13238770685579196
W051,365,0.7634069400630915,358,0.11452513966480447
W051,366,0.7690058479532164,399,0.14285714285714285
W051,367,0.7885906040268457,331,0.09969788519637462
W051,368,0.7581521739130435,444,0.17117117117117117
W051,369,0.7554858934169278,345,0.07536231884057971
W051,370,0.8173652694610778,383,0.1279373368146214
W051,371,0.7934782608695652,412,0.10679611650485436
W051,373,0.7961538461538461,286,0.09090909090909091
W051,374,0.7883211678832117,310,0.11612903225806452
W051,375,0.7758620689655172,144,0.19444444444444445
W051,376,0.7634069400630915,382,0.17015706806282724
W051,377,0.778816199376947,387,0.17054263565891473
W051,378,0.7383512544802867,341,0.18181818181818182
W051,379,0.7885196374622356,426,0.22300469483568075
W051,380,0.7483443708609272,351,0.1396011396011396
W051,381,0.7795527156549521,380,0.1763157894736842
W051,382,0.8022813688212928,304,0.13486842105263158
W051,383,0.8096885813148789,327,0.1162079510703364
W051,384,0.8079470198675497,339,0.10914454277286136
W051,385,0.7297297297297297,363,0.18457300275482094
W051,386,0.7730263157894737,345,0.11884057971014493
W051,387,0.7970479704797048,324,0.16358024691358025
W051,388,0.8173374613003096,380,0.15
W051,389,0.7980769230769231,348,0.10344827586206896
W051,390,0.8095238095238095,284,0.11267605633802817
W051,391,0.7898089171974523,349,0.10028653295128939
W051,392,0.8,169,0.14201183431952663
W051,393,0.8158730158730159,356,0.1151685393258427
W051,394,0.8389830508474576,294,0.19727891156462585
W051,395,0.8068669527896996,282,0.17375886524822695
W051,396,0.78,293,0.14675767918088736
W051,397,0.8071065989847716,233,0.15450643776824036
W051,398,0.8424242424242424,362,0.08839779005524862
W051,399,0.78839590443686,336,0.12797619047619047
W051,400,0.8463855421686747,380,0.12631578947368421
W051,401,0.7774193548387097,357,0.13165266106442577
W051,402,0.7314814814814815,349,0.07163323782234957
W051,403,0.7400530503978779,424,0.11084905660377359
W051,404,0.8090277777777778,325,0.11384615384615385
W051,405,0.7773584905660378,324,0.18209876543209877
W051,406,0.8114285714285714,404,0.13366336633663367
W051,407,0.8087774294670846,357,0.10644257703081232
W051,408,0.7777777777777778,326,0.1165644171779141
W051,409,0.8513011152416357,328,0.1798780487804878
W051,410,0.8388429752066116,290,0.16551724137931034
W051,411,0.7818930041152263,297,0.18181818181818182
W051,412,0.7991452991452992,284,0.176056338028169
W051,413,0.7723076923076924,377,0.13793103448275862
W051,414,0.6396761133603239,319,0.22570532915360503
W051,415,0.7530120481927711,411,0.1922141119221411
W051,416,0.7275747508305648,353,0.14730878186968838
W051,417,0.7526881720430108,324,0.1388888888888889
W051,418,0.7805755395683454,311,0.10610932475884244
W051,419,0.7283950617283951,364,0.10989010989010989
W051,420,0.6990291262135923,407,0.24078624078624078
W051,421,0.7159533073929961,290,0.11379310344827587
W051,422,0.7749077490774908,339,0.20058997050147492
W051,423,0.7540983606557377,451,0.188470066518847
W051,424,0.7554179566563467,381,0.15223097112860892
W051,425,0.7348242811501597,351,0.10826210826210826
W051,426,0.7528409090909091,431,0.18329466357308585
W051,427,0.746177370030581,423,0.22695035460992907
W051,428,0.7822784810126582,463,0.1468682505399568
W051,429,0.7981651376146789,380,0.1394736842105263
W051,430,0.75,240,0.1
W051,431,0.7569721115537849,286,0.12237762237762238
W051,432,0.8116591928251121,271,0.17712177121771217
W051,433,0.7588235294117647,415,0.18072289156626506
W051,434,0.7340720221606648,415,0.13012048192771083
W051,435,0.7534626038781164,432,0.16435185185185186
W051,436,0.7588075880758808,464,0.20474137931034483
W051,437,0.7916666666666666,430,0.10697674418604651
W051,438,0.7731958762886598,463,0.16198704103671707
W051,439,0.7965116279069767,411,0.1630170316301703
W051,440,0.7601078167115903,426,0.12910798122065728
W051,441,0.752542372881356,351,0.15954415954415954
W051,442,0.7463556851311953,404,0.15099009900990099
W051,443,0.7799442896935933,419,0.1431980906921241
W051,444,0.6927374301675978,215,0.16744186046511628
W051,445,0.7415730337078652,307,0.13029315960912052
W051,446,0.793859649122807,284,0.19718309859154928
W051,447,0.7557840616966581,451,0.13747228381374724
W051,448,0.7439446366782007,332,0.12951807228915663
W051,449,0.7492447129909365,378,0.12433862433862433
W051,450,0.77,406,0.26108374384236455
W051,451,0.7866242038216561,386,0.18652849740932642
W051,452,0.7037037037037037,436,0.13302752293577982
W051,453,0.7827225130890052,442,0.13574660633484162
W051,454,0.7871720116618076,411,0.1654501216545012
W051,455,0.7246835443037974,354,0.10734463276836158
W051,456,0.7567567567567568,101,0.26732673267326734
W051,457,0.7752161383285303,389,0.10796915167095116
W051,458,0.785,443,0.09706546275395034
W051,459,0.7906976744186046,431,0.10208816705336426
W051,460,0.805699481865285,428,0.09813084112149532
W051,461,0.802013422818792,353,0.1558073654390935
W051,462,0.7652733118971061,353,0.11898016997167139
W051,464,0.74375,355,0.09859154929577464
W051,465,0.7877094972067039,404,0.11386138613861387
W051,466,0.7923076923076923,428,0.08878504672897196
W051,467,0.7933884297520661,403,0.09925558312655088
W051,468,0.7466216216216216,337,0.12166172106824925
W051,469,0.7771260997067448,382,0.10732984293193717
W051,470,0.7611111111111111,432,0.16666666666666666
W051,471,0.7571059431524548,420,0.07857142857142857
W051,472,0.7431192660550459,435,0.2482758620689655
W051,473,0.7888888888888889,318,0.1509433962264151
W051,474,0.7636363636363637,445,0.25842696629213485
W051,475,0.8051948051948052,276,0.16304347826086957
W051,476,0.7955555555555556,272,0.17279411764705882
W051,477,0.811965811965812,279,0.16129032258064516
W051,478,0.8035714285714286,78,0.28205128205128205
W051,479,0.7880597014925373,396,0.15404040404040403
W051,480,0.782608695652174,393,0.12213740458015267
W051,481,0.8264705882352941,406,0.1625615763546798
W051,482,0.7922077922077922,416,0.07451923076923077
W051,483,0.7929936305732485,345,0.08985507246376812
W051,484,0.8359375,155,0.17419354838709677
W051,485,0.8117647058823529,310,0.1774193548387097
W051,486,0.8194070080862533,418,0.11244019138755981
W051,487,0.7973333333333333,428,0.12383177570093458
W051,488,0.8075880758807588,417,0.11510791366906475
W051,489,0.804953560371517,374,0.13636363636363635
W051,490,0.8301158301158301,301,0.13953488372093023
W051,491,0.8059701492537313,454,0.1145374449339207
W051,492,0.7883597883597884,422,0.10426540284360189
W051,493,0.8075949367088607,443,0.10835214446952596
W051,494,0.7831978319783198,413,0.10653753026634383
W051,495,0.752442996742671,367,0.16348773841961853
W051,496,0.8235294117647058,424,0.1179245283018868
W051,497,0.7828054298642534,244,0.0942622950819672
W051,498,0.8132530120481928,419,0.20763723150357996
W051,499,0.8014888337468983,466,0.1351931330472103
W051,500,0.8194842406876791,400,0.1275
W051,501,0.7982708933717579,427,0.1873536299765808
W051,502,0.8465346534653465,226,0.10619469026548672
W051,503,0.8140495867768595,285,0.15087719298245614
W051,504,0.8092105263157895,352,0.13636363636363635
W051,505,0.8082595870206489,399,0.15037593984962405
W051,506,0.8246153846153846,391,0.16879795396419436
W051,507,0.7959770114942529,409,0.1491442542787286
W051,508,0.8041666666666667,280,0.14285714285714285
W051,509,0.7642585551330798,313,0.1597444089456869
W051,510,0.8055555555555556,424,0.1509433962264151
W051,511,0.7942857142857143,404,0.13366336633663367
W051,512,0.809322033898305,305,0.2262295081967213
W051,513,0.8192771084337349,364,0.08791208791208792
W051,514,0.7448132780082988,593,0.18718381112984822
W051,515,0.7969543147208121,461,0.14533622559652928
W051,517,0.7857142857142857,222,0.18018018018018017
W051,518,0.7878787878787878,316,0.16455696202531644
W051,519,0.7296511627906976,402,0.14427860696517414
W051,520,0.7419354838709677,227,0.18061674008810572
W051,521,0.8067226890756303,395,0.09620253164556962
W051,522,0.6746987951807228,201,0.17412935323383086
W051,523,0.8087649402390438,283,0.11307420494699646
W051,524,0.8272425249169435,346,0.13005780346820808
W051,525,0.8357348703170029,392,0.11479591836734694
W051,526,0.7908309455587392,397,0.12090680100755667
W051,527,0.7757009345794392,139,0.2302158273381295
W051,528,0.6862745098039216,77,0.33766233766233766
W051,529,0.7833935018050542,339,0.18289085545722714
W051,530,0.826625386996904,387,0.165374677002584
W051,531,0.8571428571428571,419,0.16467780429594273
W051,532,0.8476454293628809,399,0.09523809523809523
W051,533,0.8922155688622755,384,0.13020833333333334
W051,534,0.8337662337662337,461,0.1648590021691974
W051,535,0.7507598784194529,373,0.11796246648793565
W051,536,0.8682432432432432,343,0.13702623906705538
W051,537,0.8463768115942029,384,0.1015625
W051,538,0.7628865979381443,444,0.12612612612612611
W051,539,0.7518987341772152,454,0.1299559471365639
W051,540,0.7965616045845272,396,0.11868686868686869
W051,541,0.8589743589743589,454,0.14096916299559473
W051,542,0.76,88,0.14772727272727273
W051,543,0.8184713375796179,366,0.14207650273224043
W051,544,0.8776041666666666,446,0.13901345291479822
W051,545,0.8972222222222223,397,0.09319899244332494
W051,546,0.8863049095607235,459,0.1568627450980392
W051,547,0.8716049382716049,441,0.08163265306122448
W051,548,0.8934010152284264,433,0.09006928406466513
W051,549,0.9012738853503185,349,0.10028653295128939
W051,550,0.8689458689458689,405,0.13333333333333333
W051,551,0.8596059113300493,483,0.15942028985507245
W051,552,0.8668407310704961,431,0.11136890951276102
W051,553,0.8921052631578947,419,0.09307875894988067
W051,554,0.8431372549019608,431,0.1716937354988399
W051,555,0.8956043956043956,419,0.13126491646778043
W051,556,0.8555555555555555,326,0.17177914110429449
W051,557,0.8282828282828283,371,0.19946091644204852
W051,558,0.8821752265861027,392,0.1556122448979592
W051,559,0.8629441624365483,440,0.10454545454545454
W051,560,0.8393285371702638,452,0.07743362831858407
W051,561,0.8535031847133758,374,0.16042780748663102
W051,562,0.8901869158878505,479,0.10647181628392484
W051,563,0.887459807073955,349,0.10888252148997135
W051,564,0.8789625360230547,398,0.12814070351758794
W051,565,0.8341121495327103,530,0.19245283018867926
W051,566,0.8631578947368421,455,0.16483516483516483
W051,567,0.8444976076555024,477,0.12368972746331237
W051,568,0.6714285714285714,90,0.2222222222222222
W051,569,0.8601694915254238,538,0.12267657992565056
W051,570,0.7807308970099668,364,0.17307692307692307
W051,571,0.7574850299401198,415,0.19518072289156627
W051,572,0.8760330578512396,434,0.16359447004608296
W051,573,0.8121693121693122,432,0.125
W051,574,0.8829516539440203,435,0.09655172413793103
W051,575,0.8860103626943006,417,0.07434052757793765
W051,576,0.8716707021791767,450,0.08222222222222222
W051,577,0.8633093525179856,312,0.10897435897435898
W051,578,0.8706199460916442,425,0.12705882352941175
W051,579,0.8782201405152225,475,0.10105263157894737
W051,580,0.8621495327102804,468,0.08547008547008547
W051,581,0.8466981132075472,462,0.08225108225108226
W051,582,0.8151041666666666,413,0.07021791767554479
W051,583,0.8803827751196173,454,0.07929515418502203
W051,584,0.8354978354978355,255,0.09411764705882353
W051,585,0.8463476070528967,432,0.08101851851851852
W051,586,0.8321678321678322,505,0.1504950495049505
W051,587,0.8574821852731591,468,0.10042735042735043
W051,588,0.8897058823529411,455,0.10329670329670329
W051,589,0.8628841607565012,477,0.11320754716981132
W051,590,0.8858447488584474,479,0.08559498956158663
W051,591,0.8796068796068796,461,0.11713665943600868
W051,592,0.8521303258145363,449,0.111358574610245
W051,593,0.8608490566037735,487,0.1293634496919918
W051,594,0.8929440389294404,501,0.17964071856287425
W051,595,0.8755760368663594,496,0.125
W051,596,0.863961813842482,481,0.1288981288981289
W051,597,0.8936170212765957,506,0.16403162055335968
W051,598,0.8664259927797834,329,0.1580547112462006
W051,599,0.8727272727272727,397,0.16876574307304787
W051,600,0.8982188295165394,492,0.20121951219512196
W051,601,0.8465608465608465,445,0.15056179775280898
W060,248,0.8461538461538461,248,0.16129032258064516
W060,249,0.8326996197718631,294,0.1054421768707483
W060,250,0.8385964912280702,314,0.09235668789808917
W060,251,0.8691860465116279,384,0.10416666666666667
W060,252,0.8565573770491803,273,0.10622710622710622
W060,253,0.7770700636942676,183,0.14207650273224043
W060,254,0.8662420382165605,354,0.11299435028248588
W060,255,0.8372093023255814,64,0.328125
W060,256,0.8237704918032787,271,0.0996309963099631
W060,257,0.8952095808383234,359,0.06963788300835655
W060,258,0.8651315789473685,334,0.08982035928143713
W060,259,0.8648648648648649,284,0.0880281690140845
W060,260,0.8571428571428571,131,0.1450381679389313
W060,261,0.830945558739255,395,0.11645569620253164
W060,262,0.8586956521739131,209,0.11961722488038277
W060,263,0.8347457627118644,274,0.1386861313868613
W060,264,0.8757062146892656,389,0.08997429305912596
W060,265,0.8333333333333334,334,0.0658682634730539
W060,266,0.8362369337979094,315,0.08888888888888889
W060,267,0.8585365853658536,233,0.12017167381974249
W060,268,0.8691860465116279,376,0.0851063829787234
W060,269,0.8211382113821138,134,0.08208955223880597
W060,270,0.872791519434629,318,0.11006289308176101
W060,271,0.87248322147651,331,0.09969788519637462
W060,272,0.8850574712643678,377,0.07692307692307693
W060,273,0.9035369774919614,329,0.0547112462006079
W060,274,0.8593155893536122,289,0.08996539792387544
W060,275,0.9245901639344263,344,0.11337209302325581
W060,276,0.8590785907859079,407,0.09336609336609336
W060,277,0.8842592592592593,235,0.08085106382978724
W060,278,0.8978328173374613,358,0.09776536312849161
W060,279,0.8857938718662952,396,0.09343434343434344
W060,280,0.8782608695652174,257,0.10505836575875487
W060,281,0.868020304568528,222,0.11261261261261261
W060,282,0.9077669902912622,232,0.11206896551724138
W060,283,0.841897233201581,282,0.10283687943262411
W060,284,0.8468468468468469,241,0.07883817427385892
W060,285,0.893687707641196,326,0.07668711656441718
W060,286,0.84472049689441,349,0.07736389684813753
W060,287,0.9044117647058824,297,0.08417508417508418
W060,288,0.671875,74,0.13513513513513514
W060,289,0.8852459016393442,337,0.09495548961424333
W060,290,0.9186046511627907,284,0.09154929577464789
W060,291,0.896551724137931,388,0.10309278350515463
W060,292,0.8778625954198473,141,0.07092198581560284
W060,293,0.8526645768025078,364,0.12362637362637363
W060,294,0.8589743589743589,256,0.0859375
W060,295,0.8549019607843137,274,0.06934306569343066
W060,296,0.8801498127340824,300,0.11
W060,297,0.8831908831908832,390,0.1
W060,298,0.8705882352941177,373,0.08847184986595175
W060,299,0.8272058823529411,298,0.087248322147651
W060,300,0.8712871287128713,328,0.07621951219512195
W060,301,0.8899082568807339,244,0.10655737704918032
W060,302,0.8803418803418803,264,0.11363636363636363
W060,303,0.9166666666666666,311,0.11254019292604502
W060,304,0.7586206896551724,348,0.25
W060,305,0.8604651162790697,412,0.1650485436893204
W060,306,0.8592375366568915,402,0.1517412935323383
W060,307,0.8566978193146417,363,0.11570247933884298
W060,308,0.9119496855345912,340,0.06470588235294118
W060,309,0.8693009118541033,359,0.08356545961002786
W060,310,0.8923512747875354,388,0.09020618556701031
W060,311,0.8808664259927798,310,0.1064516129032258
W060,312,0.8899082568807339,351,0.06837606837606838
W060,313,0.8741496598639455,325,0.09538461538461539
W060,314,0.8875,348,0.08045977011494253
W060,315,0.8670886075949367,350,0.09714285714285714
W060,316,0.9065656565656566,427,0.07259953161592506
W060,317,0.9006410256410257,350,0.10857142857142857
W060,318,0.8521400778210116,294,0.12585034013605442
W060,319,0.8534704370179949,437,0.10983981693363844
W060,320,0.9094076655052264,318,0.09748427672955975
W060,321,0.8809523809523809,335,0.12238805970149254
W060,322,0.8850931677018633,353,0.08781869688385269
W060,323,0.9038461538461539,236,0.11864406779661017
W060,326,0.8195718654434251,380,0.1394736842105263
W060,327,0.8042704626334519,325,0.13538461538461538
W060,328,0.9082278481012658,401,0.2119700748129676
W060,330,0.7797202797202797,334,0.1437125748502994
W060,331,0.68,125,0.2
W060,332,0.83,119,0.15966386554621848
W060,333,0.7183098591549296,105,0.3238095238095238
W060,334,0.8315412186379928,318,0.12264150943396226
W060,335,0.75,214,0.1588785046728972
W060,336,0.7792207792207793,350,0.12
W060,337,0.8315789473684211,320,0.109375
W060,338,0.7372881355932204,155,0.23870967741935484
W060,339,0.8128834355828221,396,0.17676767676767677
W060,340,0.794392523364486,256,0.1640625
W060,341,0.7622549019607843,472,0.13559322033898305
W060,342,0.7983193277310925,556,0.14388489208633093
W060,343,0.7852564102564102,360,0.13333333333333333
W060,344,0.7967914438502673,219,0.1461187214611872
W060,345,0.7777777777777778,347,0.1440922190201729
W060,346,0.7937062937062938,331,0.13595166163141995
W060,347,0.7928802588996764,348,0.11206896551724138
W060,348,0.8096514745308311,420,0.11190476190476191
W060,349,0.8435374149659864,489,0.09815950920245399
W060,350,0.8188679245283019,294,0.09863945578231292
W060,351,0.8615751789976134,462,0.09307359307359307
W060,352,0.75,357,0.1484593837535014
W060,353,0.8172323759791122,466,0.1781115879828326
W060,354,0.7638888888888888,245,0.11836734693877551
W060,355,0.8040712468193384,461,0.1475054229934924
W060,356,0.7298136645962733,360,0.10555555555555556
W060,357,0.8163265306122449,348,0.15517241379310345
W060,358,0.6784741144414169,451,0.18625277161862527
W060,359,0.75,169,0.28994082840236685
W060,360,0.7024128686327078,482,0.22614107883817428
W060,361,0.7286821705426356,465,0.16774193548387098
W060,362,0.7690582959641256,516,0.13565891472868216
W060,363,0.8145161290322581,422,0.11848341232227488
W060,364,0.7725947521865889,383,0.10443864229765012
W060,365,0.7727272727272727,404,0.12871287128712872
W060,366,0.7898550724637681,298,0.0738255033557047
W060,367,0.8130311614730878,396,0.10858585858585859
W060,368,0.7717996289424861,633,0.1484992101105845
W060,369,0.7619047619047619,337,0.12759643916913946
W060,370,0.7838827838827839,314,0.1305732484076433
W060,371,0.8215962441314554,242,0.11983471074380166
W060,372,0.7257142857142858,403,0.1315136476426799
W060,373,0.7790262172284644,312,0.14423076923076922
W060,374,0.7865168539325843,415,0.14216867469879518
W060,375,0.7523148148148148,488,0.11475409836065574
W060,376,0.771875,356,0.10112359550561797
W060,377,0.7932203389830509,357,0.17366946778711484
W060,378,0.8066666666666666,356,0.15730337078651685
W060,379,0.7421602787456446,337,0.14836795252225518
W060,380,0.7553191489361702,219,0.1415525114155251
W060,381,0.7816091954022989,313,0.16613418530351437
W060,382,0.7657992565055762,336,0.19940476190476192
W060,383,0.8103448275862069,440,0.20909090909090908
W060,384,0.7884615384615384,433,0.15935334872979215
W060,385,0.8,411,0.17274939172749393
W060,386,0.7709677419354839,368,0.15760869565217392
W060,387,0.8034934497816594,254,0.0984251968503937
W060,388,0.8076923076923077,346,0.09826589595375723
W060,389,0.7903225806451613,438,0.1506849315068493
W060,390,0.815068493150685,499,0.12224448897795591
W060,391,0.8269230769230769,351,0.1111111111111111
W060,392,0.8708487084870848,303,0.10561056105610561
W060,393,0.7772020725388601,228,0.15350877192982457
W060,394,0.7569444444444444,354,0.1864406779661017
W060,395,0.8488664987405542,460,0.13695652173913042
W060,396,0.8156028368794326,310,0.09032258064516129
W060,397,0.8431372549019608,426,0.1619718309859155
W060,398,0.8333333333333334,390,0.1076923076923077
W060,399,0.8283062645011601,469,0.08102345415778252
W060,400,0.7713004484304933,275,0.1890909090909091
W060,401,0.8461538461538461,376,0.10106382978723404
W060,402,0.8391304347826087,525,0.12380952380952381
W060,403,0.8252688172043011,413,0.09927360774818401
W060,404,0.8571428571428571,336,0.10416666666666667
W060,405,0.8004587155963303,486,0.102880658436214
W060,406,0.8053691275167785,329,0.09422492401215805
W060,407,0.8038277511961722,257,0.1867704280155642
W060,408,0.8237704918032787,275,0.11272727272727273
W060,409,0.7983193277310925,403,0.1141439205955335
W060,410,0.8379204892966361,367,0.10899182561307902
W060,411,0.8068459657701712,468,0.12606837606837606
W060,412,0.8314855875831486,490,0.07959183673469387
W060,413,0.7638888888888888,428,0.1588785046728972
W060,414,0.8255528255528255,469,0.13219616204690832
W060,415,0.7912772585669782,370,0.13243243243243244
W060,416,0.8067375886524822,642,0.12149532710280374
W060,417,0.8534278959810875,480,0.11875
W060,418,0.8114558472553699,473,0.11416490486257928
W060,419,0.8664495114006515,353,0.13031161473087818
W060,420,0.8295819935691319,355,0.12394366197183099
W060,421,0.8398576512455516,324,0.13271604938271606
W060,422,0.7903225806451613,301,0.1760797342192691
W060,423,0.7715582450832073,795,0.16855345911949685
W060,424,0.7556904400606981,768,0.14192708333333334
W060,425,0.7884267631103075,684,0.1915204678362573
W060,426,0.8333333333333334,95,0.3684210526315789
W060,427,0.8269230769230769,199,0.21608040201005024
W060,428,0.796812749003984,308,0.18506493506493507
W060,429,0.8167539267015707,257,0.25680933852140075
W060,430,0.8448275862068966,224,0.22321428571428573
W060,431,0.7489177489177489,297,0.2222222222222222
W060,432,0.7985074626865671,174,0.22988505747126436
W060,433,0.8325358851674641,256,0.18359375
W060,434,0.8660714285714286,271,0.17343173431734318
W060,435,0.7636363636363637,219,0.2465753424657534
W060,436,0.8145695364238411,209,0.27751196172248804
W060,437,0.795774647887324,189,0.24867724867724866
W060,438,0.7933333333333333,210,0.2857142857142857
W060,439,0.8130841121495327,263,0.18631178707224336
W060,440,0.719626168224299,277,0.22743682310469315
W060,441,0.7896678966789668,358,0.2430167597765363
W060,442,0.8315217391304348,246,0.25203252032520324
W060,443,0.7975708502024291,312,0.20833333333333334
W060,444,0.797979797979798,260,0.23846153846153847
W060,445,0.8433179723502304,273,0.20512820512820512
W060,446,0.7772511848341233,289,0.2698961937716263
W060,447,0.8705035971223022,192,0.2760416666666667
W060,448,0.7929936305732485,373,0.1581769436997319
W060,449,0.768025078369906,391,0.18414322250639387
W060,450,0.7643835616438356,444,0.17792792792792791
W060,451,0.8091168091168092,423,0.1702127659574468
W060,452,0.8615384615384616,406,0.19950738916256158
W060,453,0.8451178451178452,362,0.17955801104972377
W060,454,0.8168316831683168,242,0.1652892561983471
W060,455,0.8360655737704918,374,0.18449197860962566
W060,456,0.8454545454545455,398,0.1708542713567839
W060,457,0.7896174863387978,417,0.1223021582733813
W060,458,0.8441926345609065,389,0.09254498714652956
W060,459,0.8596059113300493,476,0.14705882352941177
W060,460,0.8236994219653179,407,0.14987714987714987
W060,461,0.8709677419354839,315,0.11428571428571428
W060,462,0.8491620111731844,222,0.19369369369369369
W060,463,0.8142857142857143,314,0.10828025477707007
W060,464,0.8160919540229885,384,0.09375
W060,465,0.7880184331797235,263,0.17490494296577946
W060,466,0.8155080213903744,445,0.15955056179775282
W060,467,0.8282442748091603,310,0.15483870967741936
W060,468,0.8073394495412844,258,0.15503875968992248
W060,469,0.8178571428571428,324,0.13580246913580246
W060,470,0.8561946902654868,529,0.14555765595463138
W060,471,0.8448979591836735,279,0.12186379928315412
W060,472,0.8542713567839196,466,0.1459227467811159
W060,473,0.832807570977918,382,0.17015706806282724
W060,474,0.8556701030927835,465,0.16559139784946236
W060,475,0.8037735849056604,301,0.11960132890365449
W060,476,0.8717105263157895,334,0.08982035928143713
W060,477,0.8434065934065934,427,0.14754098360655737
W060,478,0.855457227138643,395,0.14177215189873418
W060,479,0.868995633187773,533,0.14071294559099437
W060,480,0.8894348894348895,470,0.13404255319148936
W060,481,0.88,350,0.14285714285714285
W060,482,0.8605341246290801,373,0.09651474530831099
W060,483,0.8306010928961749,408,0.10294117647058823
W060,484,0.8333333333333334,606,0.19801980198019803
W060,485,0.8229166666666666,310,0.07096774193548387
W060,486,0.8650793650793651,561,0.10160427807486631
W060,487,0.773109243697479,139,0.14388489208633093
W065,101,0.7153846153846154,177,0.2655367231638418
W065,102,0.7373271889400922,280,0.225
W065,103,0.7330097087378641,311,0.33762057877813506
W065,104,0.734982332155477,387,0.268733850129199
W065,105,0.649402390438247,379,0.33773087071240104
W065,106,0.7677419354838709,372,0.16666666666666666
W065,107,0.7773109243697479,328,0.27439024390243905
W065,108,0.823943661971831,197,0.27918781725888325
W065,109,0.774869109947644,254,0.24803149606299213
W065,110,0.7653846153846153,322,0.19254658385093168
W065,111,0.7948717948717948,170,0.31176470588235294
W065,112,0.7956204379562044,174,0.21264367816091953
W065,113,0.6907894736842105,206,0.2621359223300971
W065,114,0.7513812154696132,249,0.27309236947791166
W065,115,0.7517241379310344,194,0.25257731958762886
W065,116,0.7428571428571429,205,0.14634146341463414
W065,117,0.7175925925925926,278,0.22302158273381295
W065,118,0.7549668874172185,201,0.24875621890547264
W065,119,0.7987804878048781,203,0.1921182266009852
W065,120,0.8240740740740741,273,0.2087912087912088
W065,121,0.7285067873303167,279,0.2078853046594982
W065,122,0.7748917748917749,297,0.2222222222222222
W065,123,0.6622516556291391,400,0.245
W065,124,0.7658536585365854,285,0.2807017543859649
W065,125,0.7520661157024794,311,0.22186495176848875
W065,126,0.7455357142857143,297,0.24579124579124578
W065,127,0.7936507936507936,237,0.20253164556962025
W065,128,0.705685618729097,356,0.1601123595505618
W065,129,0.74,175,0.14285714285714285
W065,130,0.7725321888412017,312,0.2532051282051282
W065,131,0.7431906614785992,336,0.23511904761904762
W065,132,0.7606837606837606,304,0.23026315789473684
W065,133,0.7884615384615384,231,0.09956709956709957
W065,134,0.7853881278538812,277,0.20938628158844766
W065,135,0.8016528925619835,154,0.21428571428571427
W065,136,0.7680412371134021,280,0.30714285714285716
W065,137,0.7774086378737541,348,0.13505747126436782
W065,138,0.7770491803278688,379,0.19525065963060687
W065,139,0.8104575163398693,177,0.13559322033898305
W065,140,0.7587719298245614,266,0.14285714285714285
W065,141,0.7540106951871658,218,0.14220183486238533
W065,142,0.7934782608695652,478,0.2301255230125523
W065,143,0.8103448275862069,355,0.18309859154929578
W065,144,0.8309859154929577,340,0.16470588235294117
W065,145,0.8133802816901409,361,0.21329639889196675
W065,146,0.7867298578199052,244,0.13524590163934427
W065,147,0.7957446808510639,276,0.14855072463768115
W065,148,0.8440366972477065,252,0.1349206349206349
W065,149,0.8013245033112583,180,0.16111111111111112
W065,150,0.8012048192771084,199,0.1658291457286432
W065,151,0.6756756756756757,188,0.2127659574468085
W065,152,0.7423312883435583,243,0.3292181069958848
W065,153,0.8162162162162162,223,0.17040358744394618
W065,154,0.7950310559006211,201,0.19900497512437812
W065,155,0.7415730337078652,118,0.2457627118644068
W065,156,0.7840909090909091,248,0.2903225806451613
W065,157,0.8231292517006803,188,0.21808510638297873
W065,158,0.764367816091954,212,0.1792452830188679
W065,159,0.8,289,0.3944636678200692
W065,160,0.7978723404255319,234,0.19658119658119658
W065,161,0.7457627118644068,155,0.23870967741935484
W065,162,0.7864077669902912,251,0.17928286852589642
W065,163,0.7672413793103449,140,0.17142857142857143
W065,164,0.8189655172413793,147,0.2108843537414966
W065,165,0.7697841726618705,175,0.2057142857142857
W065,166,0.6744186046511628,141,0.3900709219858156
W065,167,0.8,252,0.26587301587301587
W065,168,0.7958333333333333,304,0.21052631578947367
W065,169,0.7333333333333333,104,0.27884615384615385
W065,170,0.7923076923076923,163,0.20245398773006135
W065,171,0.7378048780487805,195,0.15897435897435896
W065,172,0.8278688524590164,154,0.2077922077922078
W065,173,0.7405405405405405,260,0.28846153846153844
W065,174,0.7319587628865979,237,0.18143459915611815
W065,175,0.7922077922077922,196,0.21428571428571427
W065,176,0.7888198757763976,192,0.16145833333333334
W065,177,0.7647058823529411,172,0.20930232558139536
W065,178,0.7696629213483146,218,0.1834862385321101
W065,179,0.7674418604651163,249,0.3092369477911647
W065,180,0.7470588235294118,213,0.20187793427230047
W065,181,0.7663551401869159,148,0.27702702702702703
W065,182,0.7549019607843137,235,0.13191489361702127
W065,183,0.7850877192982456,277,0.17689530685920576
W065,184,0.7591623036649214,267,0.2846441947565543
W065,185,0.8052631578947368,232,0.1810344827586207
W065,186,0.7864077669902912,273,0.2454212454212454
W065,187,0.8353658536585366,202,0.18811881188118812
W065,188,0.7861271676300579,213,0.18779342723004694
W065,189,0.7631578947368421,348,0.23563218390804597
W065,190,0.7572815533980582,259,0.20463320463320464
W065,191,0.7793103448275862,190,0.23684210526315788
W065,192,0.766497461928934,261,0.24521072796934865
W065,193,0.7758007117437722,384,0.2682291666666667
W065,194,0.7860262008733624,297,0.22895622895622897
W065,195,0.797752808988764,248,0.28225806451612906
W065,196,0.76,333,0.17417417417417416
W065,197,0.7168141592920354,279,0.18996415770609318
W065,198,0.7909090909090909,281,0.21708185053380782
W065,199,0.8040201005025126,229,0.13100436681222707
W065,200,0.7278911564625851,227,0.3524229074889868
W065,201,0.7876106194690266,305,0.25901639344262295
W065,202,0.75625,212,0.24528301886792453
W065,203,0.757085020242915,311,0.2057877813504823
W065,204,0.7318435754189944,220,0.18636363636363637
W065,205,0.8114035087719298,290,0.21379310344827587
W065,206,0.7378640776699029,147,0.29931972789115646
W065,207,0.6909090909090909,118,0.5338983050847458
W065,208,0.7564102564102564,134,0.417910447761194
W065,209,0.76875,208,0.23076923076923078
W065,211,0.6907630522088354,347,0.2824207492795389
W065,212,0.6497175141242938,242,0.26859504132231404
W065,213,0.7475247524752475,252,0.1984126984126984
W065,214,0.7153284671532847,176,0.2215909090909091
W065,215,0.7058823529411765,218,0.22018348623853212
W065,216,0.708994708994709,231,0.18181818181818182
W065,217,0.7634408602150538,219,0.1506849315068493
W065,218,0.7848101265822784,208,0.2403846153846154
W065,219,0.7044025157232704,198,0.19696969696969696
W065,220,0.7810945273631841,236,0.1483050847457627
W065,221,0.7803468208092486,211,0.18009478672985782
W065,222,0.7797356828193832,303,0.2508250825082508
W065,223,0.6912442396313364,269,0.19330855018587362
W065,224,0.783068783068783,234,0.19230769230769232
W065,225,0.7948717948717948,218,0.28440366972477066
W065,226,0.7568493150684932,386,0.24352331606217617
W065,227,0.7549019607843137,376,0.18617021276595744
W065,228,0.7672413793103449,258,0.10077519379844961
W065,229,0.7541528239202658,352,0.14488636363636365
W065,230,0.7007575757575758,343,0.2303206997084548
W065,231,0.7843137254901961,267,0.23595505617977527
W065,232,0.7557251908396947,358,0.2681564245810056
W065,233,0.7422222222222222,331,0.3202416918429003
W065,234,0.7653061224489796,291,0.32646048109965636
W065,235,0.7232472324723247,348,0.22126436781609196
W065,236,0.75,338,0.28994082840236685
W065,237,0.782608695652174,319,0.20689655172413793
W065,238,0.75,280,0.2571428571428571
W065,239,0.7644444444444445,276,0.18478260869565216
W065,240,0.775609756097561,283,0.2756183745583039
W065,241,0.708994708994709,292,0.3527397260273973
W065,242,0.7707317073170732,281,0.2704626334519573
W065,243,0.7346938775510204,290,0.32413793103448274
W065,244,0.7905982905982906,285,0.17894736842105263
W065,245,0.6640625,187,0.3155080213903743
W065,246,0.7014925373134329,111,0.3963963963963964
W065,247,0.7039473684210527,261,0.41762452107279696
W065,248,0.7469879518072289,130,0.36153846153846153
W065,249,0.7264150943396226,162,0.345679012345679
W065,250,0.7871287128712872,262,0.22900763358778625
W065,251,0.7115384615384616,232,0.3275862068965517
W065,252,0.7419354838709677,136,0.3161764705882353
W065,253,0.6548672566371682,179,0.3687150837988827
W065,254,0.7723577235772358,180,0.31666666666666665
W065,255,0.7307692307692307,145,0.2827586206896552
W065,256,0.7338709677419355,182,0.31868131868131866
W065,257,0.7579617834394905,232,0.3232758620689655
W065,258,0.7662337662337663,219,0.2968036529680365
W065,259,0.75,190,0.3894736842105263
W065,260,0.7806451612903226,221,0.2986425339366516
W065,261,0.7567567567567568,200,0.26
W065,262,0.6585365853658537,134,0.3880597014925373
W065,263,0.7607361963190185,232,0.2974137931034483
W065,264,0.8214285714285714,314,0.28662420382165604
W065,265,0.7400881057268722,291,0.21993127147766323
W065,266,0.782312925170068,377,0.22015915119363394
W065,267,0.7633136094674556,206,0.1796116504854369
W065,268,0.7647058823529411,157,0.24203821656050956
W065,269,0.7786885245901639,302,0.19205298013245034
W065,270,0.7277486910994765,258,0.2596899224806202
W065,271,0.8009259259259259,313,0.30990415335463256
W065,272,0.7614678899082569,290,0.2482758620689655
W065,273,0.7725631768953068,370,0.25135135135135134
W065,274,0.7791666666666667,320,0.25
W065,275,0.8266666666666667,402,0.2537313432835821
W065,276,0.7657342657342657,364,0.21428571428571427
W065,277,0.8070175438596491,309,0.2621359223300971
W065,278,0.771551724137931,338,0.3136094674556213
W065,279,0.8105726872246696,299,0.2408026755852843
W065,280,0.8060836501901141,354,0.2570621468926554
W065,281,0.766798418972332,320,0.209375
W065,282,0.7707509881422925,349,0.27507163323782235
W065,283,0.7924528301886793,323,0.17956656346749225
W065,284,0.7954545454545454,286,0.23076923076923078
W065,285,0.8100558659217877,253,0.2924901185770751
W065,286,0.7571428571428571,299,0.2976588628762542
W065,287,0.7456896551724138,316,0.26582278481012656
W065,288,0.7256637168141593,214,0.4719626168224299
W065,289,0.75,340,0.47058823529411764
W065,290,0.7783783783783784,275,0.32727272727272727
W065,291,0.8014184397163121,227,0.3788546255506608
W065,292,0.7735849056603774,312,0.32051282051282054
W065,293,0.6956521739130435,165,0.44242424242424244
W065,294,0.8571428571428571,191,0.3403141361256545
W065,295,0.78,224,0.33035714285714285
W065,296,0.7549019607843137,168,0.39285714285714285
W065,297,0.7670454545454546,223,0.21076233183856502
W065,298,0.813953488372093,228,0.24561403508771928
W065,299,0.8333333333333334,238,0.29411764705882354
W065,300,0.7582417582417582,252,0.2777777777777778
W065,301,0.7849462365591398,239,0.2217573221757322
W065,302,0.8352941176470589,219,0.2237442922374429
W065,303,0.7471910112359551,226,0.21238938053097345
W065,304,0.8263157894736842,245,0.22448979591836735
W065,305,0.8015873015873016,168,0.25
W065,306,0.784,165,0.24242424242424243
W065,307,0.751412429378531,256,0.30859375
W065,308,0.7419354838709677,162,0.2345679012345679
W065,309,0.7876447876447876,334,0.2245508982035928
W065,310,0.8388625592417062,277,0.23826714801444043
W065,311,0.7991452991452992,297,0.21212121212121213
W065,312,0.8212290502793296,239,0.2510460251046025
W065,313,0.8026315789473685,273,0.16483516483516483
W065,314,0.7615384615384615,354,0.2655367231638418
W065,315,0.855072463768116,280,0.26071428571428573
W065,316,0.8059701492537313,264,0.23863636363636365
W065,317,0.8449197860962567,244,0.2336065573770492
W065,318,0.7883211678832117,171,0.19883040935672514
W065,319,0.8212290502793296,247,0.27530364372469635
W065,320,0.7851239669421488,171,0.29239766081871343
W065,321,0.7903225806451613,242,0.23140495867768596
W065,322,0.8105263157894737,380,0.25
W065,323,0.7913043478260869,289,0.2041522491349481
W065,324,0.7805907172995781,293,0.19112627986348124
W065,325,0.8307692307692308,243,0.19753086419753085
W065,326,0.8160535117056856,393,0.23918575063613232
W065,327,0.7449392712550608,318,0.22327044025157233
W065,328,0.75,303,0.19471947194719472
W065,329,0.8101851851851852,276,0.21739130434782608
W065,330,0.7816091954022989,236,0.2627118644067797
W065,331,0.7951219512195122,312,0.34294871794871795
W065,332,0.7832167832167832,196,0.27040816326530615
W065,333,0.7510548523206751,346,0.315028901734104
W065,334,0.8050541516245487,343,0.1924198250728863
W065,335,0.827027027027027,239,0.22594142259414227
W065,336,0.78,97,0.4845360824742268
W065,337,0.7967032967032966,247,0.2631578947368421
W065,338,0.8443396226415094,287,0.2613240418118467
W065,339,0.7908496732026143,205,0.25365853658536586
W065,340,0.8028846153846154,281,0.2597864768683274
W065,341,0.8290155440414507,260,0.25769230769230766
W065,342,0.7739463601532567,357,0.2689075630252101
W065,343,0.8098591549295775,352,0.19318181818181818
W065,344,0.8473520249221184,381,0.15748031496062992
W065,345,0.7650602409638554,212,0.2169811320754717
W065,346,0.782051282051282,343,0.3177842565597668
W065,347,0.83,140,0.2857142857142857
W065,348,0.8265682656826568,384,0.2942708333333333
W065,349,0.8373983739837398,323,0.23839009287925697
W065,350,0.8187702265372169,387,0.20155038759689922
W065,351,0.8163934426229508,375,0.18666666666666668
W065,352,0.780373831775701,275,0.22181818181818183
W065,353,0.7210526315789474,294,0.35374149659863946
W065,354,0.8125,329,0.22188449848024316
W065,355,0.7925311203319502,300,0.19666666666666666
W065,356,0.8292682926829268,307,0.1986970684039088
W065,357,0.7613168724279835,312,0.22115384615384615
W065,358,0.8106796116504854,301,0.31561461794019935
W065,359,0.7857142857142857,257,0.2918287937743191
W065,360,0.8582089552238806,343,0.21865889212827988
W065,361,0.7327586206896551,208,0.4423076923076923
W065,362,0.7910447761194029,353,0.24079320113314448
W065,363,0.7916666666666666,417,0.30935251798561153
W065,364,0.7863636363636364,275,0.2
W065,365,0.7636363636363637,345,0.2028985507246377
W065,366,0.7622950819672131,347,0.2968299711815562
W065,367,0.7331081081081081,413,0.28329297820823246
W065,368,0.814935064935065,385,0.2
W065,369,0.7918367346938775,334,0.26646706586826346
W065,370,0.7988165680473372,422,0.1990521327014218
W065,371,0.7758620689655172,186,0.3763440860215054
W065,372,0.8546255506607929,334,0.3203592814371258
W065,373,0.8287292817679558,354,0.4887005649717514
W065,374,0.8184615384615385,464,0.2995689655172414
W065,375,0.8392857142857143,418,0.19617224880382775
W065,376,0.8054607508532423,387,0.24289405684754523
W065,377,0.8428571428571429,281,0.2526690391459075
W065,378,0.8449612403100775,373,0.30831099195710454
W065,379,0.7831325301204819,394,0.3680203045685279
W065,380,0.8140350877192982,473,0.3974630021141649
W065,381,0.846441947565543,357,0.25210084033613445
W065,382,0.8398692810457516,436,0.2981651376146789
W065,383,0.834920634920635,438,0.2808219178082192
W065,384,0.8377483443708609,403,0.2506203473945409
W065,385,0.8138528138528138,400,0.4225
W065,386,0.84,420,0.34523809523809523
W065,387,0.8324607329842932,356,0.46348314606741575
W065,388,0.8214285714285714,308,0.36363636363636365
W065,389,0.8020304568527918,352,0.4403409090909091
W065,390,0.8322981366459627,289,0.4429065743944637
W065,391,0.7625,187,0.5721925133689839
W065,392,0.8020477815699659,447,0.34451901565995524
W065,393,0.8054054054054054,323,0.42724458204334365
W065,394,0.8125,200,0.52
W065,395,0.8046875,214,0.40186915887850466
W065,396,0.7272727272727273,196,0.5510204081632653
W066,286,0.7931034482758621,143,0.1888111888111888
W066,287,0.7766497461928934,247,0.20242914979757085
W066,288,0.7737556561085973,266,0.16917293233082706
W066,289,0.7446808510638298,161,0.12422360248447205
W066,290,0.8076923076923077,90,0.13333333333333333
W066,291,0.7843137254901961,269,0.241635687732342
W066,292,0.7921348314606742,217,0.17972350230414746
W066,293,0.7191011235955056,236,0.2457627118644068
W066,294,0.7362637362637363,233,0.21888412017167383
W066,295,0.717391304347826,275,0.16363636363636364
W066,296,0.7341772151898734,322,0.2639751552795031
W066,297,0.7324561403508771,284,0.19718309859154928
W066,298,0.7258064516129032,323,0.23219814241486067
W066,299,0.7096774193548387,319,0.2225705329153605
W066,300,0.6954545454545454,264,0.16666666666666666
W066,301,0.7126436781609196,329,0.2066869300911854
W066,302,0.726775956284153,229,0.20087336244541484
W066,303,0.7348837209302326,272,0.20955882352941177
W066,304,0.7087912087912088,221,0.17647058823529413
W066,305,0.7285714285714285,175,0.2
W066,306,0.7679558011049724,218,0.16972477064220184
W066,307,0.6890756302521008,315,0.24444444444444444
W066,308,0.7612903225806451,193,0.19689119170984457
W066,309,0.8012048192771084,213,0.22065727699530516
W066,310,0.6889763779527559,317,0.19873817034700317
W066,311,0.7531380753138075,316,0.24367088607594936
W066,312,0.7566539923954373,329,0.2006079027355623
W066,313,0.7437722419928826,359,0.21727019498607242
W066,314,0.7194719471947195,364,0.16758241758241757
W066,315,0.7135678391959799,242,0.17768595041322313
W066,316,0.7489711934156379,288,0.15625
W066,317,0.711764705882353,215,0.20930232558139536
W066,318,0.791907514450867,235,0.26382978723404255
W066,319,0.7580645161290323,253,0.2648221343873518
W066,320,0.722488038277512,262,0.20229007633587787
W066,321,0.7916666666666666,330,0.2727272727272727
W066,322,0.7574468085106383,291,0.19243986254295534
W066,323,0.7142857142857143,334,0.26646706586826346
W066,324,0.7441860465116279,322,0.19875776397515527
W066,325,0.6782945736434108,298,0.1342281879194631
W066,326,0.711864406779661,216,0.18055555555555555
W066,327,0.7210031347962382,395,0.19240506329113924
W066,328,0.712,312,0.1987179487179487
W066,329,0.7301587301587301,336,0.25
W066,330,0.7297297297297297,235,0.2127659574468085
W066,331,0.7276422764227642,327,0.24770642201834864
W066,332,0.7159090909090909,330,0.2
W066,333,0.7201834862385321,276,0.21014492753623187
W066,334,0.7291666666666666,362,0.20441988950276244
W066,335,0.7735849056603774,321,0.17445482866043613
W066,336,0.6948529411764706,348,0.21839080459770116
W066,337,0.7085714285714285,237,0.2616033755274262
W066,338,0.7685185185185185,295,0.2677966101694915
W066,339,0.75390625,344,0.2558139534883721
W066,340,0.759493670886076,408,0.22549019607843138
W066,341,0.7327044025157232,423,0.24822695035460993
W066,342,0.801980198019802,265,0.23773584905660378
W066,343,0.7128712871287128,313,0.3546325878594249
W066,344,0.7549407114624506,339,0.2536873156342183
W066,345,0.78125,352,0.36363636363636365
W066,346,0.7407407407407407,396,0.25
W066,347,0.7096774193548387,368,0.32608695652173914
W066,348,0.7327586206896551,295,0.2135593220338983
W066,349,0.757847533632287,269,0.17100371747211895
W066,350,0.7510729613733905,287,0.18815331010452963
W066,351,0.7915057915057915,336,0.22916666666666666
W066,352,0.7456140350877193,288,0.20833333333333334
W066,353,0.7531380753138075,278,0.14028776978417265
W066,354,0.7426900584795322,238,0.2815126050420168
W066,355,0.785,265,0.24528301886792453
W066,356,0.7046979865771812,186,0.1989247311827957
W066,357,0.7282051282051282,262,0.25572519083969464
W066,358,0.7689075630252101,310,0.23225806451612904
W066,359,0.7751937984496124,324,0.2037037037037037
W066,360,0.7911111111111111,286,0.21328671328671328
W066,361,0.7901234567901234,294,0.17346938775510204
W066,362,0.8097560975609757,249,0.17670682730923695
W066,363,0.7547683923705722,414,0.11352657004830918
W066,364,0.7336956521739131,227,0.1894273127753304
W066,365,0.8118279569892473,242,0.23140495867768596
W066,366,0.7837837837837838,246,0.24796747967479674
W066,367,0.7282051282051282,253,0.22924901185770752
W066,368,0.7333333333333333,395,0.24050632911392406
W066,369,0.8122743682310469,383,0.27676240208877284
W066,370,0.7962085308056872,268,0.2126865671641791
W066,371,0.8314606741573034,248,0.28225806451612906
W066,372,0.8044444444444444,318,0.29245283018867924
W066,373,0.7644628099173554,324,0.25308641975308643
W066,374,0.7924528301886793,274,0.22627737226277372
W066,375,0.7757352941176471,381,0.28608923884514437
W066,376,0.7372881355932204,309,0.23624595469255663
W066,377,0.7980769230769231,429,0.2727272727272727
W066,378,0.807843137254902,342,0.2543859649122807
W066,379,0.7956989247311828,371,0.24797843665768193
W066,380,0.7844036697247706,286,0.23776223776223776
W066,381,0.7477477477477478,463,0.5205183585313174
W066,382,0.7674418604651163,331,0.3504531722054381
W066,383,0.7736625514403292,386,0.3704663212435233
W066,384,0.75,367,0.18256130790190736
W066,385,0.7983539094650206,307,0.20846905537459284
W066,386,0.7635782747603834,385,0.18701298701298702
W066,387,0.7913385826771654,311,0.1832797427652733
W066,388,0.7852564102564102,367,0.14986376021798364
W066,389,0.7963636363636364,354,0.2231638418079096
W066,390,0.8301886792452831,339,0.2182890855457227
W066,391,0.7937743190661478,341,0.24633431085043989
W066,392,0.8104089219330854,339,0.20648967551622419
W066,393,0.7660377358490567,318,0.16666666666666666
W066,394,0.76953125,311,0.17684887459807075
W066,395,0.788659793814433,229,0.15283842794759825
W066,396,0.7627118644067796,354,0.16666666666666666
W066,397,0.7824561403508772,346,0.17630057803468208
W066,398,0.7569721115537849,338,0.257396449704142
W066,399,0.7410358565737052,311,0.19292604501607716
W066,400,0.796812749003984,305,0.17704918032786884
W066,401,0.7986348122866894,365,0.19726027397260273
W066,402,0.7806451612903226,405,0.2345679012345679
W066,403,0.7620817843866171,345,0.22028985507246376
W066,404,0.7745901639344263,325,0.24923076923076923
W066,405,0.7461538461538462,156,0.16666666666666666
W066,406,0.7324561403508771,321,0.2897196261682243
W066,407,0.7785016286644951,410,0.25121951219512195
W066,408,0.7659574468085106,429,0.2331002331002331
W066,409,0.7696335078534031,240,0.20416666666666666
W066,410,0.7827586206896552,359,0.19220055710306408
W066,411,0.782608695652174,413,0.22033898305084745
W066,412,0.7699530516431925,274,0.22262773722627738
W066,413,0.7554744525547445,369,0.25745257452574527
W066,414,0.7822085889570553,404,0.19306930693069307
W066,415,0.7695035460992907,356,0.20786516853932585
W066,416,0.7620578778135049,389,0.20051413881748073
W066,417,0.8059701492537313,345,0.22318840579710145
W066,418,0.7706093189964157,351,0.20512820512820512
W066,419,0.7455830388692579,365,0.22465753424657534
W066,420,0.7854545454545454,373,0.26273458445040215
W066,421,0.7492447129909365,419,0.2100238663484487
W066,422,0.8583333333333333,294,0.1836734693877551
W066,423,0.7539936102236422,382,0.1806282722513089
W066,424,0.7773972602739726,442,0.3393665158371041
W066,425,0.7416666666666667,336,0.2857142857142857
W066,426,0.8212765957446808,308,0.237012987012987
W066,427,0.8075471698113208,358,0.25977653631284914
W066,428,0.8151815181518152,431,0.29698375870069604
W066,429,0.7920792079207921,301,0.3289036544850498
W066,430,0.8048780487804879,335,0.2656716417910448
W066,431,0.7870370370370371,310,0.3032258064516129
W066,432,0.7610921501706485,365,0.19726027397260273
W066,433,0.7857142857142857,309,0.2297734627831715
W066,434,0.7911111111111111,281,0.199288256227758
W066,435,0.7782608695652173,282,0.18439716312056736
W066,436,0.776173285198556,378,0.2671957671957672
W066,437,0.8154506437768241,325,0.28307692307692306
W066,438,0.7468879668049793,267,0.09737827715355805
W066,439,0.7452830188679245,384,0.171875
W066,440,0.7654867256637168,298,0.24161073825503357
W066,441,0.8482490272373541,347,0.25936599423631124
W066,442,0.7838709677419354,412,0.24757281553398058
W066,443,0.8388278388278388,387,0.29457364341085274
W066,444,0.791970802919708,349,0.2148997134670487
W066,445,0.7649006622516556,396,0.23737373737373738
W066,446,0.7777777777777778,304,0.2894736842105263
W066,447,0.6994219653179191,211,0.18009478672985782
W066,449,0.7740384615384616,328,0.36585365853658536
W066,450,0.8066037735849056,331,0.3595166163141994
W066,451,0.8288288288288288,382,0.418848167539267
W066,452,0.8292682926829268,276,0.2572463768115942
W066,453,0.7835497835497836,308,0.25
W066,454,0.7956989247311828,361,0.22714681440443213
W066,455,0.8503649635036497,331,0.17220543806646527
W066,456,0.7819905213270142,259,0.18532818532818532
W066,457,0.7644230769230769,260,0.2
W066,458,0.7932692307692307,259,0.1969111969111969
W066,459,0.8068669527896996,295,0.21016949152542372
W066,460,0.8049645390070922,333,0.15315315315315314
W066,461,0.8081180811808119,352,0.23011363636363635
W066,462,0.7657657657657657,382,0.418848167539267
W066,463,0.7877551020408163,347,0.29394812680115273
W066,464,0.7677725118483413,300,0.2966666666666667
W066,465,0.8333333333333334,400,0.28
W066,466,0.7898832684824902,360,0.2861111111111111
W066,467,0.783410138248848,315,0.3111111111111111
W066,468,0.8167330677290837,347,0.276657060518732
W066,469,0.6976744186046512,268,0.3582089552238806
W066,470,0.8022388059701493,396,0.32323232323232326
W066,471,0.6842105263157895,82,0.3048780487804878
W066,472,0.7922535211267606,388,0.26804123711340205
W066,473,0.7952380952380952,305,0.3114754098360656
W066,474,0.8442028985507246,387,0.2868217054263566
W066,475,0.7940298507462686,433,0.22632794457274827
W066,476,0.7942386831275721,351,0.3076923076923077
W066,477,0.7427385892116183,466,0.48283261802575106
W066,478,0.8571428571428571,368,0.42934782608695654
W066,479,0.7756653992395437,425,0.3811764705882353
W066,480,0.8212765957446808,383,0.38642297650130547
W066,481,0.8,542,0.38191881918819187
W066,482,0.8471615720524017,494,0.5364372469635628
W066,483,0.7695652173913043,506,0.5454545454545454
W066,484,0.7740384615384616,467,0.5546038543897216
W066,485,0.7142857142857143,451,0.41019955654101997
W066,486,0.7875,383,0.3733681462140992
W066,487,0.7606837606837606,317,0.2618296529968454
W066,488,0.7702702702702703,329,0.3252279635258359
W066,489,0.8088737201365188,365,0.19726027397260273
W066,490,0.823321554770318,372,0.239247311827957
W066,491,0.8097165991902834,307,0.19543973941368079
W066,492,0.8590909090909091,301,0.2691029900332226
W066,493,0.7969924812030075,330,0.19393939393939394
W066,494,0.821917808219178,302,0.27483443708609273
W066,495,0.7593360995850622,329,0.2674772036474164
W066,496,0.7870370370370371,322,0.32919254658385094
W066,497,0.7272727272727273,328,0.32926829268292684
W066,498,0.8326693227091634,318,0.21069182389937108
W066,499,0.8009478672985783,307,0.3127035830618892
W066,500,0.7547169811320755,306,0.30718954248366015
W066,501,0.819327731092437,329,0.2765957446808511
W066,502,0.8065693430656934,361,0.2409972299168975
W066,503,0.7923875432525952,395,0.2683544303797468
W066,504,0.7944664031620553,305,0.17049180327868851
W066,505,0.7672413793103449,325,0.28615384615384615
W066,506,0.8167539267015707,249,0.23293172690763053
W066,507,0.7688888888888888,322,0.30124223602484473
W066,508,0.7903930131004366,344,0.33430232558139533
W066,509,0.7576923076923077,366,0.2896174863387978
W066,510,0.7647058823529411,368,0.2608695652173913
W066,511,0.7794117647058824,368,0.2608695652173913
W066,512,0.8201058201058201,286,0.33916083916083917
W066,513,0.8461538461538461,291,0.32989690721649484
W066,514,0.8192771084337349,373,0.3324396782841823
W066,515,0.8237704918032787,365,0.3315068493150685
W066,516,0.768,372,0.3279569892473118
W066,517,0.7431693989071039,240,0.2375
W066,518,0.8220640569395018,357,0.21288515406162464
W066,519,0.7630662020905923,416,0.31009615384615385
W066,520,0.8221153846153846,274,0.24087591240875914
W066,521,0.8112449799196787,350,0.2885714285714286
W066,522,0.8476190476190476,287,0.2682926829268293
W066,523,0.8230088495575221,297,0.23905723905723905
W066,524,0.8163265306122449,311,0.21221864951768488
W066,525,0.8504273504273504,311,0.24758842443729903
W066,526,0.7840531561461794,398,0.24371859296482412
W066,527,0.8229665071770335,297,0.2962962962962963
W066,528,0.8469387755102041,281,0.302491103202847
W066,529,0.8389830508474576,322,0.2670807453416149
W066,530,0.8226415094339623,338,0.21597633136094674
W066,531,0.8275862068965517,351,0.2564102564102564
W066,532,0.7909407665505227,354,0.18926553672316385
W066,533,0.8127340823970037,343,0.22157434402332363
W066,534,0.8015267175572519,358,0.2681564245810056
W066,535,0.8385650224215246,301,0.2591362126245847
W066,536,0.8097014925373134,357,0.24929971988795518
W066,537,0.84375,283,0.20848056537102475
W066,538,0.7491039426523297,372,0.25
W066,539,0.8306188925081434,440,0.30227272727272725
W066,540,0.8177570093457944,300,0.2866666666666667
W066,541,0.8165137614678899,346,0.3699421965317919
W066,542,0.8370044052863436,326,0.30368098159509205
W066,543,0.8037735849056604,343,0.22740524781341107
W066,544,0.7727272727272727,358,0.3240223463687151
W066,545,0.8467741935483871,323,0.23219814241486067
W066,546,0.823045267489712,358,0.32122905027932963
W066,547,0.8024691358024691,353,0.311614730878187
W066,548,0.8286852589641435,331,0.24169184290030213
W066,549,0.8382352941176471,339,0.1976401179941003
W066,550,0.815028901734104,242,0.28512396694214875
W066,551,0.7828571428571428,238,0.2647058823529412
W066,552,0.8,310,0.3225806451612903
W066,553,0.8177966101694916,315,0.2507936507936508
W066,554,0.7962264150943397,335,0.208955223880597
W066,555,0.8084112149532711,280,0.2357142857142857
W066,556,0.8062015503875969,351,0.26495726495726496
W066,557,0.8156996587030717,381,0.23097112860892388
W066,558,0.8044444444444444,291,0.2268041237113402
W066,559,0.7992424242424242,337,0.2166172106824926
W066,560,0.7830188679245284,307,0.30944625407166126
W066,561,0.8367346938775511,356,0.17415730337078653
W066,562,0.7450980392156863,330,0.38181818181818183
W066,563,0.8095238095238095,300,0.23
W066,564,0.8282828282828283,267,0.25842696629213485
W066,565,0.8217821782178217,262,0.22900763358778625
W066,566,0.8198198198198198,334,0.33532934131736525
W066,567,0.8447488584474886,298,0.2651006711409396
W066,568,0.8539325842696629,339,0.21238938053097345
W066,569,0.7913669064748201,339,0.17994100294985252
W066,570,0.8058252427184466,386,0.19948186528497408
W066,571,0.8432432432432433,239,0.22594142259414227
W066,572,0.842741935483871,327,0.2415902140672783
W066,573,0.8448979591836735,315,0.2222222222222222
W066,574,0.8552631578947368,286,0.20279720279720279
W066,575,0.8305647840531561,381,0.2099737532808399
W066,576,0.841897233201581,333,0.24024024024024024
W066,577,0.8586572438162544,376,0.2473404255319149
W066,578,0.8165938864628821,316,0.27531645569620256
W066,579,0.8099173553719008,346,0.30057803468208094
W066,580,0.788961038961039,392,0.21428571428571427
W066,581,0.8294930875576036,282,0.23049645390070922
W066,582,0.8067484662576687,409,0.20293398533007334
W066,583,0.8273092369477911,385,0.35324675324675325
W066,584,0.8311688311688312,372,0.17204301075268819
W066,585,0.8020304568527918,251,0.2151394422310757
W066,586,0.7741935483870968,282,0.3404255319148936
W066,587,0.8465909090909091,253,0.30434782608695654
W066,588,0.7096774193548387,98,0.3673469387755102
W066,589,0.8260869565217391,381,0.3963254593175853
W066,590,0.7747747747747747,338,0.3431952662721893
W066,591,0.8586956521739131,260,0.2923076923076923
W066,592,0.8523489932885906,243,0.3868312757201646
W066,593,0.7946768060836502,353,0.254957507082153
W066,594,0.8440860215053764,269,0.30855018587360594
W066,595,0.7679324894514767,327,0.27522935779816515
W066,596,0.8566176470588235,372,0.26881720430107525
W066,597,0.80078125,320,0.2
W066,598,0.8235294117647058,290,0.23793103448275862
W066,599,0.7954545454545454,284,0.22535211267605634
W066,600,0.86328125,338,0.24260355029585798
W066,601,0.812,322,0.2236024844720497
W066,602,0.85,338,0.34911242603550297
W066,603,0.8223350253807107,272,0.2757352941176471
W066,604,0.795774647887324,400,0.29
W066,605,0.8486486486486486,288,0.3576388888888889
W066,606,0.7821782178217822,314,0.35668789808917195
W066,607,0.823170731707317,236,0.3050847457627119
W066,608,0.8174273858921162,369,0.34688346883468835
W066,609,0.8159203980099502,282,0.2872340425531915
W066,610,0.8097345132743363,346,0.3468208092485549
W066,611,0.8,307,0.28338762214983715
W066,612,0.8164251207729468,284,0.2711267605633803
W066,613,0.822429906542056,283,0.24381625441696114
W066,614,0.8048780487804879,208,0.21153846153846154
W066,615,0.803030303030303,339,0.22123893805309736
W066,616,0.8333333333333334,266,0.18796992481203006
W066,617,0.8082706766917294,336,0.20833333333333334
W066,618,0.8382352941176471,276,0.2608695652173913
W066,619,0.8448979591836735,324,0.24382716049382716
W066,620,0.8650793650793651,359,0.298050139275766
W066,621,0.8080808080808081,384,0.2265625
W066,622,0.8297101449275363,351,0.21367521367521367
W066,623,0.8382978723404255,311,0.24437299035369775
W066,624,0.8488888888888889,269,0.16356877323420074
W066,625,0.8280542986425339,262,0.15648854961832062
W066,626,0.7956989247311828,385,0.2753246753246753
W066,627,0.8452830188679246,336,0.2113095238095238
W066,628,0.8461538461538461,327,0.1651376146788991
W066,629,0.8082901554404145,245,0.21224489795918366
W066,630,0.7978723404255319,362,0.22099447513812154
W066,631,0.8465346534653465,265,0.23773584905660378
W066,632,0.8168316831683168,251,0.1952191235059761
W066,633,0.861904761904762,273,0.23076923076923078
W066,634,0.7915194346289752,322,0.12111801242236025
W066,635,0.7923875432525952,376,0.23138297872340424
W066,636,0.8086124401913876,275,0.24
W066,637,0.8333333333333334,233,0.2532188841201717
W066,638,0.8177570093457944,258,0.17054263565891473
W066,639,0.8109452736318408,257,0.2178988326848249
W066,640,0.8136882129277566,380,0.3078947368421053
W066,641,0.8302583025830258,347,0.21902017291066284
W066,642,0.8151658767772512,279,0.24372759856630824
W066,643,0.8273381294964028,357,0.22128851540616246
W066,644,0.860655737704918,328,0.25609756097560976
W066,645,0.8597560975609756,315,0.4793650793650794
W066,646,0.83984375,440,0.41818181818181815
W066,647,0.8,375,0.38666666666666666
W066,648,0.8247422680412371,274,0.291970802919708
W066,649,0.8704663212435233,313,0.38338658146964855
W068,423,0.72,189,0.20634920634920634
W068,424,0.7916666666666666,159,0.24528301886792453
W068,425,0.768,151,0.17218543046357615
W068,426,0.6933333333333334,87,0.13793103448275862
W068,427,0.723404255319149,193,0.2694300518134715
W068,428,0.6981132075471698,142,0.2535211267605634
W068,429,0.7089552238805971,177,0.24293785310734464
W068,430,0.74,185,0.1891891891891892
W068,431,0.7430167597765364,214,0.16355140186915887
W068,432,0.7076923076923077,186,0.3010752688172043
W068,433,0.726027397260274,104,0.2980769230769231
W068,434,0.7548387096774194,196,0.20918367346938777
W068,435,0.703125,235,0.1829787234042553
W068,436,0.7,185,0.1891891891891892
W068,437,0.7176470588235294,97,0.12371134020618557
W068,438,0.7004048582995951,303,0.1848184818481848
W068,439,0.7734375,160,0.2
W068,440,0.6968085106382979,225,0.16444444444444445
W068,441,0.7285067873303167,278,0.20503597122302158
W068,442,0.770949720670391,208,0.13942307692307693
W068,443,0.7455357142857143,258,0.13178294573643412
W068,444,0.7554347826086957,217,0.15207373271889402
W068,445,0.7526881720430108,238,0.2184873949579832
W068,446,0.7457627118644068,207,0.14492753623188406
W068,447,0.7430555555555556,179,0.19553072625698323
W068,448,0.7718120805369127,176,0.1534090909090909
W068,449,0.8363636363636363,272,0.19117647058823528
W068,450,0.7052023121387283,216,0.19907407407407407
W068,451,0.7793696275071633,413,0.1549636803874092
W068,452,0.8055555555555556,100,0.28
W068,453,0.7903225806451613,146,0.1506849315068493
W068,454,0.717391304347826,165,0.16363636363636364
W068,455,0.7222222222222222,121,0.10743801652892562
W068,456,0.7647058823529411,162,0.16049382716049382
W068,457,0.7549668874172185,182,0.17032967032967034
W068,458,0.8305084745762712,75,0.21333333333333335
W068,459,0.7763157894736842,88,0.13636363636363635
W068,460,0.7718446601941747,275,0.2509090909090909
W068,461,0.75,312,0.23076923076923078
W068,462,0.6857142857142857,284,0.13732394366197184
W068,463,0.7741935483870968,197,0.2131979695431472
W068,464,0.7481481481481481,313,0.13738019169329074
W068,465,0.7607361963190185,192,0.15104166666666666
W068,466,0.7876712328767124,173,0.15606936416184972
W068,467,0.7297297297297297,222,0.16666666666666666
W068,468,0.7477477477477478,129,0.13953488372093023
W068,469,0.8238095238095238,266,0.21052631578947367
W068,470,0.7788018433179723,255,0.14901960784313725
W068,471,0.75,184,0.2608695652173913
W068,472,0.7673267326732673,246,0.17886178861788618
W068,473,0.7613636363636364,305,0.13442622950819672
W068,474,0.7677419354838709,187,0.1711229946524064
W068,475,0.8066298342541437,227,0.2026431718061674
W068,476,0.7403846153846154,241,0.13692946058091288
W068,477,0.7321428571428571,139,0.19424460431654678
W068,478,0.8103448275862069,78,0.2564102564102564
W068,479,0.7185929648241206,238,0.1638655462184874
W068,480,0.7531914893617021,272,0.13602941176470587
W068,481,0.7608695652173914,267,0.13857677902621723
W068,482,0.7880434782608695,224,0.17857142857142858
W068,483,0.7084870848708487,339,0.20058997050147492
W068,484,0.7669491525423728,304,0.2236842105263158
W068,485,0.738255033557047,373,0.20107238605898123
W068,486,0.7757352941176471,345,0.21159420289855072
W068,487,0.7338403041825095,312,0.15705128205128205
W068,488,0.7647058823529411,314,0.18789808917197454
W068,489,0.7452830188679245,384,0.171875
W068,490,0.7766497461928934,237,0.16877637130801687
W068,491,0.7950530035335689,349,0.18911174785100288
W068,492,0.7569060773480663,232,0.21982758620689655
W068,493,0.8049792531120332,295,0.18305084745762712
W068,494,0.7134146341463414,190,0.1368421052631579
W068,495,0.732824427480916,161,0.18633540372670807
W068,496,0.7550335570469798,363,0.1790633608815427
W068,497,0.7482014388489209,356,0.21910112359550563
W068,498,0.7338403041825095,339,0.22418879056047197
W068,499,0.8387096774193549,271,0.1992619926199262
W068,500,0.8006993006993007,345,0.17101449275362318
W068,501,0.7526595744680851,449,0.16258351893095768
W068,502,0.7767441860465116,256,0.16015625
W068,503,0.8089887640449438,330,0.19090909090909092
W068,504,0.7658227848101266,376,0.1595744680851064
W068,505,0.7748538011695907,392,0.12755102040816327
W068,506,0.7493188010899182,416,0.11778846153846154
W068,507,0.7981651376146789,365,0.10410958904109589
W068,508,0.7400611620795107,413,0.20823244552058112
W068,509,0.7388535031847133,374,0.16042780748663102
W068,510,0.7486338797814208,416,0.1201923076923077
W068,511,0.7485380116959064,399,0.14285714285714285
W068,512,0.7477477477477478,385,0.13506493506493505
W068,513,0.7524509803921569,449,0.09131403118040089
W068,514,0.7777777777777778,451,0.10199556541019955
W068,515,0.8032407407407407,493,0.12373225152129817
W068,516,0.8120481927710843,442,0.06108597285067873
W068,517,0.7990196078431373,454,0.1013215859030837
W068,518,0.7949526813880127,351,0.09686609686609686
W068,519,0.8198614318706697,486,0.10905349794238683
W068,520,0.7849462365591398,407,0.085995085995086
W068,521,0.8493975903614458,387,0.1421188630490956
W068,522,0.8150851581508516,446,0.07847533632286996
W068,523,0.8354838709677419,340,0.08823529411764706
W068,524,0.8126520681265207,476,0.13655462184873948
W068,525,0.7352941176470589,401,0.15211970074812967
W068,526,0.6879795396419437,462,0.15367965367965367
W068,527,0.7640117994100295,398,0.14824120603015076
W068,528,0.7336448598130841,498,0.14056224899598393
W068,529,0.7830188679245284,607,0.12685337726523888
W068,530,0.7634069400630915,367,0.1362397820163488
W068,531,0.7938931297709924,470,0.16382978723404254
W068,532,0.7943661971830986,436,0.18577981651376146
W068,533,0.7755681818181818,412,0.14563106796116504
W068,534,0.7785467128027682,330,0.12424242424242424
W068,535,0.7886435331230284,353,0.10198300283286119
W068,536,0.7515723270440252,379,0.16094986807387862
W068,537,0.75,451,0.10421286031042129
W068,538,0.699228791773779,420,0.07380952380952381
W068,539,0.7590673575129534,456,0.15350877192982457
W068,540,0.8025889967637541,362,0.1464088397790055
W068,541,0.7655367231638418,420,0.15714285714285714
W068,542,0.7894736842105263,361,0.10526315789473684
W068,543,0.743421052631579,352,0.13636363636363635
W068,544,0.7652173913043478,390,0.11538461538461539
W068,545,0.7601246105919003,363,0.11570247933884298
W068,546,0.7679558011049724,411,0.1192214111922141
W068,547,0.7657657657657657,524,0.15267175572519084
W068,548,0.7163461538461539,243,0.1440329218106996
W068,549,0.746031746031746,293,0.13993174061433447
W068,550,0.8164794007490637,315,0.1523809523809524
W068,551,0.7313019390581718,424,0.14858490566037735
W068,552,0.7699680511182109,393,0.2035623409669211
W068,553,0.7346938775510204,494,0.20647773279352227
W068,554,0.7554179566563467,408,0.20833333333333334
W068,555,0.7302631578947368,352,0.13636363636363635
W068,556,0.7425474254742548,422,0.12559241706161137
W068,557,0.8045977011494253,432,0.19444444444444445
W068,558,0.7658959537572254,397,0.12846347607052896
W068,559,0.8050314465408805,379,0.16094986807387862
W068,560,0.7351351351351352,207,0.10628019323671498
W068,561,0.7241379310344828,156,0.2564102564102564
W068,562,0.7785714285714286,339,0.17404129793510326
W068,563,0.7083333333333334,361,0.13573407202216067
W068,564,0.797979797979798,457,0.13347921225382933
W068,565,0.7609254498714653,471,0.1740976645435244
W068,566,0.7955974842767296,373,0.14745308310991956
W068,567,0.7901907356948229,419,0.12410501193317422
W068,568,0.7694235588972431,455,0.12307692307692308
W068,569,0.8028169014084507,495,0.1393939393939394
W068,570,0.7604456824512534,414,0.13285024154589373
W068,571,0.7949438202247191,403,0.11662531017369727
W068,572,0.769620253164557,466,0.15236051502145923
W068,573,0.7897310513447433,473,0.13530655391120508
W068,574,0.7702265372168284,341,0.093841642228739
W068,575,0.7793427230046949,514,0.17120622568093385
W068,576,0.7621052631578947,567,0.16225749559082892
W068,577,0.784037558685446,503,0.15308151093439365
W068,578,0.7838383838383839,576,0.140625
W068,579,0.8128491620111732,431,0.16937354988399073
W068,580,0.8004926108374384,477,0.1488469601677149
W068,581,0.7706237424547284,580,0.14310344827586208
W068,582,0.7557692307692307,594,0.12457912457912458
W068,583,0.7883369330453563,521,0.11132437619961612
W068,584,0.8078703703703703,502,0.1394422310756972
W068,585,0.7595993322203672,672,0.10863095238095238
W068,586,0.7604166666666666,566,0.1519434628975265
W068,587,0.7492795389048992,393,0.11704834605597965
W068,588,0.7885057471264367,521,0.16506717850287908
W068,589,0.7848101265822784,552,0.14130434782608695
W068,590,0.7605042016806722,553,0.13924050632911392
W068,591,0.7570621468926554,602,0.11794019933554817
W068,592,0.7654639175257731,469,0.17270788912579957
W068,593,0.782,594,0.15824915824915825
W068,594,0.790633608815427,418,0.13157894736842105
W068,595,0.8014184397163121,658,0.14285714285714285
W068,596,0.7458256029684601,672,0.19791666666666666
W068,597,0.7467532467532467,577,0.19930675909878684
W068,598,0.8240343347639485,553,0.15732368896925858
W068,599,0.7663366336633664,588,0.141156462585034
W068,600,0.7991071428571429,539,0.16883116883116883
W068,601,0.7336448598130841,504,0.15079365079365079
W068,602,0.7775947281713345,707,0.14144271570014144
W068,603,0.7696850393700787,598,0.1505016722408027
W068,604,0.7758985200845666,564,0.16134751773049646
W068,605,0.7975,475,0.15789473684210525
W068,606,0.751937984496124,302,0.1456953642384106
W068,607,0.7554585152838428,601,0.23793677204658903
W068,608,0.7543859649122807,550,0.1709090909090909
W068,609,0.7707317073170732,488,0.1598360655737705
W068,610,0.7718631178707225,624,0.15705128205128205
W068,611,0.7889344262295082,557,0.12387791741472172
W068,612,0.7763157894736842,544,0.16176470588235295
W068,613,0.8190045248868778,519,0.14836223506743737
W068,614,0.7426160337552743,561,0.15508021390374332
W068,615,0.7881548974943052,527,0.16698292220113853
W068,616,0.8038740920096852,501,0.17564870259481039
W068,617,0.8004434589800443,548,0.177007299270073
W068,618,0.7855297157622739,481,0.19542619542619544
W068,619,0.7728194726166329,597,0.17420435510887772
W068,620,0.7955465587044535,581,0.14974182444061962
W068,621,0.7929515418502202,536,0.15298507462686567
W068,622,0.8119001919385797,606,0.14026402640264027
W068,623,0.7948717948717948,531,0.11864406779661017
W068,624,0.766743648960739,492,0.11991869918699187
W068,625,0.7745535714285714,542,0.17343173431734318
W068,626,0.7894736842105263,499,0.1623246492985972
W068,627,0.7912371134020618,465,0.16559139784946236
W068,628,0.7827050997782705,582,0.22508591065292097
W068,629,0.7716049382716049,367,0.11716621253405994
W068,630,0.728494623655914,446,0.16591928251121077
W068,631,0.8221709006928406,502,0.13745019920318724
W068,632,0.7942386831275721,581,0.16351118760757316
W068,633,0.8087557603686636,537,0.19180633147113593
W068,634,0.8098859315589354,602,0.12624584717607973
W068,635,0.7863247863247863,538,0.13011152416356878
W068,636,0.8064516129032258,585,0.09914529914529914
W068,637,0.81195079086116,709,0.19746121297602257
W068,638,0.8006482982171799,734,0.15940054495912806
W068,639,0.8254799301919721,680,0.15735294117647058
W068,640,0.8133802816901409,651,0.12749615975422426
W068,641,0.846307385229541,567,0.1164021164021164
W068,642,0.8522550544323484,746,0.1380697050938338
W068,643,0.8432510885341074,802,0.14089775561097256
W068,644,0.831275720164609,879,0.17064846416382254
W068,645,0.8130671506352087,680,0.18970588235294117
W068,646,0.8377777777777777,530,0.1509433962264151
W068,647,0.828719723183391,681,0.1512481644640235
W068,648,0.8316831683168316,480,0.15833333333333333
W068,649,0.8013392857142857,542,0.17343173431734318
W068,650,0.8242677824267782,795,0.09811320754716982
W068,651,0.8236607142857143,537,0.16573556797020483
W068,652,0.7934560327198364,563,0.13143872113676733
W068,653,0.8053097345132744,544,0.16911764705882354
W068,654,0.8165680473372781,569,0.10896309314586995
W068,655,0.8043087971274686,639,0.12832550860719874
W068,656,0.8455414012738853,729,0.13854595336076816
W068,657,0.8455772113943029,758,0.12005277044854881
W068,658,0.8164556962025317,581,0.18416523235800344
W068,659,0.8238532110091743,660,0.17424242424242425
W068,660,0.8132075471698114,619,0.14378029079159935
W068,661,0.8342245989304813,894,0.16331096196868009
W068,662,0.8110944527736131,766,0.12924281984334204
W068,663,0.8496583143507973,530,0.17169811320754716
W068,664,0.8414239482200647,350,0.11714285714285715
W068,665,0.7712,751,0.1677762982689747
W068,666,0.8271334792122538,537,0.148975791433892
W068,667,0.8476190476190476,373,0.1554959785522788
W068,668,0.8247978436657682,461,0.19522776572668113
W068,669,0.8180451127819549,805,0.17391304347826086
W068,670,0.8102310231023102,724,0.16298342541436464
W068,671,0.8214971209213052,631,0.17432646592709986
W068,672,0.8465011286681715,540,0.17962962962962964
W068,673,0.8273684210526315,564,0.15780141843971632
W068,674,0.8473282442748091,636,0.1761006289308176
W068,675,0.8309859154929577,530,0.19622641509433963
W068,676,0.8235294117647058,751,0.20772303595206393
W068,677,0.8042414355628059,747,0.17938420348058903
W068,678,0.8491803278688524,751,0.1877496671105193
W068,679,0.8526119402985075,653,0.17917304747320062
W068,680,0.8074534161490683,601,0.19633943427620631
W068,681,0.8343949044585988,546,0.13736263736263737
W068,682,0.8433179723502304,519,0.16377649325626203
W068,683,0.8214285714285714,838,0.2649164677804296
W068,684,0.8035230352303523,936,0.21153846153846154
W068,685,0.8636363636363636,979,0.23595505617977527
W068,686,0.8455056179775281,405,0.12098765432098765
W072,145,0.7844311377245509,203,0.17733990147783252
W072,146,0.7692307692307693,219,0.1689497716894977
W072,147,0.7100591715976331,197,0.14213197969543148
W072,148,0.7,221,0.18552036199095023
W072,149,0.7679558011049724,219,0.1735159817351598
W072,150,0.8129032258064516,183,0.15300546448087432
W072,151,0.7523510971786834,373,0.1447721179624665
W072,152,0.7538461538461538,239,0.18410041841004185
W072,153,0.7938144329896907,218,0.11009174311926606
W072,154,0.7344632768361582,218,0.18807339449541285
W072,155,0.7565217391304347,140,0.17857142857142858
W072,156,0.7712765957446809,222,0.15315315315315314
W072,157,0.7337662337662337,335,0.08059701492537313
W072,158,0.8125,298,0.14093959731543623
W072,159,0.7885714285714286,219,0.2009132420091324
W072,160,0.8333333333333334,113,0.36283185840707965
W072,161,0.7569060773480663,213,0.15023474178403756
W072,162,0.7771428571428571,210,0.16666666666666666
W072,163,0.7114093959731543,175,0.14857142857142858
W072,164,0.7206703910614525,216,0.1712962962962963
W072,165,0.7602739726027398,188,0.22340425531914893
W072,166,0.6893203883495146,123,0.16260162601626016
W072,167,0.6822429906542056,132,0.1893939393939394
W072,168,0.7479674796747967,155,0.2064516129032258
W072,169,0.7583892617449665,186,0.1989247311827957
W072,170,0.8,204,0.21568627450980393
W072,171,0.7619047619047619,196,0.14285714285714285
W072,172,0.7587939698492462,264,0.24621212121212122
W072,173,0.782608695652174,200,0.195
W072,174,0.6915887850467289,140,0.2357142857142857
W072,175,0.6902654867256637,138,0.18115942028985507
W072,176,0.7692307692307693,276,0.19927536231884058
W072,177,0.8,119,0.2857142857142857
W072,178,0.7928571428571428,183,0.23497267759562843
W072,179,0.8072289156626506,217,0.2350230414746544
W072,180,0.7816901408450704,185,0.23243243243243245
W072,181,0.7205882352941176,296,0.3108108108108108
W072,182,0.8083832335329342,219,0.2374429223744292
W072,183,0.7446808510638298,198,0.2878787878787879
W072,184,0.8382352941176471,179,0.24022346368715083
W072,185,0.7640449438202247,228,0.21929824561403508
W072,186,0.7297297297297297,66,0.4393939393939394
W072,187,0.7156862745098039,135,0.24444444444444444
W072,188,0.6597938144329897,131,0.2595419847328244
W072,189,0.8255813953488372,112,0.23214285714285715
W072,190,0.7482993197278912,182,0.19230769230769232
W072,191,0.7941176470588235,133,0.23308270676691728
W072,192,0.7913043478260869,152,0.24342105263157895
W072,193,0.7578125,157,0.18471337579617833
W072,194,0.7777777777777778,150,0.22
W072,195,0.8222222222222222,172,0.21511627906976744
W072,196,0.726027397260274,180,0.18888888888888888
W072,197,0.7446808510638298,110,0.14545454545454545
W072,198,0.8515625,159,0.1949685534591195
W072,199,0.875,122,0.2786885245901639
W072,200,0.7889908256880734,278,0.2158273381294964
W072,201,0.7210884353741497,170,0.13529411764705881
W072,202,0.6804123711340206,117,0.17094017094017094
W072,203,0.8134715025906736,230,0.1608695652173913
W072,204,0.7588652482269503,176,0.19886363636363635
W072,205,0.7857142857142857,191,0.12041884816753927
W072,206,0.8543689320388349,131,0.21374045801526717
W072,207,0.7613636363636364,214,0.17757009345794392
W072,208,0.772972972972973,225,0.17777777777777778
W072,209,0.7126436781609196,125,0.304
W072,210,0.7636363636363637,143,0.23076923076923078
W072,211,0.803680981595092,207,0.21256038647342995
W072,212,0.7889908256880734,142,0.2323943661971831
W072,213,0.8391608391608392,172,0.1686046511627907
W072,214,0.8071065989847716,228,0.13596491228070176
W072,215,0.8321167883211679,176,0.2215909090909091
W072,216,0.773972602739726,175,0.1657142857142857
W072,217,0.8165137614678899,140,0.22142857142857142
W072,218,0.7567567567567568,174,0.14942528735632185
W072,219,0.7692307692307693,140,0.16428571428571428
W072,220,0.8175182481751825,181,0.2430939226519337
W072,221,0.7786259541984732,164,0.20121951219512196
W072,222,0.781021897810219,167,0.17964071856287425
W072,223,0.8372093023255814,307,0.15960912052117263
W072,224,0.8795811518324608,224,0.14732142857142858
W072,225,0.7987804878048781,201,0.18407960199004975
W072,226,0.8323699421965318,215,0.19534883720930232
W072,227,0.7453416149068323,188,0.14361702127659576
W072,229,0.78,181,0.1712707182320442
W072,231,0.7692307692307693,171,0.23976608187134502
W072,232,0.8253012048192772,206,0.1941747572815534
W072,233,0.7878787878787878,241,0.17842323651452283
W072,234,0.7655172413793103,366,0.20765027322404372
W072,235,0.7692307692307693,108,0.2777777777777778
W072,236,0.8405797101449275,241,0.14107883817427386
W072,237,0.7469135802469136,192,0.15625
W072,238,0.8256227758007118,318,0.11635220125786164
W072,239,0.7575757575757576,175,0.24571428571428572
W072,240,0.7606837606837606,293,0.20136518771331058
W072,241,0.8106508875739645,214,0.2102803738317757
W072,242,0.83125,214,0.2523364485981308
W072,243,0.8549222797927462,233,0.17167381974248927
W072,244,0.7745664739884393,212,0.18396226415094338
W072,245,0.7732558139534884,191,0.09947643979057591
W072,246,0.7777777777777778,204,0.20588235294117646
W072,247,0.7745664739884393,221,0.2171945701357466
W072,248,0.7555555555555555,184,0.266304347826087
W072,249,0.7602339181286549,217,0.2119815668202765
W072,250,0.7447916666666666,237,0.189873417721519
W072,251,0.8070175438596491,200,0.145
W072,252,0.8359375,159,0.1949685534591195
W072,253,0.8,176,0.26136363636363635
W072,254,0.8049792531120332,292,0.17465753424657535
W072,255,0.8206896551724138,180,0.19444444444444445
W072,256,0.8220338983050848,148,0.20270270270270271
W072,257,0.7228915662650602,202,0.1782178217821782
W072,258,0.8285714285714286,174,0.19540229885057472
W072,259,0.8181818181818182,188,0.12234042553191489
W072,260,0.7696969696969697,188,0.12234042553191489
W072,261,0.7682119205298014,185,0.1837837837837838
W072,262,0.8304347826086956,272,0.15441176470588236
W072,263,0.8369098712446352,275,0.15272727272727274
W072,264,0.81875,190,0.15789473684210525
W072,265,0.8378378378378378,215,0.13953488372093023
W072,266,0.8307692307692308,158,0.17721518987341772
W072,267,0.8076923076923077,215,0.15348837209302327
W072,268,0.8060344827586207,265,0.12452830188679245
W072,269,0.851063829787234,159,0.11320754716981132
W072,270,0.7924528301886793,195,0.18461538461538463
W072,271,0.777027027027027,175,0.15428571428571428
W072,272,0.8014184397163121,184,0.23369565217391305
W072,273,0.795774647887324,164,0.13414634146341464
W072,274,0.8092105263157895,186,0.1827956989247312
W072,275,0.7666666666666667,145,0.1724137931034483
W072,276,0.7883597883597884,222,0.14864864864864866
W072,277,0.7868852459016393,150,0.18666666666666668
W072,278,0.8648648648648649,184,0.1956521739130435
W072,279,0.8424242424242424,210,0.21428571428571427
W072,280,0.7983193277310925,151,0.2119205298013245
W072,281,0.7916666666666666,171,0.15789473684210525
W072,282,0.8482758620689655,182,0.2032967032967033
W072,283,0.8055555555555556,245,0.11836734693877551
W072,284,0.8425925925925926,137,0.2116788321167883
W072,285,0.8415300546448088,208,0.1201923076923077
W072,286,0.8558951965065502,272,0.15808823529411764
W072,287,0.84,159,0.2138364779874214
W072,289,0.7983870967741935,166,0.25301204819277107
W072,290,0.8252427184466019,154,0.33116883116883117
W072,291,0.7424242424242424,165,0.2
W072,292,0.7894736842105263,304,0.25
W072,293,0.7674418604651163,165,0.21818181818181817
W072,294,0.8285714285714286,184,0.2391304347826087
W072,295,0.7911392405063291,185,0.14594594594594595
W072,296,0.7681159420289855,168,0.17857142857142858
W072,297,0.7808219178082192,179,0.18435754189944134
W072,298,0.7476635514018691,135,0.2074074074074074
W072,299,0.8539325842696629,114,0.21929824561403508
W072,300,0.7440476190476191,193,0.12953367875647667
W072,301,0.7948717948717948,104,0.25
W072,302,0.798941798941799,237,0.20253164556962025
W072,303,0.6942148760330579,172,0.29651162790697677
W072,304,0.6788990825688074,176,0.3806818181818182
W072,305,0.648936170212766,128,0.265625
W072,306,0.7704918032786885,158,0.22784810126582278
W072,307,0.7320261437908496,178,0.1404494382022472
W072,308,0.719626168224299,266,0.19548872180451127
W072,309,0.7636363636363637,151,0.271523178807947
W072,310,0.7397260273972602,192,0.23958333333333334
W072,311,0.7169811320754716,129,0.17829457364341086
W072,312,0.7619047619047619,220,0.1409090909090909
W072,313,0.7384615384615385,165,0.21212121212121213
W072,314,0.7602339181286549,198,0.13636363636363635
W072,315,0.76,133,0.24812030075187969
W072,316,0.8679245283018868,73,0.273972602739726
W072,317,0.7894736842105263,115,0.17391304347826086
W072,318,0.7666666666666667,209,0.13875598086124402
W072,319,0.8686131386861314,305,0.10163934426229508
W072,320,0.6722689075630253,154,0.22727272727272727
W072,321,0.8041958041958042,181,0.20994475138121546
W072,322,0.680327868852459,160,0.2375
W072,323,0.75,246,0.18699186991869918
W072,324,0.6901408450704225,171,0.1695906432748538
W072,325,0.7439024390243902,198,0.1717171717171717
W072,326,0.6884057971014492,181,0.23756906077348067
W072,327,0.7888888888888889,103,0.1262135922330097
W072,328,0.7738095238095238,299,0.15719063545150502
W072,329,0.7058823529411765,262,0.22137404580152673
W072,330,0.7377049180327869,226,0.1902654867256637
W072,331,0.8053097345132744,269,0.15985130111524162
W072,332,0.7239819004524887,266,0.16917293233082706
W072,333,0.74609375,300,0.14666666666666667
W072,334,0.7797356828193832,274,0.17153284671532848
W072,335,0.775609756097561,240,0.14583333333333334
W072,336,0.7702702702702703,177,0.1638418079096045
W072,337,0.8,186,0.1935483870967742
W072,338,0.7552083333333334,223,0.13901345291479822
W072,339,0.753968253968254,141,0.10638297872340426
W072,340,0.7901234567901234,186,0.12903225806451613
W072,341,0.7074829931972789,179,0.1787709497206704
W072,342,0.7696969696969697,196,0.15816326530612246
W072,343,0.7819905213270142,248,0.14919354838709678
W072,344,0.7787234042553192,272,0.13602941176470587
W072,345,0.7829181494661922,305,0.07868852459016394
W072,346,0.7692307692307693,130,0.1
W072,347,0.82,223,0.1031390134529148
W072,348,0.7637795275590551,145,0.12413793103448276
W072,349,0.7459016393442623,276,0.11594202898550725
W072,350,0.7644230769230769,230,0.09565217391304348
W072,351,0.7485714285714286,209,0.16267942583732056
W072,352,0.8197674418604651,195,0.11794871794871795
W072,353,0.7142857142857143,139,0.09352517985611511
W072,354,0.746268656716418,238,0.15546218487394958
W072,355,0.7380952380952381,210,0.2
W072,356,0.8050314465408805,196,0.18877551020408162
W072,357,0.7058823529411765,123,0.17073170731707318
W072,358,0.7555555555555555,55,0.18181818181818182
W072,359,0.7222222222222222,137,0.2116788321167883
W072,360,0.7695652173913043,275,0.16363636363636364
W072,361,0.8176795580110497,228,0.20614035087719298
W072,362,0.8376068376068376,141,0.1702127659574468
W072,363,0.8102564102564103,218,0.10550458715596331
W072,364,0.7671957671957672,224,0.15625
W072,366,0.7976878612716763,200,0.135
W072,367,0.7619047619047619,164,0.10365853658536585
W072,368,0.8251748251748252,159,0.10062893081761007
W072,369,0.7722222222222223,216,0.16666666666666666
W072,370,0.6825396825396826,145,0.1310344827586207
W072,371,0.7904191616766467,192,0.13020833333333334
W072,372,0.7751196172248804,250,0.164
W072,373,0.7218045112781954,165,0.19393939393939394
W072,374,0.7194244604316546,184,0.24456521739130435
W072,375,0.8248175182481752,165,0.1696969696969697
W072,376,0.717948717948718,100,0.22
W072,377,0.762589928057554,164,0.1524390243902439
W072,378,0.7876106194690266,139,0.18705035971223022
W072,379,0.6614173228346457,155,0.18064516129032257
W072,380,0.75,161,0.20496894409937888
W072,381,0.7843137254901961,213,0.28169014084507044
W072,382,0.8210526315789474,116,0.1810344827586207
W072,383,0.7023809523809523,116,0.27586206896551724
W072,384,0.7301587301587301,150,0.16
W072,385,0.7090909090909091,138,0.2028985507246377
W072,386,0.8255813953488372,114,0.24561403508771928
W072,387,0.7840909090909091,122,0.2786885245901639
W072,388,0.7289719626168224,128,0.1640625
W072,389,0.8343558282208589,190,0.14210526315789473
W072,390,0.7377049180327869,74,0.17567567567567569
W072,391,0.7747747747747747,134,0.17164179104477612
W072,392,0.7439024390243902,192,0.14583333333333334
W072,393,0.8191489361702128,108,0.12962962962962962
W072,394,0.8187919463087249,179,0.16759776536312848
W072,395,0.7789473684210526,219,0.1324200913242009
W072,396,0.8021978021978022,212,0.14150943396226415
W072,397,0.7737226277372263,164,0.16463414634146342
W072,398,0.7476190476190476,236,0.11016949152542373
W072,399,0.8203125,151,0.152317880794702
W072,400,0.7017543859649122,88,0.3522727272727273
W072,401,0.8402777777777778,188,0.23404255319148937
W072,402,0.8508771929824561,133,0.14285714285714285
W072,403,0.776536312849162,209,0.14354066985645933
W072,404,0.7857142857142857,119,0.17647058823529413
W072,405,0.8068965517241379,162,0.10493827160493827
W072,406,0.8046875,157,0.18471337579617833
W072,407,0.7625570776255708,237,0.0759493670886076
W072,408,0.8131868131868132,220,0.17272727272727273
W072,409,0.776,145,0.13793103448275862
W072,410,0.7142857142857143,143,0.11888111888111888
W072,411,0.792,159,0.2138364779874214
W072,412,0.8160377358490566,244,0.13114754098360656
W072,413,0.8288288288288288,251,0.11553784860557768
W072,414,0.7583892617449665,190,0.21578947368421053
W072,415,0.7569444444444444,182,0.2087912087912088
W072,416,0.7763975155279503,193,0.16580310880829016
W072,417,0.8378378378378378,267,0.16853932584269662
W072,418,0.7967914438502673,208,0.10096153846153846
W072,419,0.7420814479638009,249,0.11244979919678715
W072,420,0.8251748251748252,332,0.13855421686746988
W072,421,0.849624060150376,306,0.13071895424836602
W072,422,0.7456647398843931,195,0.11282051282051282
W072,423,0.7388888888888889,205,0.12195121951219512
W072,424,0.7660818713450293,195,0.12307692307692308
W072,425,0.7289719626168224,122,0.12295081967213115
W072,426,0.8020833333333334,224,0.14285714285714285
W072,427,0.8249258160237388,382,0.11780104712041885
W072,429,0.7819548872180451,283,0.06007067137809187
W072,430,0.7951807228915663,274,0.09124087591240876
W072,431,0.7896825396825397,283,0.10954063604240283
W072,432,0.7588652482269503,154,0.08441558441558442
W072,433,0.7733990147783252,223,0.08968609865470852
W072,434,0.8181818181818182,295,0.10508474576271186
W072,435,0.75,136,0.17647058823529413
W072,436,0.7850877192982456,254,0.10236220472440945
W072,437,0.8010471204188482,223,0.14349775784753363
W072,438,0.8275862068965517,325,0.1076923076923077
W072,439,0.803448275862069,328,0.11585365853658537
W072,440,0.7900763358778626,310,0.15483870967741936
W072,441,0.8210526315789474,340,0.16176470588235295
W072,442,0.78125,230,0.16521739130434782
W072,443,0.7870370370370371,353,0.0821529745042493
W072,444,0.7527675276752768,306,0.11437908496732026
W072,445,0.7994428969359332,408,0.12009803921568628
W072,446,0.807570977917981,346,0.0838150289017341
W072,447,0.7789473684210526,312,0.08653846153846154
W072,448,0.7990654205607477,252,0.15079365079365079
W072,449,0.8076923076923077,325,0.12
W072,450,0.762589928057554,314,0.11464968152866242
W072,451,0.8430493273542601,269,0.17100371747211895
W072,452,0.7962962962962963,250,0.136
W072,453,0.817629179331307,364,0.09615384615384616
W072,454,0.7992831541218638,332,0.15963855421686746
W072,455,0.8185654008438819,268,0.11567164179104478
W072,456,0.7741935483870968,242,0.10330578512396695
W072,457,0.7596153846153846,255,0.1843137254901961
W072,458,0.8040201005025126,232,0.14224137931034483
W072,459,0.8122270742358079,270,0.15185185185185185
W072,460,0.8076923076923077,246,0.15447154471544716
W072,461,0.7911646586345381,306,0.18627450980392157
W072,462,0.7831858407079646,259,0.1274131274131274
W072,463,0.8022813688212928,302,0.1291390728476821
W072,464,0.8151658767772512,236,0.1059322033898305
W072,465,0.8287037037037037,257,0.15953307392996108
W072,466,0.8145363408521303,462,0.13636363636363635
W072,467,0.7771587743732591,408,0.12009803921568628
W072,468,0.8074324324324325,333,0.1111111111111111
W072,469,0.7788461538461539,249,0.1646586345381526
W072,470,0.7911646586345381,273,0.08791208791208792
W072,471,0.8141263940520446,315,0.14603174603174604
W072,472,0.7955271565495208,351,0.10826210826210826
W072,473,0.8113207547169812,300,0.11666666666666667
W072,474,0.8208333333333333,290,0.1724137931034483
W072,475,0.786046511627907,275,0.21818181818181817
W072,476,0.8229665071770335,249,0.1606425702811245
W072,477,0.8042553191489362,284,0.17253521126760563
W072,478,0.7473309608540926,346,0.18786127167630057
W072,479,0.8,238,0.20168067226890757
W072,480,0.8038585209003215,373,0.16621983914209115
W072,481,0.7921348314606742,214,0.16822429906542055
W072,482,0.8457142857142858,404,0.13366336633663367
W072,483,0.8809523809523809,386,0.12953367875647667
W072,484,0.8105263157894737,129,0.26356589147286824
W072,485,0.8514851485148515,234,0.13675213675213677
W072,486,0.8235294117647058,283,0.0989399293286219
W072,487,0.8232931726907631,279,0.10752688172043011
W072,488,0.8722466960352423,262,0.13358778625954199
W072,489,0.8918918918918919,291,0.10996563573883161
W072,490,0.7968253968253968,358,0.12011173184357542
W072,491,0.8464566929133859,278,0.08633093525179857
W072,492,0.8058252427184466,233,0.11587982832618025
W072,493,0.8497109826589595,383,0.09660574412532637
W072,494,0.8192419825072886,379,0.09498680738786279
W072,495,0.823170731707317,349,0.06017191977077364
W072,496,0.8354430379746836,349,0.09455587392550144
W072,497,0.8238993710691824,370,0.14054054054054055
W072,498,0.7956989247311828,328,0.14939024390243902
W072,499,0.8534798534798534,312,0.125
W072,500,0.8439716312056738,305,0.07540983606557378
W072,501,0.8631178707224335,285,0.07719298245614035
W072,502,0.8237410071942446,308,0.09740259740259741
W072,503,0.8483290488431876,433,0.10161662817551963
W072,504,0.8326848249027238,288,0.1076388888888889
W072,505,0.8543689320388349,245,0.15918367346938775
W072,506,0.8398692810457516,340,0.1
W072,507,0.8290909090909091,312,0.11858974358974358
W072,508,0.864516129032258,346,0.10404624277456648
W072,509,0.8022922636103151,382,0.08638743455497382
W072,510,0.867816091954023,381,0.08661417322834646
W072,511,0.8690476190476191,359,0.06406685236768803
W072,512,0.8415492957746479,311,0.08681672025723473
W072,513,0.8918032786885246,337,0.09495548961424333
W072,514,0.7869822485207101,226,0.252212389380531
W072,515,0.8940092165898618,234,0.07264957264957266
W072,516,0.8309352517985612,316,0.12025316455696203
W072,517,0.834983498349835,352,0.13920454545454544
W072,518,0.7407407407407407,147,0.2653061224489796
W072,519,0.7857142857142857,317,0.1608832807570978
W072,520,0.8069164265129684,374,0.07219251336898395
W072,521,0.8839285714285714,260,0.13846153846153847
W072,522,0.8586206896551725,315,0.07936507936507936
W072,523,0.8581560283687943,311,0.0932475884244373
W072,524,0.8823529411764706,342,0.05555555555555555
W072,525,0.8545454545454545,315,0.12698412698412698
W072,526,0.6896551724137931,90,0.35555555555555557
W072,527,0.806930693069307,238,0.15126050420168066
W072,528,0.8717948717948718,376,0.06648936170212766
W072,529,0.8227848101265823,267,0.11235955056179775
W072,530,0.8445229681978799,319,0.11285266457680251
W072,531,0.8449612403100775,296,0.12837837837837837
W072,532,0.8533834586466166,292,0.08904109589041095
W072,533,0.8663967611336032,280,0.11785714285714285
W072,534,0.8421052631578947,304,0.0625
W072,535,0.820627802690583,247,0.09716599190283401
W072,536,0.8066037735849056,239,0.11297071129707113
W072,537,0.8577981651376146,252,0.1349206349206349
W072,538,0.8490566037735849,281,0.05693950177935943
W072,539,0.8267326732673267,234,0.13675213675213677
W072,540,0.8699186991869918,267,0.07865168539325842
W072,541,0.859504132231405,255,0.050980392156862744
W072,542,0.8740740740740741,294,0.08163265306122448
W072,543,0.833810888252149,378,0.07671957671957672
W072,544,0.6515151515151515,123,0.4634146341463415
W072,545,0.7068965517241379,109,0.46788990825688076
W072,546,0.7972972972972973,107,0.308411214953271
W072,547,0.7727272727272727,57,0.6140350877192983
W072,548,0.7058823529411765,58,0.41379310344827586
W072,549,0.6909090909090909,162,0.32098765432098764
W072,550,0.7241379310344828,191,0.24083769633507854
W072,551,0.7647058823529411,162,0.2654320987654321
W072,552,0.7939914163090128,271,0.14022140221402213
W072,553,0.8429319371727748,235,0.18723404255319148
W072,554,0.7272727272727273,67,0.5074626865671642
W072,555,0.8009259259259259,260,0.16923076923076924
W072,556,0.8099547511312217,254,0.12992125984251968
W072,557,0.8093645484949833,348,0.14080459770114942
W072,558,0.8064516129032258,162,0.2345679012345679
W072,559,0.8416666666666667,290,0.1724137931034483
W072,560,0.8290598290598291,286,0.18181818181818182
W072,561,0.8225806451612904,232,0.19827586206896552
W072,562,0.8084112149532711,251,0.14741035856573706
W073,278,0.7761194029850746,297,0.09764309764309764
W073,279,0.7834645669291339,274,0.072992700729927
W073,280,0.8007246376811594,309,0.10679611650485436
W073,281,0.7839721254355401,323,0.11145510835913312
W073,282,0.7435897435897436,133,0.12030075187969924
W073,283,0.8038585209003215,348,0.10632183908045977
W073,284,0.7735042735042735,264,0.11363636363636363
W073,285,0.7745454545454545,296,0.07094594594594594
W073,286,0.7672727272727272,330,0.16666666666666666
W073,287,0.7602739726027398,321,0.09034267912772585
W073,288,0.813953488372093,288,0.10416666666666667
W073,289,0.8115942028985508,305,0.09508196721311475
W073,290,0.8181818181818182,277,0.08664259927797834
W073,291,0.8122270742358079,260,0.11923076923076924
W073,292,0.8253968253968254,285,0.11578947368421053
W073,293,0.8042328042328042,230,0.1782608695652174
W073,294,0.8275862068965517,288,0.09375
W073,295,0.7931034482758621,264,0.12121212121212122
W073,296,0.7781350482315113,355,0.12394366197183099
W073,297,0.8369098712446352,264,0.11742424242424243
W073,298,0.808,155,0.1935483870967742
W073,299,0.7809798270893372,390,0.11025641025641025
W073,300,0.8135593220338984,338,0.12721893491124261
W073,301,0.7965517241379311,316,0.08227848101265822
W073,302,0.8442211055276382,230,0.13478260869565217
W073,303,0.8148148148148148,246,0.12195121951219512
W073,304,0.7634408602150538,206,0.0970873786407767
W073,305,0.8202247191011236,321,0.16822429906542055
W073,306,0.8176470588235294,209,0.18660287081339713
W073,307,0.8270042194092827,258,0.08139534883720931
W073,308,0.832089552238806,301,0.10963455149501661
W073,309,0.8666666666666667,294,0.08163265306122448
W073,310,0.8320610687022901,289,0.09342560553633218
W073,311,0.8226950354609929,300,0.06
W073,312,0.8309859154929577,315,0.09841269841269841
W073,313,0.8653061224489796,274,0.10583941605839416
W073,314,0.804,269,0.07063197026022305
W073,315,0.8079470198675497,176,0.14204545454545456
W073,316,0.8184523809523809,377,0.10875331564986737
W073,317,0.7948717948717948,344,0.09302325581395349
W073,318,0.8563049853372434,376,0.09308510638297872
W073,319,0.8208955223880597,219,0.0821917808219178
W073,320,0.8648648648648649,245,0.09387755102040816
W073,321,0.8384615384615385,281,0.07473309608540925
W073,322,0.8115942028985508,291,0.05154639175257732
W073,323,0.7804878048780488,276,0.10869565217391304
W073,324,0.8093023255813954,242,0.1115702479338843
W073,325,0.7878787878787878,159,0.16981132075471697
W073,326,0.8214285714285714,296,0.14864864864864866
W073,327,0.8333333333333334,245,0.06938775510204082
W073,328,0.8194842406876791,380,0.08157894736842106
W073,329,0.8064516129032258,279,0.1111111111111111
W073,330,0.8206686930091185,371,0.11320754716981132
W073,331,0.8095238095238095,223,0.15246636771300448
W073,332,0.852017937219731,253,0.11857707509881422
W073,333,0.8348623853211009,142,0.2323943661971831
W073,334,0.8056872037914692,237,0.10970464135021098
W073,335,0.8283132530120482,365,0.09041095890410959
W073,336,0.8293650793650794,294,0.14285714285714285
W073,337,0.7941176470588235,359,0.14763231197771587
W073,338,0.77,333,0.0990990990990991
W073,339,0.8883720930232558,264,0.1856060606060606
W073,340,0.8582677165354331,293,0.13310580204778158
W073,341,0.7876106194690266,250,0.096
W073,342,0.8354037267080745,355,0.09295774647887324
W073,343,0.8636363636363636,221,0.10407239819004525
W073,344,0.8505747126436781,296,0.11824324324324324
W073,345,0.8372093023255814,241,0.1078838174273859
W073,346,0.8287671232876712,173,0.15606936416184972
W073,347,0.837037037037037,300,0.1
W073,348,0.8271604938271605,277,0.12274368231046931
W073,349,0.8409090909090909,201,0.12437810945273632
W073,350,0.891213389121339,260,0.08076923076923077
W073,351,0.8509803921568627,287,0.11149825783972125
W073,352,0.8388625592417062,232,0.09051724137931035
W073,353,0.8048780487804879,334,0.1407185628742515
W073,354,0.8148148148148148,190,0.14736842105263157
W073,355,0.8372093023255814,282,0.0851063829787234
W073,356,0.7880794701986755,334,0.09580838323353294
W073,357,0.8446969696969697,313,0.15654952076677317
W073,358,0.8375,274,0.12408759124087591
W073,359,0.8576642335766423,327,0.1620795107033639
W073,360,0.7903225806451613,151,0.17880794701986755
W073,361,0.8717948717948718,218,0.10550458715596331
W073,362,0.7876106194690266,251,0.099601593625498
W073,363,0.8763636363636363,310,0.11290322580645161
W073,364,0.8860294117647058,313,0.13099041533546327
W073,365,0.8353293413173652,386,0.13471502590673576
W073,366,0.8562091503267973,343,0.10787172011661808
W073,367,0.82,280,0.10714285714285714
W073,368,0.8453947368421053,346,0.12138728323699421
W073,369,0.828996282527881,311,0.13504823151125403
W073,370,0.85,318,0.11949685534591195
W073,371,0.8548387096774194,284,0.1267605633802817
W073,372,0.8232323232323232,220,0.1
W073,373,0.8672839506172839,361,0.10249307479224377
W073,374,0.8737201365187713,331,0.1148036253776435
W073,375,0.8193979933110368,347,0.138328530259366
W073,376,0.859504132231405,275,0.12
W073,377,0.8201438848920863,168,0.17261904761904762
W073,378,0.8038277511961722,243,0.13991769547325103
W073,379,0.8583690987124464,291,0.19931271477663232
W073,380,0.8589743589743589,374,0.1657754010695187
W073,381,0.893491124260355,404,0.16336633663366337
W073,382,0.8597785977859779,306,0.11437908496732026
W073,383,0.8511326860841424,349,0.11461318051575932
W073,384,0.828,295,0.15254237288135594
W073,385,0.8373015873015873,281,0.10320284697508897
W073,386,0.85,364,0.12087912087912088
W073,387,0.8694158075601375,329,0.11550151975683891
W073,388,0.8068669527896996,271,0.14022140221402213
W073,389,0.8538961038961039,339,0.09144542772861357
W073,390,0.8722627737226277,322,0.14906832298136646
W073,391,0.7980295566502463,246,0.17479674796747968
W073,392,0.8868778280542986,243,0.09053497942386832
W073,393,0.8496503496503497,340,0.1588235294117647
W073,394,0.8656716417910447,304,0.11842105263157894
W073,395,0.827922077922078,347,0.11239193083573487
W073,396,0.8590604026845637,350,0.14857142857142858
W073,397,0.8501529051987767,366,0.10655737704918032
W073,398,0.8376383763837638,309,0.12297734627831715
W073,399,0.8164794007490637,296,0.09797297297297297
W073,400,0.8719512195121951,374,0.12299465240641712
W073,401,0.8698412698412699,353,0.10764872521246459
W073,402,0.8669064748201439,317,0.12302839116719243
W073,403,0.8952380952380953,356,0.1151685393258427
W073,404,0.8700564971751412,381,0.07086614173228346
W073,405,0.842443729903537,349,0.10888252148997135
W073,406,0.8596491228070176,371,0.07816711590296496
W073,407,0.8780487804878049,329,0.1276595744680851
W073,408,0.9003021148036254,359,0.07799442896935933
W073,409,0.8354430379746836,338,0.0650887573964497
W073,410,0.8134110787172012,379,0.09498680738786279
W073,411,0.8687943262411347,315,0.10476190476190476
W073,412,0.855072463768116,311,0.11254019292604502
W073,413,0.8468468468468469,257,0.13618677042801555
W073,414,0.85,322,0.13043478260869565
W073,415,0.8764478764478765,294,0.11904761904761904
W073,416,0.8534798534798534,316,0.1360759493670886
W073,417,0.842443729903537,344,0.09593023255813954
W073,418,0.8433734939759037,378,0.12169312169312169
W073,419,0.8745098039215686,291,0.12371134020618557
W073,420,0.882943143812709,317,0.056782334384858045
W073,421,0.8619631901840491,364,0.1043956043956044
W073,422,0.8516129032258064,351,0.1168091168091168
W073,423,0.8464163822525598,331,0.1148036253776435
W073,424,0.8202898550724638,396,0.12878787878787878
W073,425,0.8625,364,0.12087912087912088
W073,426,0.8618421052631579,333,0.08708708708708708
W073,427,0.8391304347826087,269,0.1449814126394052
W073,428,0.8770491803278688,283,0.13780918727915195
W073,429,0.8448979591836735,292,0.16095890410958905
W073,430,0.8504672897196262,241,0.11203319502074689
W073,431,0.8528138528138528,274,0.15693430656934307
W073,432,0.8289473684210527,272,0.16176470588235295
W073,433,0.851063829787234,318,0.11320754716981132
W073,434,0.8857142857142857,308,0.09090909090909091
W073,435,0.8161764705882353,313,0.13099041533546327
W073,436,0.8604651162790697,257,0.16342412451361868
W073,437,0.891566265060241,293,0.15017064846416384
W073,438,0.8421052631578947,312,0.20833333333333334
W073,439,0.8454545454545455,269,0.1821561338289963
W073,440,0.8592964824120602,239,0.16736401673640167
W073,441,0.8846153846153846,293,0.11262798634812286
W073,442,0.8686868686868687,340,0.1264705882352941
W073,443,0.8295081967213115,371,0.1778975741239892
W073,444,0.8672566371681416,399,0.15037593984962405
W073,445,0.8713826366559485,353,0.11898016997167139
W073,446,0.8372093023255814,389,0.11568123393316196
W073,447,0.8598726114649682,364,0.13736263736263737
W073,448,0.815068493150685,331,0.11782477341389729
W073,449,0.8772455089820359,384,0.13020833333333334
W073,450,0.8521739130434782,148,0.22297297297297297
W073,451,0.855191256830601,445,0.17752808988764046
W073,452,0.8525641025641025,354,0.11864406779661017
W073,453,0.8909657320872274,360,0.10833333333333334
W073,454,0.8294314381270903,353,0.1529745042492918
W073,455,0.8720538720538721,329,0.0972644376899696
W073,456,0.8733766233766234,343,0.10204081632653061
W073,457,0.8746177370030581,371,0.11859838274932614
W073,458,0.8653295128939829,388,0.10051546391752578
W073,459,0.8466257668711656,364,0.1043956043956044
W073,460,0.8417508417508418,340,0.1264705882352941
W073,461,0.858433734939759,376,0.11702127659574468
W073,462,0.8805970149253731,386,0.13212435233160622
W073,463,0.8302469135802469,371,0.12668463611859837
W073,464,0.8561643835616438,343,0.14868804664723032
W073,465,0.8109756097560976,379,0.1345646437994723
W073,466,0.867704280155642,313,0.17891373801916932
W073,467,0.8618181818181818,329,0.1641337386018237
W073,468,0.8605442176870748,347,0.15273775216138327
W073,469,0.8508474576271187,353,0.1643059490084986
W073,470,0.8793650793650793,356,0.1151685393258427
W073,471,0.8498583569405099,405,0.12839506172839507
W073,472,0.8633333333333333,359,0.16434540389972144
W073,473,0.8506944444444444,337,0.14540059347181009
W073,474,0.8631921824104235,343,0.10495626822157435
W073,475,0.8528428093645485,353,0.1529745042492918
W073,476,0.8717948717948718,357,0.12605042016806722
W073,477,0.8807339449541285,387,0.15503875968992248
W073,478,0.8419243986254296,350,0.16857142857142857
W073,479,0.8591065292096219,340,0.14411764705882352
W073,480,0.8670520231213873,403,0.141439205955335
W073,481,0.8736462093862816,317,0.12618296529968454
W073,482,0.8631921824104235,354,0.1327683615819209
W073,483,0.8966666666666666,348,0.13793103448275862
W073,484,0.864516129032258,347,0.10662824207492795
W073,485,0.8365384615384616,231,0.09956709956709957
W073,487,0.8142414860681114,396,0.18434343434343434
W073,488,0.8962264150943396,374,0.1497326203208556
W073,489,0.883495145631068,372,0.1693548387096774
W073,490,0.881159420289855,398,0.13316582914572864
W073,491,0.8861111111111111,401,0.10224438902743142
W073,492,0.8409785932721713,376,0.13031914893617022
W073,493,0.8823529411764706,388,0.12371134020618557
W073,494,0.8938775510204081,277,0.11552346570397112
W073,495,0.8860759493670886,181,0.1270718232044199
W073,496,0.8202247191011236,121,0.2644628099173554
W073,497,0.8734693877551021,283,0.13427561837455831
W073,498,0.8772727272727273,263,0.1634980988593156
W073,499,0.825136612021858,201,0.08955223880597014
W073,500,0.87,231,0.1341991341991342
W073,501,0.852760736196319,188,0.13297872340425532
W073,502,0.8672566371681416,269,0.15985130111524162
W073,503,0.8894736842105263,223,0.14798206278026907
W073,504,0.8554913294797688,196,0.11734693877551021
W073,505,0.8563218390804598,208,0.16346153846153846
W073,506,0.9086021505376344,213,0.1267605633802817
W073,507,0.776,153,0.1830065359477124
W073,508,0.8899082568807339,252,0.1349206349206349
W073,509,0.8477157360406091,234,0.1581196581196581
W073,510,0.8549222797927462,218,0.11467889908256881
W073,511,0.9322916666666666,221,0.13122171945701358
W073,512,0.8258426966292135,198,0.10101010101010101
W073,513,0.89937106918239,185,0.14054054054054055
W073,514,0.9,199,0.1457286432160804
W073,515,0.84251968503937,157,0.1910828025477707
W073,516,0.880184331797235,258,0.15891472868217055
W073,517,0.8362831858407079,276,0.18115942028985507
W073,518,0.8598130841121495,229,0.06550218340611354
W073,520,0.8441558441558441,191,0.193717277486911
W073,521,0.856,156,0.1987179487179487
W073,523,0.8163265306122449,192,0.234375
W073,524,0.8117154811715481,288,0.1701388888888889
W073,525,0.9010416666666666,224,0.14285714285714285
W073,526,0.8676470588235294,167,0.18562874251497005
W073,527,0.8518518518518519,264,0.18181818181818182
W073,528,0.845771144278607,238,0.15546218487394958
W073,529,0.900523560209424,207,0.07729468599033816
W073,530,0.8253012048192772,195,0.14871794871794872
W073,531,0.8533333333333334,183,0.18032786885245902
W073,532,0.8404255319148937,225,0.16444444444444445
W073,533,0.8451882845188284,286,0.16433566433566432
W073,534,0.8647342995169082,235,0.11914893617021277
W073,535,0.8171428571428572,203,0.13793103448275862
W073,536,0.8918918918918919,211,0.12322274881516587
W073,537,0.88,221,0.09502262443438914
W073,538,0.8081632653061225,281,0.12811387900355872
W073,539,0.8629441624365483,251,0.2151394422310757
W073,540,0.8322981366459627,186,0.13440860215053763
W073,541,0.8777777777777778,222,0.1891891891891892
W073,542,0.8727272727272727,200,0.175
W073,543,0.9154228855721394,229,0.1222707423580786
W073,544,0.8448275862068966,267,0.13108614232209737
W073,545,0.8402777777777778,168,0.14285714285714285
W073,546,0.8708333333333333,282,0.14893617021276595
W073,547,0.8723404255319149,287,0.18118466898954705
W073,548,0.8842592592592593,257,0.15953307392996108
W073,549,0.9066666666666666,168,0.10714285714285714
W073,550,0.8214285714285714,232,0.15517241379310345
W073,551,0.8789237668161435,250,0.108
W073,552,0.8664259927797834,315,0.12063492063492064
W073,553,0.8779342723004695,254,0.16141732283464566
W073,554,0.9,244,0.13934426229508196
W073,555,0.9014778325123153,244,0.1680327868852459
W073,556,0.9112903225806451,144,0.1388888888888889
W073,557,0.8373493975903614,188,0.11702127659574468
W073,558,0.8870292887029289,273,0.12454212454212454
W073,559,0.8787878787878788,332,0.10542168674698796
W073,560,0.8659003831417624,314,0.16878980891719744
W073,561,0.9098039215686274,296,0.13851351351351351
W073,562,0.8481012658227848,277,0.1444043321299639
W073,563,0.889795918367347,287,0.14634146341463414
W073,564,0.8648648648648649,300,0.13666666666666666
W073,565,0.8955823293172691,291,0.14432989690721648
W073,566,0.9104477611940298,240,0.1625
W073,567,0.8411214953271028,251,0.14741035856573706
W073,568,0.8644859813084113,259,0.17374517374517376
W073,569,0.8593155893536122,296,0.11148648648648649
W073,570,0.8566176470588235,323,0.15789473684210525
W073,571,0.8981132075471698,301,0.11960132890365449
W073,572,0.8666666666666667,297,0.09090909090909091
W073,573,0.8540925266903915,311,0.09646302250803858
W073,574,0.8641975308641975,283,0.1413427561837456
W073,575,0.8930041152263375,270,0.1
W073,576,0.9032258064516129,338,0.17455621301775148
W073,577,0.8497854077253219,252,0.07539682539682539
W073,578,0.8541666666666666,386,0.12953367875647667
W073,579,0.89,337,0.10979228486646884
W073,580,0.8815331010452961,328,0.125
W073,581,0.8801652892561983,268,0.09701492537313433
W073,582,0.8850174216027874,331,0.13293051359516617
W073,583,0.9098360655737705,277,0.11913357400722022
W073,584,0.8727810650887574,374,0.0962566844919786
W073,585,0.8129770992366412,296,0.11486486486486487
W073,586,0.8701923076923077,230,0.09565217391304348
W073,587,0.8577981651376146,269,0.1895910780669145
W073,588,0.8021201413427562,343,0.1749271137026239
W073,589,0.8841201716738197,265,0.12075471698113208
W073,590,0.8961538461538462,308,0.15584415584415584
W073,591,0.871900826446281,265,0.08679245283018867
W073,592,0.8844444444444445,259,0.13127413127413126
W073,593,0.8387096774193549,158,0.21518987341772153
W073,594,0.9173913043478261,267,0.13857677902621723
W073,595,0.8883720930232558,241,0.1078838174273859
W073,596,0.8586387434554974,222,0.13963963963963963
W073,597,0.9173913043478261,264,0.12878787878787878
W073,598,0.8847736625514403,280,0.13214285714285715
W073,599,0.9153846153846154,163,0.20245398773006135
W073,600,0.8478260869565217,273,0.1575091575091575
W073,601,0.8755364806866953,264,0.11742424242424243
W073,602,0.8879310344827587,263,0.11787072243346007
W073,603,0.8687782805429864,259,0.14671814671814673
W073,604,0.8953068592057761,307,0.09771986970684039
W073,605,0.899581589958159,276,0.13405797101449277
W073,606,0.8793103448275862,269,0.137546468401487
W073,607,0.8282828282828283,228,0.13157894736842105
W073,608,0.8715596330275229,252,0.1349206349206349
W073,609,0.8711111111111111,275,0.18181818181818182
W073,610,0.8776371308016878,266,0.10902255639097744
W073,611,0.8199233716475096,293,0.10921501706484642
W073,612,0.8594771241830066,343,0.10787172011661808
W073,613,0.8491228070175438,307,0.07166123778501629
W073,614,0.876,272,0.08088235294117647
W073,615,0.8842592592592593,253,0.14624505928853754
W073,616,0.8233532934131736,372,0.10215053763440861
W073,617,0.85625,344,0.06976744186046512
W073,618,0.8575851393188855,362,0.10773480662983426
W073,619,0.8805970149253731,375,0.10666666666666667
W073,620,0.8408488063660478,424,0.11084905660377359
W073,621,0.8541033434650456,374,0.12032085561497326
W073,622,0.8845070422535212,414,0.14251207729468598
W073,623,0.8735632183908046,387,0.10077519379844961
W073,624,0.8421052631578947,376,0.09042553191489362
W073,625,0.8922305764411027,432,0.0763888888888889
W073,626,0.9039408866995073,468,0.13247863247863248
W073,627,0.9103448275862069,320,0.09375
W073,628,0.8805194805194805,425,0.09411764705882353
W073,629,0.8886075949367088,449,0.12026726057906459
W073,630,0.8726708074534162,358,0.1005586592178771
W073,631,0.8972972972972973,404,0.08415841584158416
W073,632,0.8812664907651715,417,0.09112709832134293
W073,633,0.8729016786570744,475,0.12210526315789473
W073,634,0.9047619047619048,357,0.11764705882352941
W073,635,0.8772455089820359,389,0.14138817480719795
W073,636,0.8837209302325582,421,0.08076009501187649
W073,637,0.7966101694915254,68,0.1323529411764706
W073,638,0.8763557483731019,500,0.078
W073,639,0.8526785714285714,500,0.104
W073,640,0.8223140495867769,534,0.09363295880149813
W073,641,0.8658227848101265,459,0.1394335511982571
W073,642,0.8506024096385543,514,0.1926070038910506
W073,643,0.8955512572533849,601,0.13976705490848584
W073,644,0.8866213151927438,501,0.11976047904191617
W073,645,0.859504132231405,556,0.12949640287769784
W073,646,0.8637362637362638,519,0.1233140655105973
W073,647,0.8613636363636363,501,0.1217564870259481
W073,648,0.8612099644128114,372,0.2446236559139785
W073,649,0.857451403887689,530,0.12641509433962264
W073,650,0.8519736842105263,335,0.09253731343283582
W073,651,0.8668171557562077,521,0.14971209213051823
W073,652,0.8654292343387471,487,0.11498973305954825
W073,653,0.8506024096385543,508,0.1830708661417323
W073,654,0.8295964125560538,524,0.14885496183206107
W073,655,0.865814696485623,356,0.12078651685393259
W073,656,0.8781512605042017,538,0.11524163568773234
W073,657,0.8510204081632653,562,0.12811387900355872
W073,658,0.8783185840707964,543,0.16758747697974216
W073,659,0.8849765258215962,492,0.13414634146341464
W073,660,0.8848920863309353,521,0.19961612284069097
W073,661,0.8614457831325302,419,0.20763723150357996
W073,662,0.8489208633093526,479,0.12943632567849686
W073,663,0.8732718894009217,521,0.16698656429942418
W073,664,0.8631090487238979,510,0.15490196078431373
W073,665,0.8761467889908257,514,0.1517509727626459
W073,666,0.8648648648648649,300,0.13666666666666666
W073,667,0.8527315914489311,510,0.17450980392156862
W073,668,0.8482587064676617,461,0.1279826464208243
W073,669,0.870020964360587,548,0.12956204379562045
W073,670,0.8661971830985915,491,0.13238289205702647
W073,671,0.8596938775510204,463,0.15334773218142547
W073,672,0.8651685393258427,535,0.16822429906542055
W073,673,0.8858695652173914,454,0.1894273127753304
W073,674,0.8498659517426274,455,0.18021978021978022
W073,675,0.8513853904282116,495,0.19797979797979798
W073,676,0.8388625592417062,521,0.19001919385796545
W073,677,0.8496042216358839,484,0.21694214876033058
W073,678,0.8349514563106796,524,0.21374045801526717
W073,679,0.8186528497409327,499,0.22645290581162325
W074,145,0.7745098039215687,327,0.06422018348623854
W074,146,0.7885906040268457,321,0.07165109034267912
W074,147,0.7428571428571429,303,0.07590759075907591
W074,148,0.7980456026058632,340,0.09705882352941177
W074,149,0.7310606060606061,280,0.05714285714285714
W074,150,0.7923076923076923,279,0.06810035842293907
W074,151,0.7585139318885449,346,0.06647398843930635
W074,152,0.794392523364486,349,0.08022922636103152
W074,153,0.7427652733118971,338,0.07988165680473373
W074,154,0.7852941176470588,383,0.1122715404699739
W074,155,0.7163120567375887,181,0.22099447513812154
W074,156,0.7545126353790613,330,0.1606060606060606
W074,157,0.7911111111111111,275,0.18181818181818182
W074,158,0.7380952380952381,302,0.16556291390728478
W074,159,0.7810457516339869,340,0.1
W074,160,0.7777777777777778,217,0.17050691244239632
W074,161,0.7318181818181818,255,0.13725490196078433
W074,162,0.79375,366,0.12568306010928962
W074,163,0.825503355704698,332,0.10240963855421686
W074,164,0.7976878612716763,198,0.12626262626262627
W074,165,0.8309859154929577,320,0.1125
W074,166,0.8048780487804879,378,0.13227513227513227
W074,167,0.8096885813148789,355,0.18591549295774648
W074,168,0.7774647887323943,390,0.08974358974358974
W074,169,0.8023598820058997,380,0.10789473684210527
W074,170,0.8016997167138811,388,0.09020618556701031
W074,171,0.7932960893854749,396,0.09595959595959595
W074,172,0.8041958041958042,319,0.10344827586206896
W074,173,0.7828571428571428,380,0.07894736842105263
W074,174,0.804177545691906,425,0.0988235294117647
W074,175,0.8215158924205379,454,0.09911894273127753
W074,176,0.8263598326359832,517,0.07543520309477757
W074,177,0.7972602739726027,418,0.12679425837320574
W074,178,0.8126888217522659,358,0.07541899441340782
W074,179,0.782258064516129,424,0.12264150943396226
W074,180,0.7905882352941176,453,0.06181015452538632
W074,181,0.7644787644787645,306,0.15359477124183007
W074,182,0.7916666666666666,302,0.12582781456953643
W074,183,0.7865168539325843,377,0.05570291777188329
W074,184,0.8135135135135135,399,0.07268170426065163
W074,185,0.8290816326530612,420,0.06666666666666667
W074,186,0.8394648829431438,335,0.10746268656716418
W074,187,0.8295454545454546,296,0.10810810810810811
W074,188,0.8191780821917808,394,0.07360406091370558
W074,189,0.8367346938775511,313,0.06070287539936102
W074,190,0.819672131147541,443,0.03611738148984198
W074,191,0.7945945945945946,410,0.0975609756097561
W074,192,0.8136020151133502,423,0.061465721040189124
W074,193,0.8481012658227848,279,0.15053763440860216
W074,194,0.8167539267015707,428,0.10747663551401869
W074,195,0.7902439024390244,233,0.12017167381974249
W074,196,0.7934426229508197,332,0.08132530120481928
W074,198,0.778125,352,0.09090909090909091
W074,199,0.8348348348348348,364,0.08516483516483517
W074,200,0.8058252427184466,337,0.0830860534124629
W074,201,0.796875,355,0.09859154929577464
W074,202,0.8388746803069054,419,0.06682577565632458
W074,203,0.8107255520504731,359,0.116991643454039
W074,204,0.8068965517241379,320,0.09375
W074,205,0.8362573099415205,375,0.088
W074,206,0.7846607669616519,366,0.07377049180327869
W074,207,0.8176638176638177,424,0.1721698113207547
W074,208,0.8158567774936062,428,0.08644859813084112
W074,209,0.8459214501510574,384,0.13802083333333334
W074,210,0.8304093567251462,372,0.08064516129032258
W074,211,0.8513119533527697,375,0.08533333333333333
W074,212,0.8048780487804879,272,0.09558823529411764
W074,213,0.816793893129771,420,0.06428571428571428
W074,214,0.8233438485804416,360,0.11944444444444445
W074,215,0.8575851393188855,355,0.09014084507042254
W074,216,0.8085642317380353,443,0.1038374717832957
W074,217,0.8739495798319328,397,0.10075566750629723
W074,218,0.8168604651162791,375,0.08266666666666667
W074,219,0.8129032258064516,346,0.10404624277456648
W074,220,0.8324742268041238,432,0.10185185185185185
W074,221,0.8352941176470589,458,0.07205240174672489
W074,222,0.8356481481481481,458,0.056768558951965066
W074,223,0.8311688311688312,425,0.09411764705882353
W074,224,0.8497757847533632,486,0.0823045267489712
W074,225,0.8298368298368298,459,0.06535947712418301
W074,226,0.8491620111731844,382,0.06282722513089005
W074,227,0.8226600985221675,449,0.0957683741648107
W074,228,0.8436724565756824,478,0.15690376569037656
W074,229,0.8605898123324397,398,0.06281407035175879
W074,230,0.8548387096774194,469,0.07462686567164178
W074,231,0.8648648648648649,456,0.1074561403508772
W074,232,0.8243243243243243,384,0.036458333333333336
W074,233,0.8478260869565217,392,0.061224489795918366
W074,234,0.8635235732009926,429,0.06060606060606061
W074,235,0.8425655976676385,365,0.06027397260273973
W074,236,0.8636363636363636,450,0.07111111111111111
W074,237,0.8284182305630027,401,0.06982543640897755
W074,238,0.7727272727272727,138,0.2028985507246377
W074,239,0.8463687150837989,383,0.06527415143603134
W074,240,0.8672985781990521,241,0.12448132780082988
W074,241,0.8286604361370716,353,0.0906515580736544
W074,242,0.8743455497382199,414,0.07729468599033816
W074,243,0.8705882352941177,444,0.04279279279279279
W074,244,0.8475609756097561,178,0.07865168539325842
W074,245,0.85,337,0.050445103857566766
W074,246,0.8640776699029126,335,0.07761194029850746
W074,247,0.8473520249221184,343,0.0641399416909621
W074,248,0.7715355805243446,300,0.11
W074,249,0.8245192307692307,440,0.05454545454545454
W074,250,0.8245125348189415,376,0.04521276595744681
W074,251,0.8834355828220859,365,0.10684931506849316
W074,252,0.8019169329073482,349,0.10315186246418338
W074,253,0.8571428571428571,395,0.060759493670886074
W074,254,0.9040590405904059,309,0.12297734627831715
W074,255,0.8620689655172413,409,0.07823960880195599
W074,256,0.8427230046948356,464,0.08189655172413793
W074,257,0.8627002288329519,496,0.11895161290322581
W074,258,0.8606741573033708,491,0.09368635437881874
W074,259,0.8794520547945206,406,0.10098522167487685
W074,260,0.8856304985337243,365,0.06575342465753424
W074,261,0.8112094395280236,377,0.10079575596816977
W074,262,0.865814696485623,349,0.10315186246418338
W074,263,0.8228882833787466,407,0.09828009828009827
W074,264,0.8654292343387471,482,0.10580912863070539
W074,265,0.8411405295315683,538,0.08736059479553904
W074,266,0.867231638418079,393,0.09923664122137404
W074,267,0.8599439775910365,383,0.06788511749347259
W074,268,0.8597285067873304,499,0.11422845691382766
W074,269,0.8319148936170213,505,0.06930693069306931
W074,270,0.8591269841269841,529,0.04725897920604915
W074,271,0.8587196467991169,510,0.11176470588235295
W074,272,0.8638392857142857,491,0.08757637474541752
W074,273,0.8819095477386935,424,0.06132075471698113
W074,274,0.84375,402,0.04477611940298507
W074,275,0.8585365853658536,420,0.023809523809523808
W074,276,0.8715203426124197,488,0.0430327868852459
W074,277,0.8805970149253731,420,0.04285714285714286
W074,278,0.883248730964467,413,0.04600484261501211
W074,279,0.878345498783455,429,0.04195804195804196
W074,280,0.8411458333333334,405,0.05185185185185185
W074,281,0.865979381443299,398,0.02512562814070352
W074,282,0.8794326241134752,438,0.03424657534246575
W074,283,0.8853333333333333,402,0.06716417910447761
W074,284,0.8652849740932642,406,0.04926108374384237
W074,285,0.8700906344410876,345,0.04057971014492753
W074,286,0.8727810650887574,363,0.06887052341597796
W074,287,0.867595818815331,327,0.12232415902140673
W074,288,0.8727272727272727,354,0.06779661016949153
W074,289,0.8523316062176166,420,0.08095238095238096
W074,290,0.8130434782608695,264,0.12878787878787878
W074,291,0.8484848484848485,458,0.06331877729257641
W074,292,0.863768115942029,369,0.06504065040650407
W074,293,0.8470254957507082,378,0.06613756613756613
W074,294,0.8781163434903048,381,0.05249343832020997
W074,295,0.8692098092643051,386,0.04922279792746114
W074,296,0.8637770897832817,351,0.07977207977207977
W074,297,0.8553921568627451,434,0.059907834101382486
W074,298,0.8598382749326146,404,0.08168316831683169
W074,299,0.817258883248731,417,0.05515587529976019
W074,300,0.9216710182767625,405,0.05432098765432099
W074,301,0.8584615384615385,346,0.06069364161849711
W074,302,0.8690476190476191,369,0.08943089430894309
W074,303,0.8641975308641975,426,0.04929577464788732
W074,304,0.8818897637795275,398,0.04271356783919598
W074,305,0.8956310679611651,437,0.057208237986270026
W074,306,0.8838174273858921,268,0.10074626865671642
W074,307,0.8716049382716049,413,0.01937046004842615
W074,308,0.8964497041420119,365,0.07397260273972603
W074,309,0.8571428571428571,379,0.05804749340369393
W074,310,0.8565573770491803,515,0.05242718446601942
W074,311,0.8720379146919431,456,0.07456140350877193
W074,312,0.8857142857142857,453,0.0728476821192053
W074,313,0.8692660550458715,467,0.06638115631691649
W074,314,0.8514285714285714,392,0.10714285714285714
W074,315,0.8361204013377926,325,0.08
W074,316,0.8359550561797753,477,0.06708595387840671
W074,317,0.8936170212765957,491,0.04276985743380855
W074,318,0.8843683083511777,499,0.06412825651302605
W074,319,0.8855140186915887,462,0.0735930735930736
W074,320,0.8941798941798942,403,0.062034739454094295
W074,321,0.8972972972972973,393,0.058524173027989825
W074,322,0.8790931989924433,425,0.06588235294117648
W074,323,0.8737373737373737,421,0.05938242280285035
W074,324,0.855036855036855,420,0.030952380952380953
W074,325,0.8707317073170732,428,0.04205607476635514
W074,326,0.8161925601750547,486,0.059670781893004114
W074,327,0.8666666666666667,417,0.06474820143884892
W074,328,0.8648648648648649,395,0.06329113924050633
W074,329,0.8333333333333334,380,0.03684210526315789
W074,330,0.8545454545454545,462,0.047619047619047616
W074,331,0.8583815028901735,367,0.05722070844686648
W074,332,0.8115942028985508,372,0.07258064516129033
W074,333,0.8655913978494624,391,0.04859335038363171
W074,334,0.8545454545454545,420,0.08333333333333333
W074,335,0.8905775075987842,354,0.07062146892655367
W074,336,0.9077809798270894,362,0.04143646408839779
W074,337,0.8595505617977528,369,0.03523035230352303
W074,338,0.8184931506849316,315,0.07301587301587302
W074,339,0.8727272727272727,356,0.07303370786516854
W074,340,0.2727272727272727,114,0.9035087719298246
W074,341,0.8490566037735849,470,0.09787234042553192
W074,342,0.84,250,0.1
W074,343,0.8733766233766234,340,0.09411764705882353
W074,344,0.8877005347593583,404,0.07425742574257425
W074,345,0.837378640776699,433,0.04849884526558892
W074,346,0.8678815489749431,465,0.05591397849462366
W074,347,0.9002079002079002,517,0.06963249516441006
W074,348,0.9,446,0.013452914798206279
W074,349,0.8606194690265486,497,0.09054325955734406
W074,350,0.8726790450928382,406,0.07142857142857142
W074,351,0.8633720930232558,368,0.06521739130434782
W074,352,0.8924205378973105,422,0.030805687203791468
W074,353,0.8670886075949367,186,0.15053763440860216
W074,354,0.8586118251928021,448,0.13169642857142858
W074,355,0.8349514563106796,455,0.0945054945054945
W074,356,0.8214285714285714,326,0.1411042944785276
W074,357,0.849112426035503,380,0.11052631578947368
W074,358,0.8337730870712401,431,0.12064965197215777
W074,359,0.8866498740554156,432,0.08101851851851852
W074,360,0.8528610354223434,395,0.07088607594936709
W074,361,0.844559585492228,486,0.205761316872428
W074,362,0.8784648187633263,507,0.07495069033530571
W074,363,0.9137380191693291,352,0.11079545454545454
W074,364,0.8736263736263736,403,0.0967741935483871
W074,365,0.8629807692307693,465,0.1053763440860215
W074,366,0.8347107438016529,413,0.12106537530266344
W074,367,0.8728606356968215,436,0.06192660550458716
W074,368,0.8591549295774648,480,0.1125
W074,369,0.8673469387755102,534,0.08239700374531835
W074,370,0.8528301886792453,315,0.15873015873015872
W074,371,0.8879781420765027,387,0.05426356589147287
W074,372,0.8994708994708994,413,0.0847457627118644
W074,373,0.856655290102389,326,0.10122699386503067
W074,374,0.8805620608899297,472,0.09533898305084745
W074,375,0.865909090909091,487,0.09650924024640657
W074,376,0.8611111111111112,423,0.06382978723404255
W074,377,0.8386243386243386,405,0.06666666666666667
W074,378,0.8888888888888888,417,0.07194244604316546
W074,379,0.8713910761154856,426,0.1056338028169014
W074,380,0.8798076923076923,438,0.0502283105022831
W074,381,0.8804878048780488,467,0.12205567451820129
W074,382,0.9002770083102493,402,0.10199004975124377
W074,383,0.8508158508158508,468,0.08333333333333333
W074,384,0.8914141414141414,444,0.10810810810810811
W074,385,0.8513931888544891,355,0.09014084507042254
W074,386,0.8888888888888888,438,0.0958904109589041
W074,387,0.8558823529411764,389,0.12596401028277635
W074,388,0.8846153846153846,451,0.07760532150776053
W074,389,0.8685714285714285,389,0.10025706940874037
W074,390,0.88,284,0.11971830985915492
W074,391,0.8863636363636364,471,0.06581740976645435
W074,392,0.8562367864693446,507,0.0670611439842209
W074,393,0.8979057591623036,439,0.12984054669703873
W074,394,0.8485576923076923,469,0.11300639658848614
W074,395,0.8980582524271845,464,0.11206896551724138
W074,396,0.8891752577319587,437,0.11212814645308924
W074,397,0.8928571428571429,456,0.07894736842105263
W074,398,0.8657243816254417,333,0.15015015015015015
W074,399,0.8758782201405152,462,0.07575757575757576
W074,400,0.8574766355140186,481,0.1101871101871102
W074,401,0.8306451612903226,417,0.1079136690647482
W074,402,0.8787061994609164,399,0.07017543859649122
W074,403,0.8461538461538461,497,0.11066398390342053
W074,404,0.8907363420427553,468,0.10042735042735043
W074,405,0.8675324675324675,416,0.07451923076923077
W074,406,0.8864734299516909,471,0.12101910828025478
W074,407,0.875,453,0.08167770419426049
W074,408,0.9235127478753541,385,0.08311688311688312
W074,409,0.8974358974358975,507,0.07692307692307693
W074,410,0.9054373522458629,466,0.09227467811158799
W074,411,0.8959276018099548,496,0.10887096774193548
W074,412,0.94375,342,0.06432748538011696
W074,413,0.8905908096280087,478,0.043933054393305436
W074,414,0.8790697674418605,464,0.07327586206896551
W074,415,0.9100642398286938,506,0.07707509881422925
W074,416,0.8984375,539,0.05009276437847866
W074,417,0.911062906724512,499,0.07615230460921844
W074,418,0.9034334763948498,500,0.068
W074,419,0.8629441624365483,432,0.08796296296296297
W074,420,0.863517060367454,416,0.08413461538461539
W074,421,0.9036885245901639,522,0.06513409961685823
W074,422,0.8980477223427332,496,0.07056451612903226
W074,423,0.8732394366197183,462,0.07792207792207792
W074,424,0.9111570247933884,519,0.0674373795761079
W074,425,0.9138576779026217,589,0.0933786078098472
W074,426,0.9092827004219409,517,0.08317214700193423
W074,427,0.8693467336683417,430,0.07441860465116279
W074,428,0.9103053435114504,564,0.07092198581560284
W074,429,0.9377431906614786,551,0.06715063520871144
W074,430,0.9047619047619048,563,0.0674955595026643
W074,431,0.7461928934010152,230,0.14347826086956522
W074,432,0.8704103671706264,483,0.041407867494824016
W074,433,0.8920086393088553,498,0.07028112449799197
W074,434,0.8633093525179856,455,0.08351648351648351
W074,435,0.8737864077669902,456,0.09649122807017543
W074,436,0.8694690265486725,489,0.07566462167689161
W074,437,0.8765182186234818,517,0.04448742746615087
W074,438,0.861904761904762,444,0.05405405405405406
W074,440,0.8903061224489796,441,0.1111111111111111
W074,441,0.8384458077709611,532,0.08082706766917293
W074,442,0.837037037037037,570,0.05263157894736842
W074,443,0.8678756476683938,429,0.10023310023310024
W074,444,0.8763557483731019,493,0.06490872210953347
W074,445,0.8913525498891353,493,0.08519269776876268
W074,446,0.8714859437751004,526,0.053231939163498096
W074,447,0.8545454545454545,484,0.09090909090909091
W074,448,0.8793859649122807,496,0.08064516129032258
W074,449,0.8776978417266187,448,0.06919642857142858
W074,450,0.8645418326693227,547,0.08226691042047532
W074,451,0.7294117647058823,169,0.4970414201183432
W074,452,0.8491484184914841,461,0.10845986984815618
W074,453,0.8538135593220338,521,0.09404990403071017
W074,454,0.888015717092338,550,0.07454545454545454
W074,455,0.902542372881356,515,0.08349514563106795
W074,456,0.877906976744186,387,0.1111111111111111
W074,457,0.8622222222222222,483,0.06832298136645963
W074,458,0.8842794759825328,495,0.07474747474747474
W074,459,0.9047619047619048,453,0.0728476821192053
W074,460,0.8987603305785123,513,0.056530214424951264
W074,461,0.8977955911823647,550,0.09272727272727273
W074,462,0.9197530864197531,526,0.07604562737642585
W074,463,0.9218181818181819,583,0.05660377358490566
W074,464,0.900398406374502,548,0.08394160583941605
W074,465,0.8901960784313725,549,0.07103825136612021
W074,466,0.896358543417367,385,0.07272727272727272
W074,467,0.8874773139745916,600,0.08166666666666667
W074,468,0.8977272727272727,499,0.11823647294589178
W074,469,0.875219683655536,618,0.07928802588996764
W074,470,0.900562851782364,561,0.049910873440285206
W074,471,0.911144578313253,700,0.05142857142857143
W074,472,0.8987566607460036,592,0.048986486486486486
W074,473,0.9008438818565401,513,0.07602339181286549
W074,474,0.9106382978723404,497,0.05432595573440644
W074,475,0.9039855072463768,594,0.0707070707070707
W074,476,0.9058823529411765,545,0.06422018348623854
W074,477,0.9198813056379822,370,0.0891891891891892
W074,478,0.8476190476190476,380,0.17105263157894737
W074,479,0.8803611738148984,509,0.12966601178781925
W074,480,0.9184652278177458,474,0.12025316455696203
W074,481,0.9226666666666666,410,0.08536585365853659
W074,482,0.8543046357615894,513,0.11695906432748537
W074,483,0.8714596949891068,507,0.09467455621301775
W074,484,0.8820638820638821,459,0.11328976034858387
W074,485,0.8873239436619719,489,0.12883435582822086
W074,486,0.8441558441558441,327,0.29357798165137616
W074,488,0.7968397291196389,526,0.15779467680608364
W074,489,0.8649237472766884,530,0.1339622641509434
W074,490,0.8528678304239401,452,0.11283185840707964
W074,491,0.8656429942418427,573,0.09075043630017451
W074,492,0.9088729016786571,459,0.0915032679738562
W074,493,0.8757396449704142,531,0.04519774011299435
W074,494,0.892925430210325,557,0.06104129263913824
W074,495,0.9148471615720524,505,0.09306930693069307
W074,496,0.9010152284263959,423,0.06855791962174941
W074,497,0.8669950738916257,430,0.05581395348837209
W074,498,0.8962655601659751,536,0.10074626865671642
W074,499,0.8607068607068608,570,0.156140350877193
W074,500,0.8766355140186916,614,0.12866449511400652
W074,501,0.7883597883597884,254,0.2559055118110236
W074,502,0.8615751789976134,492,0.1483739837398374
W074,503,0.8738317757009346,499,0.14228456913827656
W074,504,0.8186046511627907,307,0.2996742671009772
W074,505,0.8371559633027523,548,0.20437956204379562
W074,506,0.864367816091954,519,0.16184971098265896
W074,507,0.9053398058252428,482,0.14522821576763487
W074,508,0.8504398826979472,410,0.16829268292682928
W074,509,0.875,550,0.18545454545454546
W074,510,0.8962962962962963,452,0.10398230088495575
W074,511,0.8702594810379242,564,0.11170212765957446
W074,512,0.9046653144016227,545,0.09541284403669725
W074,513,0.8849206349206349,550,0.08363636363636363
W074,514,0.8436657681940701,416,0.10817307692307693
W074,515,0.8810068649885584,490,0.10816326530612246
W074,516,0.9058577405857741,553,0.13562386980108498
W074,517,0.9212121212121213,543,0.08839779005524862
W074,518,0.9215291750503019,525,0.05333333333333334
W074,519,0.8995901639344263,537,0.09124767225325885
W074,520,0.9202334630350194,550,0.06545454545454546
W074,521,0.9266409266409267,544,0.04779411764705882
W074,522,0.9119047619047619,467,0.1006423982869379
W074,523,0.920388349514563,568,0.09330985915492958
W074,524,0.9352226720647774,525,0.05904761904761905
W074,525,0.9317738791423001,554,0.0740072202166065
W074,526,0.9267822736030829,561,0.0748663101604278
W074,527,0.9345238095238095,540,0.06666666666666667
W074,528,0.918918918918919,507,0.1242603550295858
W074,529,0.94,546,0.08424908424908426
W074,530,0.9364161849710982,591,0.1218274111675127
W074,531,0.9340866290018832,572,0.07167832167832168
W074,532,0.9213483146067416,599,0.10851419031719532
W074,533,0.9342105263157895,549,0.030965391621129327
W074,534,0.9340659340659341,593,0.07925801011804384
W074,535,0.8997722095671982,490,0.10408163265306122
W074,536,0.9224489795918367,527,0.07020872865275142
W074,537,0.9205426356589147,546,0.054945054945054944
W074,538,0.9254545454545454,586,0.06143344709897611
W074,539,0.9278752436647173,567,0.09523809523809523
W074,540,0.8886756238003839,607,0.1416803953871499
W074,541,0.9242718446601942,549,0.061930783242258654
W074,542,0.9376218323586745,536,0.04291044776119403
W074,543,0.9316888045540797,582,0.09450171821305842
W074,544,0.9177820267686424,553,0.054249547920433995
W074,545,0.8972972972972973,588,0.05612244897959184
W074,546,0.9228007181328546,602,0.07475083056478406
W074,547,0.9072727272727272,586,0.06143344709897611
W074,548,0.9242053789731052,454,0.09911894273127753
W074,549,0.9166666666666666,512,0.0859375
W074,550,0.9347826086956522,551,0.08166969147005444
W074,551,0.9283088235294118,574,0.05226480836236934
W074,552,0.9379562043795621,604,0.09271523178807947
W074,553,0.9257950530035336,601,0.05823627287853577
W074,554,0.935871743486974,554,0.09927797833935018
W074,555,0.9384236453201971,447,0.09172259507829977
W074,556,0.9392523364485982,450,0.04888888888888889
W074,557,0.9279069767441861,466,0.07725321888412018
W074,558,0.9271653543307087,590,0.13898305084745763
W074,559,0.9331683168316832,447,0.09619686800894854
W074,560,0.9271255060728745,557,0.11310592459605028
W074,561,0.9326923076923077,568,0.08450704225352113
W074,562,0.942,559,0.10554561717352415
W074,563,0.9236453201970444,456,0.10964912280701754
W074,564,0.9353233830845771,433,0.07159353348729793
W074,565,0.9294117647058824,558,0.08602150537634409
W074,566,0.9209183673469388,443,0.11512415349887133
W074,567,0.9173228346456693,564,0.09929078014184398
W074,568,0.9392712550607287,542,0.08856088560885608
W074,569,0.9224376731301939,393,0.08142493638676845
W074,570,0.9107981220657277,550,0.22545454545454546
W074,571,0.9255533199195171,551,0.09800362976406533
W074,572,0.7724137931034483,315,0.07936507936507936
W074,573,0.9202453987730062,579,0.15544041450777202
W074,574,0.8674351585014409,404,0.14108910891089108
W074,575,0.9250457038391224,606,0.09735973597359736
W074,576,0.9114285714285715,422,0.17061611374407584
W074,577,0.9380952380952381,447,0.06040268456375839
W074,578,0.9288321167883211,602,0.08970099667774087
W074,579,0.9333333333333333,531,0.03954802259887006
W074,580,0.9535783365570599,560,0.07678571428571429
W074,581,0.9463986599664992,649,0.08012326656394453
W074,582,0.9522968197879859,608,0.06907894736842106
W074,583,0.9395348837209302,463,0.07127429805615551
W074,584,0.9552845528455285,528,0.06818181818181818
W074,585,0.9601328903654485,655,0.08091603053435115
W074,586,0.9550949913644214,703,0.1763869132290185
W074,587,0.9654036243822076,658,0.07750759878419453
W074,588,0.9669565217391304,615,0.06504065040650407
W074,589,0.9572784810126582,667,0.05247376311844078
W074,590,0.961038961038961,501,0.07784431137724551
W074,591,0.9419191919191919,419,0.05489260143198091
W074,592,0.9511754068716094,590,0.06271186440677966
W074,593,0.9590163934426229,667,0.08545727136431784
W074,594,0.930188679245283,572,0.07342657342657342
W074,595,0.9597069597069597,606,0.09900990099009901
W074,596,0.9442567567567568,637,0.0706436420722135
W074,597,0.9518518518518518,580,0.06896551724137931
W074,598,0.9620253164556962,502,0.055776892430278883
W074,599,0.9611486486486487,653,0.09341500765696784
W074,600,0.9571428571428572,676,0.06804733727810651
W074,601,0.9591836734693877,660,0.10909090909090909
W074,602,0.9401993355481728,670,0.10149253731343283
W074,603,0.9449685534591195,694,0.08357348703170028
W074,604,0.9273049645390071,606,0.06930693069306931
W074,605,0.941747572815534,671,0.07898658718330849
W074,606,0.9420731707317073,712,0.07865168539325842
W074,607,0.9383561643835616,651,0.10291858678955453
W074,608,0.9226713532513181,618,0.07928802588996764
W074,609,0.9366883116883117,688,0.10465116279069768
W074,610,0.9330254041570438,508,0.14763779527559054
W074,611,0.9494290375203915,676,0.09319526627218935
W074,612,0.964527027027027,710,0.16619718309859155
W074,613,0.9478991596638655,654,0.09021406727828746
W074,614,0.9495652173913044,630,0.0873015873015873
W074,615,0.9461279461279462,638,0.06896551724137931
W074,616,0.9418181818181818,613,0.10277324632952692
W074,617,0.9149484536082474,431,0.09976798143851508
W074,618,0.9766718506998445,717,0.10320781032078104
W074,619,0.9540816326530612,639,0.07981220657276995
W074,620,0.8770833333333333,550,0.12727272727272726
W074,621,0.8809523809523809,552,0.08695652173913043
W074,622,0.9134808853118712,583,0.14751286449399656
W074,623,0.8710359408033826,560,0.15535714285714286
W074,624,0.9082774049217002,522,0.14367816091954022
W074,625,0.8744939271255061,598,0.17391304347826086
W074,626,0.8896713615023474,549,0.22404371584699453
W074,627,0.9092627599243857,625,0.1536
W074,628,0.9031531531531531,523,0.15105162523900573
W074,629,0.9208333333333333,548,0.12408759124087591
W074,630,0.9122055674518201,560,0.16607142857142856
W074,631,0.8940397350993378,393,0.23155216284987276
W074,632,0.8935281837160751,575,0.16695652173913045
W074,633,0.9022403258655805,611,0.19639934533551553
W074,634,0.8899253731343284,649,0.17411402157164868
W074,635,0.9128630705394191,586,0.17747440273037543
W074,636,0.860125260960334,572,0.16258741258741258
W074,637,0.8414376321353065,562,0.1583629893238434
W074,638,0.8754208754208754,362,0.17955801104972377
W074,639,0.8639308855291576,585,0.20854700854700856
W074,640,0.8711018711018711,545,0.11743119266055047
W074,641,0.8888888888888888,591,0.16243654822335024
W074,642,0.8851063829787233,532,0.11654135338345864
W074,643,0.8651252408477842,607,0.14497528830313014
W074,644,0.8524271844660194,602,0.14451827242524917
W074,645,0.8823529411764706,527,0.12903225806451613
W074,646,0.8892988929889298,634,0.14511041009463724
W074,647,0.9047619047619048,608,0.13651315789473684
W074,648,0.9155251141552512,502,0.12749003984063745
W074,649,0.8349146110056926,647,0.18547140649149924
W074,650,0.8893280632411067,585,0.13504273504273503
W074,651,0.9,646,0.17956656346749225
W074,652,0.8783783783783784,610,0.15081967213114755
W074,653,0.8805147058823529,656,0.17073170731707318
W074,654,0.8895348837209303,596,0.1342281879194631
W074,655,0.9008810572687225,537,0.15456238361266295
W074,656,0.875,627,0.17065390749601275
W074,657,0.8877952755905512,590,0.13898305084745763
W074,658,0.9267734553775744,506,0.13636363636363635
W074,659,0.9066666666666666,616,0.14772727272727273
W074,660,0.8960573476702509,637,0.12401883830455258
W075,126,0.7900874635568513,420,0.18333333333333332
W075,127,0.7986577181208053,349,0.14613180515759314
W075,128,0.7526881720430108,328,0.14939024390243902
W075,129,0.78125,391,0.1815856777493606
W075,130,0.7222222222222222,409,0.16381418092909536
W075,131,0.7463768115942029,335,0.1761194029850746
W075,132,0.7205882352941176,401,0.15211970074812967
W075,133,0.808955223880597,399,0.16040100250626566
W075,134,0.7551622418879056,391,0.1329923273657289
W075,135,0.7733333333333333,426,0.11971830985915492
W075,136,0.7963525835866262,401,0.17955112219451372
W075,137,0.8023952095808383,405,0.17530864197530865
W075,138,0.7936507936507936,460,0.1782608695652174
W075,139,0.737012987012987,354,0.12994350282485875
W075,140,0.8118811881188119,353,0.141643059490085
W075,141,0.8466898954703833,368,0.22010869565217392
W075,142,0.7737003058103975,392,0.16581632653061223
W075,143,0.8058608058608059,335,0.18507462686567164
W075,144,0.779874213836478,405,0.21481481481481482
W075,145,0.8163841807909604,404,0.12376237623762376
W075,146,0.7773851590106007,322,0.12111801242236025
W075,147,0.8192090395480226,483,0.2670807453416149
W075,148,0.7538940809968847,440,0.27045454545454545
W075,149,0.778169014084507,345,0.17681159420289855
W075,150,0.7786666666666666,432,0.13194444444444445
W075,151,0.7948717948717948,356,0.23314606741573032
W075,152,0.8020833333333334,349,0.17478510028653296
W075,153,0.7407407407407407,446,0.21300448430493274
W075,154,0.7491525423728813,348,0.15229885057471265
W075,155,0.8081395348837209,400,0.14
W075,156,0.7638888888888888,337,0.14540059347181009
W075,157,0.7822085889570553,381,0.14435695538057744
W075,158,0.7971014492753623,459,0.24836601307189543
W075,159,0.7793103448275862,339,0.14454277286135694
W075,160,0.7566666666666667,342,0.12280701754385964
W075,161,0.7894736842105263,390,0.1717948717948718
W075,162,0.7755775577557755,352,0.13920454545454544
W075,163,0.8339350180505415,343,0.1924198250728863
W075,164,0.8333333333333334,353,0.1671388101983003
W075,165,0.8131147540983606,381,0.1994750656167979
W075,166,0.7582697201017812,591,0.3350253807106599
W075,167,0.7865612648221344,502,0.4960159362549801
W075,168,0.8051470588235294,375,0.27466666666666667
W075,169,0.7621359223300971,309,0.3333333333333333
W075,170,0.8231511254019293,361,0.13850415512465375
W075,171,0.7896103896103897,497,0.22535211267605634
W075,172,0.803763440860215,452,0.17699115044247787
W075,173,0.8433048433048433,439,0.20045558086560364
W075,174,0.8130563798219584,428,0.21261682242990654
W075,175,0.8394366197183099,478,0.25732217573221755
W075,176,0.775,420,0.23809523809523808
W075,177,0.8150134048257373,471,0.208067940552017
W075,178,0.8492462311557789,496,0.1975806451612903
W075,179,0.8664850136239782,474,0.22573839662447256
W075,180,0.842809364548495,417,0.2829736211031175
W075,181,0.8826979472140762,441,0.22675736961451248
W075,182,0.8347826086956521,477,0.27672955974842767
W075,183,0.8571428571428571,482,0.25933609958506226
W075,184,0.8209718670076727,524,0.2538167938931298
W075,185,0.8152866242038217,360,0.12777777777777777
W075,186,0.8022813688212928,288,0.08680555555555555
W075,187,0.8171206225680934,299,0.14046822742474915
W075,188,0.8818443804034583,448,0.22544642857142858
W075,189,0.8341968911917098,470,0.17872340425531916
W075,190,0.8848484848484849,404,0.18316831683168316
W075,191,0.844559585492228,254,0.24015748031496062
W075,192,0.8571428571428571,462,0.25757575757575757
W075,193,0.8291316526610645,439,0.1867881548974943
W075,194,0.8397212543554007,348,0.1752873563218391
W075,195,0.8185185185185185,312,0.1346153846153846
W075,196,0.8265582655826558,522,0.29310344827586204
W075,197,0.7916666666666666,468,0.23076923076923078
W075,198,0.836272040302267,528,0.2481060606060606
W075,199,0.8397932816537468,476,0.1869747899159664
W075,200,0.8275862068965517,441,0.14512471655328799
W075,201,0.7964285714285714,320,0.125
W075,202,0.8640483383685801,379,0.1266490765171504
W075,203,0.8313953488372093,461,0.25379609544468545
W075,204,0.84688995215311,485,0.13814432989690723
W075,205,0.8393351800554016,412,0.12378640776699029
W075,206,0.8163265306122449,487,0.19507186858316222
W075,207,0.8768115942028986,502,0.1752988047808765
W075,208,0.7831858407079646,264,0.14393939393939395
W075,209,0.8492822966507177,510,0.1803921568627451
W075,210,0.8524173027989822,478,0.17782426778242677
W075,211,0.8709677419354839,453,0.11037527593818984
W075,212,0.8978102189781022,479,0.1419624217118998
W075,213,0.8704663212435233,452,0.14601769911504425
W075,214,0.8785425101214575,296,0.16554054054054054
W075,215,0.8632478632478633,395,0.11139240506329114
W075,216,0.8321167883211679,516,0.20348837209302326
W075,217,0.8608695652173913,274,0.16058394160583941
W075,218,0.8568019093078759,493,0.15010141987829614
W075,219,0.8140096618357487,545,0.24036697247706423
W075,220,0.8805620608899297,478,0.10669456066945607
W075,221,0.8210862619808307,373,0.16085790884718498
W075,222,0.8685015290519877,376,0.13031914893617022
W075,223,0.8283582089552238,478,0.1589958158995816
W075,224,0.8333333333333334,436,0.09174311926605505
W075,225,0.7913279132791328,421,0.12351543942992874
W075,226,0.8125,179,0.3743016759776536
W075,227,0.8317307692307693,259,0.1969111969111969
W075,228,0.8378378378378378,435,0.14942528735632185
W075,229,0.8596491228070176,315,0.09523809523809523
W075,230,0.8821656050955414,358,0.12290502793296089
W075,231,0.7945736434108527,353,0.26912181303116145
W075,233,0.8846153846153846,360,0.20555555555555555
W075,234,0.9119496855345912,386,0.17616580310880828
W075,235,0.8846153846153846,442,0.17647058823529413
W075,236,0.8670886075949367,350,0.09714285714285714
W075,237,0.868,304,0.17763157894736842
W075,238,0.8849206349206349,276,0.08695652173913043
W075,239,0.9246119733924612,524,0.13931297709923665
W075,240,0.84,251,0.20318725099601595
W075,241,0.896457765667575,418,0.12200956937799043
W075,242,0.8629283489096573,385,0.16623376623376623
W075,243,0.9042821158690176,502,0.20916334661354583
W075,244,0.891358024691358,471,0.14012738853503184
W075,245,0.900523560209424,435,0.12183908045977011
W075,246,0.9175946547884187,489,0.081799591002045
W075,247,0.9321266968325792,259,0.14671814671814673
W075,248,0.9114583333333334,484,0.2066115702479339
W075,249,0.9079903147699758,473,0.12684989429175475
W075,250,0.9078651685393259,528,0.1571969696969697
W075,251,0.908433734939759,473,0.1226215644820296
W075,252,0.923963133640553,505,0.1405940594059406
W075,253,0.8693467336683417,233,0.1459227467811159
W075,254,0.8957654723127035,347,0.11527377521613832
W075,255,0.8859223300970874,533,0.2270168855534709
W075,256,0.8898678414096917,513,0.11500974658869395
W075,257,0.9074550128534704,447,0.1297539149888143
W075,258,0.9107981220657277,498,0.14457831325301204
W075,259,0.9428571428571428,467,0.17558886509635974
W075,260,0.9127906976744186,435,0.20919540229885059
W075,261,0.9161490683229814,382,0.15706806282722513
W075,262,0.9241573033707865,401,0.11221945137157108
W075,263,0.8778877887788779,354,0.1440677966101695
W075,264,0.8851963746223565,386,0.14248704663212436
W075,265,0.923728813559322,404,0.12376237623762376
W075,266,0.9039735099337748,344,0.12209302325581395
W075,267,0.9025974025974026,364,0.15384615384615385
W075,268,0.8805031446540881,374,0.1497326203208556
W075,269,0.9074626865671642,400,0.1625
W075,270,0.8721804511278195,326,0.18404907975460122
W075,271,0.9011627906976745,409,0.15892420537897312
W075,272,0.8993506493506493,359,0.14206128133704735
W075,273,0.8833922261484098,322,0.12111801242236025
W075,274,0.9163763066202091,330,0.1303030303030303
W075,275,0.9182692307692307,245,0.1510204081632653
W075,276,0.8911290322580645,303,0.18151815181518152
W075,277,0.9226006191950464,365,0.11506849315068493
W075,278,0.8827586206896552,341,0.1495601173020528
W075,279,0.9219653179190751,384,0.09895833333333333
W075,280,0.8993506493506493,362,0.14917127071823205
W075,281,0.9119718309859155,329,0.13677811550151975
W075,282,0.93717277486911,232,0.17672413793103448
W075,283,0.8636363636363636,269,0.1821561338289963
W075,284,0.8467432950191571,311,0.1607717041800643
W075,285,0.8909090909090909,378,0.12698412698412698
W075,286,0.9377049180327869,356,0.14325842696629212
W075,287,0.8980891719745223,351,0.10541310541310542
W075,288,0.8888888888888888,342,0.15789473684210525
W075,289,0.8678571428571429,319,0.12225705329153605
W075,290,0.8952095808383234,375,0.10933333333333334
W075,291,0.9033232628398792,382,0.13350785340314136
W075,292,0.9470404984423676,363,0.11570247933884298
W075,293,0.9010989010989011,413,0.11864406779661017
W075,294,0.9049180327868852,351,0.13105413105413105
W075,295,0.8906882591093117,319,0.22570532915360503
W075,296,0.8977272727272727,422,0.16587677725118483
W075,297,0.901685393258427,418,0.14832535885167464
W075,298,0.9310344827586207,371,0.14016172506738545
W075,299,0.8921832884097035,416,0.10817307692307693
W075,300,0.8698412698412699,369,0.14634146341463414
W075,301,0.8819095477386935,494,0.19433198380566802
W075,302,0.9248554913294798,414,0.1642512077294686
W075,303,0.9501385041551247,418,0.13636363636363635
W075,304,0.8953068592057761,335,0.17313432835820897
W075,305,0.9198813056379822,385,0.12467532467532468
W075,306,0.8916083916083916,354,0.192090395480226
W075,307,0.9047619047619048,352,0.16477272727272727
W075,308,0.9347181008902077,390,0.1358974358974359
W075,309,0.9347079037800687,330,0.11818181818181818
W075,310,0.9309309309309309,383,0.13054830287206268
W075,311,0.908284023668639,371,0.0889487870619946
W075,312,0.927536231884058,345,0.2
W075,313,0.935374149659864,350,0.16
W075,314,0.9257142857142857,420,0.16666666666666666
W075,315,0.8996282527881041,325,0.1723076923076923
W075,316,0.9215686274509803,354,0.13559322033898305
W075,317,0.9122807017543859,318,0.10377358490566038
W075,318,0.9022988505747126,398,0.12562814070351758
W075,319,0.8953068592057761,316,0.12341772151898735
W075,320,0.9405099150141643,408,0.13480392156862744
W075,321,0.8911764705882353,377,0.09814323607427056
W075,322,0.8951048951048951,489,0.12269938650306748
W075,323,0.9150141643059491,393,0.10178117048346055
W075,324,0.9058823529411765,386,0.11917098445595854
W075,325,0.8930817610062893,179,0.11173184357541899
W075,326,0.8922155688622755,373,0.10455764075067024
W075,327,0.8886010362694301,434,0.11059907834101383
W075,328,0.9281609195402298,389,0.10539845758354756
W075,329,0.9164345403899722,391,0.08184143222506395
W075,330,0.9101123595505618,410,0.13170731707317074
W075,331,0.9349593495934959,403,0.08436724565756824
W075,332,0.9302949061662198,438,0.14840182648401826
W075,333,0.8944723618090452,457,0.12910284463894967
W075,334,0.9289473684210526,416,0.08653846153846154
W075,335,0.935064935064935,423,0.08983451536643026
W075,336,0.9297658862876255,357,0.16246498599439776
W075,337,0.9109947643979057,441,0.13378684807256236
W075,338,0.9002624671916011,444,0.14189189189189189
W075,339,0.9236111111111112,327,0.11926605504587157
W075,340,0.9056603773584906,413,0.1016949152542373
W075,341,0.9070422535211268,390,0.08974358974358974
W075,342,0.9142857142857143,382,0.08376963350785341
W075,343,0.9301075268817204,431,0.1368909512761021
W075,344,0.8903061224489796,443,0.11512415349887133
W075,345,0.9358669833729216,473,0.10993657505285412
W075,346,0.9248554913294798,382,0.09424083769633508
W075,347,0.9333333333333333,482,0.0975103734439834
W075,348,0.918848167539267,420,0.09047619047619047
W075,349,0.9260204081632653,429,0.08624708624708624
W075,350,0.9533169533169533,470,0.13404255319148936
W075,351,0.9007444168734491,453,0.11037527593818984
W075,352,0.8939393939393939,444,0.10810810810810811
W075,353,0.9416058394160584,455,0.0967032967032967
W075,354,0.9534883720930233,391,0.12020460358056266
W075,355,0.922077922077922,363,0.15151515151515152
W075,356,0.9132530120481928,474,0.12447257383966245
W075,357,0.9048780487804878,466,0.12017167381974249
W075,358,0.9232876712328767,436,0.1628440366972477
W075,359,0.9123222748815166,465,0.09247311827956989
W075,360,0.9154589371980676,471,0.12101910828025478
W075,361,0.9287531806615776,436,0.09862385321100918
W075,362,0.9095607235142119,425,0.08941176470588236
W075,363,0.9155313351498637,413,0.11138014527845036
W075,364,0.8780487804878049,302,0.45695364238410596
W075,365,0.8071625344352618,424,0.14386792452830188
W075,366,0.839541547277937,369,0.05420054200542006
W075,367,0.8608923884514436,426,0.1056338028169014
W075,368,0.8937823834196891,419,0.07875894988066826
W075,369,0.8903743315508021,428,0.1261682242990654
W075,370,0.9010152284263959,422,0.06635071090047394
W075,371,0.8491484184914841,473,0.13107822410147993
W075,372,0.9017632241813602,430,0.07674418604651163
W075,373,0.9032258064516129,455,0.11428571428571428
W075,374,0.8895348837209303,403,0.14640198511166252
W075,375,0.9113924050632911,437,0.09610983981693363
W075,376,0.9045092838196287,421,0.10451306413301663
W075,377,0.8728813559322034,389,0.08997429305912596
W075,378,0.9245283018867925,412,0.09951456310679611
W075,379,0.8928571428571429,400,0.09
W075,380,0.9018087855297158,430,0.1
W075,381,0.8771498771498771,458,0.11135371179039301
W075,382,0.9,415,0.08433734939759036
W075,383,0.8861538461538462,357,0.0896358543417367
W075,384,0.8597402597402597,421,0.0855106888361045
W075,385,0.9036458333333334,416,0.07692307692307693
W075,386,0.8984771573604061,428,0.0794392523364486
W075,387,0.9136125654450262,442,0.13574660633484162
W075,388,0.8793103448275862,334,0.1317365269461078
W075,389,0.927027027027027,410,0.0975609756097561
W075,390,0.9262295081967213,408,0.10294117647058823
W075,391,0.9174311926605505,378,0.1349206349206349
W075,392,0.9175257731958762,330,0.11818181818181818
W075,393,0.87146529562982,434,0.10368663594470046
W075,394,0.8660714285714286,368,0.08695652173913043
W075,395,0.9027777777777778,404,0.10891089108910891
W075,396,0.899749373433584,442,0.09728506787330317
W075,397,0.9046153846153846,363,0.1046831955922865
W075,398,0.9371584699453552,395,0.07341772151898734
W075,399,0.9088397790055248,400,0.095
W075,400,0.8922558922558923,327,0.09174311926605505
W075,401,0.8756476683937824,428,0.09813084112149532
W075,402,0.9093198992443325,440,0.09772727272727273
W075,403,0.9215116279069767,380,0.09473684210526316
W075,404,0.917989417989418,422,0.10426540284360189
W075,405,0.908883826879271,498,0.11847389558232932
W075,406,0.8912386706948641,376,0.1196808510638298
W075,407,0.8929503916449086,422,0.0924170616113744
W075,408,0.8783783783783784,420,0.11904761904761904
W075,409,0.823076923076923,318,0.18238993710691823
W075,410,0.8595988538681948,396,0.11868686868686869
W075,411,0.8620689655172413,191,0.24083769633507854
W075,412,0.8725761772853186,389,0.07197943444730077
W075,413,0.9020618556701031,412,0.05825242718446602
W075,414,0.8654970760233918,364,0.06043956043956044
W075,415,0.891566265060241,363,0.08539944903581267
W075,416,0.9002932551319648,387,0.11886304909560723
W075,417,0.9346590909090909,384,0.08333333333333333
W075,418,0.961218836565097,416,0.13221153846153846
W075,419,0.9211267605633803,410,0.13414634146341464
W075,420,0.9221902017291066,395,0.12151898734177215
W075,421,0.9315476190476191,370,0.0918918918918919
W075,422,0.9101796407185628,385,0.13246753246753246
W075,423,0.967741935483871,434,0.14285714285714285
W075,424,0.8898550724637682,409,0.15647921760391198
W075,425,0.9308641975308642,450,0.1
W075,426,0.9517766497461929,441,0.10657596371882086
W075,427,0.9397905759162304,459,0.16775599128540306
W075,428,0.9351351351351351,418,0.11483253588516747
W075,429,0.947103274559194,442,0.10180995475113122
W075,430,0.9329896907216495,439,0.11617312072892938
W075,431,0.9516539440203562,455,0.13626373626373625
W075,432,0.9599056603773585,481,0.11850311850311851
W075,433,0.9451697127937336,447,0.14317673378076062
W075,434,0.9312039312039312,442,0.07918552036199095
W075,435,0.949468085106383,416,0.09615384615384616
W075,436,0.9444444444444444,421,0.1021377672209026
W075,437,0.9478908188585607,456,0.1162280701754386
W075,438,0.955607476635514,470,0.08936170212765958
W075,439,0.9427860696517413,488,0.1762295081967213
W075,440,0.9246231155778895,445,0.10561797752808989
W075,441,0.9429347826086957,406,0.09359605911330049
W075,442,0.9362745098039216,456,0.10526315789473684
W075,443,0.9287598944591029,417,0.09112709832134293
W075,444,0.957286432160804,438,0.091324200913242
W075,445,0.9476190476190476,502,0.16334661354581673
W075,446,0.9371980676328503,474,0.12658227848101267
W075,447,0.9291139240506329,452,0.1261061946902655
W075,448,0.9381443298969072,460,0.1565217391304348
W075,449,0.949671772428884,539,0.15213358070500926
W075,450,0.9443099273607748,450,0.08222222222222222
W075,451,0.9238578680203046,435,0.09425287356321839
W075,452,0.9493975903614458,464,0.10560344827586207
W075,453,0.9375,452,0.11504424778761062
W075,454,0.9512820512820512,425,0.08235294117647059
W075,455,0.9240506329113924,347,0.0893371757925072
W075,456,0.9014084507042254,329,0.13677811550151975
W075,457,0.9305555555555556,417,0.1366906474820144
W075,458,0.8918918918918919,381,0.12598425196850394
W075,459,0.9326424870466321,426,0.09389671361502347
W075,460,0.9303621169916435,399,0.10025062656641603
W075,461,0.9420654911838791,455,0.12747252747252746
W075,462,0.9183673469387755,410,0.16341463414634147
W075,463,0.9243697478991597,408,0.125
W075,464,0.9470899470899471,438,0.136986301369863
W075,465,0.9549071618037135,415,0.09156626506024096
W075,466,0.9327731092436975,424,0.1580188679245283
W075,467,0.9073482428115016,350,0.10571428571428572
W075,468,0.9047619047619048,383,0.23237597911227154
W075,469,0.9275766016713092,424,0.15330188679245282
W075,470,0.9496021220159151,422,0.1066350710900474
W075,471,0.9459459459459459,385,0.13506493506493505
W075,472,0.9314720812182741,434,0.09216589861751152
W075,473,0.9090909090909091,435,0.14022988505747128
W075,474,0.91005291005291,447,0.15436241610738255
W075,475,0.9606299212598425,422,0.0971563981042654
W075,476,0.9239130434782609,223,0.17488789237668162
W075,477,0.8625,412,0.22330097087378642
W075,478,0.9046321525885559,428,0.1425233644859813
W075,479,0.8900523560209425,224,0.14732142857142858
W075,480,0.9244712990936556,364,0.09065934065934066
W075,481,0.9046321525885559,420,0.1261904761904762
W075,482,0.8108108108108109,202,0.26732673267326734
W075,483,0.9198966408268734,447,0.1342281879194631
W075,484,0.9221902017291066,416,0.1658653846153846
W075,485,0.9075144508670521,403,0.141439205955335
W075,486,0.9018987341772152,378,0.164021164021164
W075,487,0.9650145772594753,402,0.14676616915422885
W075,488,0.9320652173913043,419,0.12171837708830549
W075,489,0.9406528189910979,400,0.1575
W075,490,0.9047619047619048,374,0.10160427807486631
W075,491,0.9214092140921409,411,0.10218978102189781
W075,492,0.9276315789473685,352,0.13636363636363635
W075,493,0.9285714285714286,433,0.15935334872979215
W075,494,0.9175824175824175,413,0.11864406779661017
W075,495,0.9226666666666666,416,0.0985576923076923
W075,496,0.939209726443769,353,0.0679886685552408
W075,497,0.945,430,0.06976744186046512
W075,498,0.9305135951661632,367,0.09809264305177112
W075,499,0.9491978609625669,412,0.09223300970873786
W075,500,0.9413333333333334,435,0.13793103448275862
W075,501,0.9179487179487179,455,0.14285714285714285
W075,502,0.8858024691358025,372,0.12903225806451613
W075,503,0.9384615384615385,433,0.09930715935334873
W075,504,0.927170868347339,403,0.1141439205955335
W075,505,0.9381720430107527,403,0.07692307692307693
W075,506,0.9575,462,0.1341991341991342
W075,507,0.9636803874092009,462,0.10606060606060606
W075,508,0.9529702970297029,479,0.15657620041753653
W075,509,0.9553805774278216,422,0.0971563981042654
W075,510,0.9592391304347826,435,0.15402298850574714
W075,511,0.9405684754521964,440,0.12045454545454545
W075,512,0.9523809523809523,463,0.13822894168466524
W075,513,0.930939226519337,410,0.11707317073170732
W075,514,0.9318734793187348,448,0.08258928571428571
W075,515,0.9321148825065274,431,0.11136890951276102
W075,516,0.9186991869918699,430,0.14186046511627906
W075,517,0.9583333333333334,383,0.1227154046997389
W075,518,0.9315789473684211,455,0.16483516483516483
W075,519,0.9575596816976127,466,0.19098712446351931
W075,520,0.96875,445,0.13707865168539327
W075,521,0.9436997319034852,445,0.16179775280898875
W075,522,0.9615384615384616,419,0.13126491646778043
W075,523,0.973753280839895,463,0.1771058315334773
W075,524,0.9442970822281167,418,0.09808612440191387
W075,525,0.9596977329974811,462,0.1406926406926407
W075,526,0.9387096774193548,356,0.12921348314606743
W075,527,0.9439775910364145,432,0.1736111111111111
W075,528,0.8974358974358975,428,0.08878504672897196
W075,529,0.953125,429,0.1048951048951049
W075,530,0.9504132231404959,415,0.12530120481927712
W075,531,0.953416149068323,364,0.11538461538461539
W075,532,0.9486166007905138,300,0.15666666666666668
W075,533,0.9516616314199395,382,0.13350785340314136
W075,534,0.9452449567723343,387,0.10335917312661498
W075,535,0.9438502673796791,433,0.13625866050808313
W075,536,0.9594594594594594,336,0.11904761904761904
W075,537,0.96,457,0.12472647702407003
W075,538,0.9564032697547684,411,0.1070559610705596
W075,539,0.9426229508196722,431,0.15081206496519722
W075,540,0.9287925696594427,396,0.18434343434343434
W075,541,0.9253246753246753,358,0.13966480446927373
W075,542,0.9431524547803618,445,0.1303370786516854
W075,543,0.9300911854103343,367,0.10354223433242507
W075,544,0.9029850746268657,475,0.15368421052631578
W075,545,0.966321243523316,449,0.1403118040089087
W075,546,0.950530035335689,360,0.21388888888888888
W075,547,0.904320987654321,400,0.19
W075,548,0.9235668789808917,422,0.2559241706161137
W075,549,0.9463806970509383,487,0.23408624229979466
W075,550,0.9549180327868853,366,0.3333333333333333
W075,551,0.9310344827586207,468,0.19444444444444445
W075,552,0.9057377049180327,350,0.3028571428571429
W075,553,0.9572368421052632,399,0.23809523809523808
W075,554,0.96,480,0.21875
W075,555,0.9531772575250836,378,0.20899470899470898
W075,556,0.9456521739130435,456,0.19298245614035087
W075,557,0.968,459,0.1830065359477124
W075,558,0.9619565217391305,444,0.17117117117117117
W075,559,0.9573770491803278,379,0.19525065963060687
W075,560,0.9325513196480938,439,0.22323462414578588
W075,561,0.8148148148148148,366,0.4098360655737705
W075,562,0.9360613810741688,456,0.1425438596491228
W075,563,0.9435483870967742,412,0.0970873786407767
W075,564,0.9301745635910225,467,0.14132762312633834
W075,565,0.945273631840796,451,0.10864745011086474
W075,566,0.944954128440367,429,0.23776223776223776
W075,567,0.9409722222222222,348,0.1724137931034483
W075,568,0.9549295774647887,425,0.16470588235294117
W075,569,0.9675810473815462,480,0.16458333333333333
W075,570,0.954177897574124,428,0.13317757009345793
W075,571,0.9402173913043478,425,0.13411764705882354
W075,572,0.9612403100775194,440,0.12045454545454545
W075,573,0.938953488372093,417,0.1750599520383693
W075,574,0.958904109589041,341,0.1436950146627566
W075,575,0.9381443298969072,514,0.245136186770428
W075,576,0.9467312348668281,477,0.13417190775681342
W075,577,0.9398496240601504,474,0.15822784810126583
W075,578,0.9351851851851852,508,0.14960629921259844
W075,579,0.9681818181818181,506,0.13043478260869565
W075,580,0.9566326530612245,448,0.125
W075,581,0.9487750556792873,531,0.1544256120527307
W075,582,0.951276102088167,497,0.13279678068410464
W075,583,0.954233409610984,509,0.14145383104125736
W075,584,0.933806146572104,522,0.1896551724137931
W075,585,0.9697674418604652,507,0.15187376725838264
W075,586,0.9393139841688655,471,0.19532908704883228
W075,587,0.9679633867276888,541,0.1922365988909427
W075,588,0.9470046082949308,540,0.1962962962962963
W075,589,0.9515418502202643,553,0.17902350813743217
W075,590,0.9787735849056604,502,0.1553784860557769
W075,591,0.9529411764705882,538,0.2100371747211896
W075,592,0.9395465994962217,485,0.18144329896907216
W075,593,0.9504132231404959,582,0.16838487972508592
W075,594,0.9546599496221663,483,0.17805383022774326
W075,595,0.8862973760932945,415,0.17349397590361446
W075,596,0.9378109452736318,502,0.199203187250996
W075,597,0.9444444444444444,516,0.23255813953488372
W075,598,0.9251336898395722,446,0.16143497757847533
W075,599,0.9551886792452831,507,0.16370808678500987
W075,600,0.961456102783726,535,0.12710280373831775
W075,601,0.9336870026525199,468,0.19444444444444445
W075,602,0.9615384615384616,512,0.1875
W075,603,0.9650537634408602,450,0.17333333333333334
W075,604,0.9724770642201835,499,0.12625250501002003
W075,605,0.9411764705882353,514,0.10700389105058365
W075,606,0.972027972027972,340,0.1588235294117647
W075,607,0.9361179361179361,467,0.1284796573875803
W075,608,0.9522673031026253,479,0.12526096033402923
W075,609,0.9511111111111111,494,0.08906882591093117
W075,610,0.9514563106796117,478,0.13807531380753138
W075,611,0.9187817258883249,454,0.13215859030837004
W075,612,0.9244791666666666,462,0.16883116883116883
W075,613,0.903010033444816,350,0.1457142857142857
W075,614,0.8975,477,0.16142557651991615
W075,615,0.9391304347826087,515,0.10679611650485436
W075,616,0.9242053789731052,489,0.16359918200409
W075,617,0.9225181598062954,487,0.15195071868583163
W075,618,0.9033018867924528,519,0.18304431599229287
W075,619,0.875,466,0.15879828326180256
W075,620,0.8997134670487106,407,0.14250614250614252
W075,621,0.8141891891891891,426,0.3051643192488263
W075,622,0.8942065491183879,488,0.1864754098360656
W075,623,0.8097982708933718,490,0.29183673469387755
W075,624,0.8853333333333333,457,0.17943107221006566
W075,625,0.8981042654028436,528,0.20075757575757575
W075,626,0.9174311926605505,548,0.20437956204379562
W075,627,0.9237875288683602,534,0.1891385767790262
W075,628,0.9045553145336226,540,0.14629629629629629
W075,629,0.9012048192771084,559,0.25760286225402507
W075,630,0.94,547,0.1773308957952468
W075,631,0.8779904306220095,568,0.2640845070422535
W075,632,0.9287469287469288,561,0.27450980392156865
W075,633,0.896551724137931,72,0.19444444444444445
W075,634,0.9213759213759214,674,0.3961424332344214
W075,635,0.9334811529933481,583,0.22641509433962265
W075,636,0.9366515837104072,619,0.2859450726978998
W075,637,0.9242053789731052,526,0.2224334600760456
W075,638,0.8865671641791045,559,0.4007155635062612
W075,639,0.9207920792079208,657,0.3850837138508371
W075,640,0.9069767441860465,646,0.40092879256965946
W075,641,0.9318181818181818,650,0.4584615384615385
W075,642,0.8709677419354839,534,0.47752808988764045
W075,643,0.9072164948453608,664,0.41566265060240964
W075,644,0.875,610,0.42295081967213116
W075,645,0.8944591029023746,576,0.3420138888888889
W075,646,0.760705289672544,506,0.21541501976284586
W075,647,0.8228882833787466,480,0.23541666666666666
W075,648,0.919047619047619,546,0.23076923076923078
W075,649,0.8894348894348895,576,0.2934027777777778
W075,650,0.9042056074766355,523,0.18164435946462715
W075,651,0.8829268292682927,544,0.24632352941176472
W075,652,0.9285714285714286,555,0.26846846846846845
W075,653,0.9069212410501193,588,0.28741496598639454
W075,654,0.9152542372881356,522,0.20881226053639848
W075,655,0.9183673469387755,510,0.23137254901960785
W075,656,0.9379474940334129,598,0.2993311036789298
W075,657,0.9236641221374046,534,0.2640449438202247
W075,658,0.9251207729468599,505,0.1801980198019802
W075,659,0.9403341288782816,536,0.21828358208955223
W075,660,0.9079601990049752,507,0.20710059171597633
W075,661,0.9243243243243243,443,0.16478555304740405
W075,662,0.9442970822281167,484,0.22107438016528927
W075,663,0.9081632653061225,561,0.30124777183600715
W075,664,0.9083333333333333,498,0.27710843373493976
W075,665,0.922879177377892,558,0.30286738351254483
W075,666,0.9183168316831684,593,0.31871838111298484
W075,667,0.9566326530612245,651,0.3978494623655914
W075,668,0.9113082039911308,662,0.3187311178247734
W075,669,0.8233333333333334,469,0.3603411513859275
W075,670,0.6,575,0.7304347826086957
W075,671,0.8248407643312102,416,0.24519230769230768
W075,672,0.917098445595855,511,0.2446183953033268
W075,673,0.9041095890410958,546,0.1978021978021978
W075,674,0.9382422802850356,610,0.30983606557377047
W075,675,0.9411764705882353,691,0.40955137481910275
W075,676,0.9093198992443325,622,0.3617363344051447
W075,677,0.8794117647058823,631,0.4611727416798732
W075,678,0.9308176100628931,601,0.47088186356073214
W078,107,0.7527675276752768,329,0.1762917933130699
W078,108,0.7773279352226721,286,0.13636363636363635
W078,109,0.8089887640449438,306,0.12745098039215685
W078,110,0.7044534412955465,275,0.10181818181818182
W078,111,0.7662337662337663,197,0.2182741116751269
W078,112,0.80078125,284,0.09859154929577464
W078,113,0.7914438502673797,215,0.13023255813953488
W078,114,0.8387096774193549,255,0.14901960784313725
W078,115,0.808695652173913,255,0.09803921568627451
W078,116,0.782258064516129,270,0.08148148148148149
W078,117,0.7961165048543689,233,0.11587982832618025
W078,118,0.8587570621468926,200,0.115
W078,119,0.8477508650519031,317,0.08832807570977919
W078,120,0.825,258,0.06976744186046512
W078,121,0.7932960893854749,191,0.06282722513089005
W078,122,0.8423645320197044,222,0.08558558558558559
W078,123,0.8105263157894737,203,0.06403940886699508
W078,124,0.8176795580110497,200,0.095
W078,125,0.7909604519774012,210,0.15714285714285714
W078,126,0.8397212543554007,318,0.09748427672955975
W078,127,0.8225806451612904,287,0.13588850174216027
W078,128,0.7835051546391752,222,0.12612612612612611
W078,129,0.8235294117647058,284,0.10211267605633803
W078,130,0.813953488372093,330,0.08787878787878788
W078,131,0.8655737704918033,339,0.10029498525073746
W078,132,0.8433048433048433,386,0.09067357512953368
W078,133,0.8175895765472313,342,0.1023391812865497
W078,134,0.8201438848920863,320,0.13125
W078,135,0.8162393162393162,254,0.07874015748031496
W078,136,0.8293838862559242,237,0.10970464135021098
W078,137,0.8468085106382979,272,0.13602941176470587
W078,138,0.7857142857142857,312,0.10256410256410256
W078,139,0.84375,345,0.16521739130434782
W078,140,0.8050541516245487,322,0.13975155279503104
W078,141,0.8229166666666666,313,0.07987220447284345
W078,142,0.8578947368421053,211,0.0995260663507109
W078,143,0.8441558441558441,268,0.13805970149253732
W078,144,0.8622222222222222,280,0.19642857142857142
W078,145,0.819327731092437,273,0.1282051282051282
W078,146,0.8766519823788547,259,0.12355212355212356
W078,147,0.8523809523809524,248,0.1532258064516129
W078,148,0.8309859154929577,239,0.1087866108786611
W078,149,0.8617511520737328,236,0.08050847457627118
W078,150,0.8341708542713567,223,0.10762331838565023
W078,151,0.7954545454545454,239,0.0794979079497908
W078,152,0.8093023255813954,235,0.0851063829787234
W078,153,0.8469750889679716,303,0.07260726072607261
W078,154,0.8202247191011236,325,0.17846153846153845
W078,155,0.8297101449275363,309,0.10679611650485436
W078,156,0.8320610687022901,292,0.10273972602739725
W078,157,0.8154761904761905,196,0.14285714285714285
W078,158,0.8253012048192772,181,0.08287292817679558
W078,159,0.8539325842696629,203,0.12315270935960591
W078,160,0.8157894736842105,222,0.14414414414414414
W078,161,0.8346774193548387,275,0.09818181818181818
W078,162,0.844559585492228,220,0.12272727272727273
W078,163,0.7753623188405797,166,0.1686746987951807
W078,164,0.8453038674033149,201,0.09950248756218906
W078,165,0.8302752293577982,253,0.1383399209486166
W078,166,0.8275862068965517,242,0.16115702479338842
W078,167,0.839622641509434,241,0.12033195020746888
W078,168,0.8962962962962963,167,0.19161676646706588
W078,169,0.8544600938967136,240,0.1125
W078,170,0.8449197860962567,212,0.1179245283018868
W078,171,0.8321678321678322,165,0.13333333333333333
W078,172,0.8546255506607929,255,0.10980392156862745
W078,173,0.8982035928143712,368,0.09239130434782608
W078,174,0.8617363344051447,340,0.08529411764705883
W078,175,0.8580441640378549,351,0.09686609686609686
W078,176,0.8184713375796179,358,0.12290502793296089
W078,177,0.8770764119601329,338,0.10946745562130178
W078,178,0.84765625,298,0.14093959731543623
W078,179,0.8576642335766423,292,0.06164383561643835
W078,180,0.8764478764478765,300,0.13666666666666666
W078,181,0.856,281,0.1103202846975089
W078,182,0.8835616438356164,328,0.10975609756097561
W078,183,0.8982300884955752,268,0.15671641791044777
W078,184,0.8197424892703863,266,0.12406015037593984
W078,185,0.8303886925795053,311,0.09003215434083602
W078,186,0.8185654008438819,267,0.11235955056179775
W078,187,0.8683274021352313,310,0.0935483870967742
W078,188,0.8656126482213439,273,0.07326007326007326
W078,189,0.9195804195804196,321,0.10903426791277258
W078,190,0.839622641509434,238,0.1092436974789916
W078,191,0.8533834586466166,294,0.09523809523809523
W078,192,0.8343023255813954,391,0.12020460358056266
W078,193,0.8838526912181303,386,0.08549222797927461
W078,194,0.8680555555555556,331,0.1299093655589124
W078,195,0.8703703703703703,299,0.09698996655518395
W078,196,0.8622448979591837,232,0.15517241379310345
W078,197,0.8291457286432161,239,0.16736401673640167
W078,198,0.8470588235294118,207,0.178743961352657
W078,199,0.8543417366946778,395,0.09620253164556962
W078,200,0.9057750759878419,362,0.09116022099447514
W078,201,0.8936170212765957,256,0.08203125
W078,202,0.8923076923076924,348,0.06609195402298851
W078,203,0.8333333333333334,375,0.104
W078,204,0.8663793103448276,255,0.09019607843137255
W078,205,0.8666666666666667,362,0.08839779005524862
W078,206,0.8551532033426184,405,0.11358024691358025
W078,207,0.8991097922848664,395,0.1468354430379747
W078,208,0.8795518207282913,391,0.08695652173913043
W078,209,0.8888888888888888,291,0.10309278350515463
W078,210,0.8701298701298701,354,0.12994350282485875
W078,211,0.8445945945945946,189,0.21693121693121692
W078,212,0.859375,356,0.10112359550561797
W078,213,0.8865435356200527,421,0.0997624703087886
W078,214,0.8597014925373134,360,0.06944444444444445
W078,215,0.8087649402390438,281,0.10676156583629894
W078,216,0.8468468468468469,355,0.061971830985915494
W078,217,0.858433734939759,366,0.09289617486338798
W078,218,0.875,233,0.1072961373390558
W078,219,0.8873239436619719,470,0.09361702127659574
W078,220,0.8482587064676617,434,0.07373271889400922
W078,221,0.8694516971279374,406,0.05665024630541872
W078,222,0.8478260869565217,398,0.07537688442211055
W078,223,0.8597560975609756,356,0.07865168539325842
W078,224,0.8767908309455588,379,0.079155672823219
W078,225,0.8815028901734104,376,0.0797872340425532
W078,226,0.8317460317460318,336,0.0625
W078,227,0.8483870967741935,348,0.10919540229885058
W078,228,0.8867924528301887,409,0.09290953545232274
W078,229,0.8918205804749341,422,0.1018957345971564
W078,230,0.868632707774799,411,0.09245742092457421
W078,231,0.8888888888888888,374,0.06149732620320856
W078,232,0.8836477987421384,359,0.11420612813370473
W078,233,0.8798798798798799,375,0.112
W078,234,0.8772563176895307,300,0.07666666666666666
W078,235,0.8424068767908309,374,0.06684491978609626
W078,236,0.8583815028901735,369,0.06233062330623306
W078,237,0.6607142857142857,92,0.391304347826087
W078,238,0.852017937219731,258,0.13565891472868216
W078,239,0.8672566371681416,254,0.11023622047244094
W078,240,0.8672199170124482,267,0.09737827715355805
W078,241,0.8694158075601375,321,0.09345794392523364
W078,242,0.8391304347826087,256,0.1015625
W078,243,0.8225806451612904,207,0.10144927536231885
W078,244,0.8795986622073578,335,0.10746268656716418
W078,245,0.8681818181818182,261,0.15708812260536398
W078,246,0.8653061224489796,272,0.09926470588235294
W078,247,0.8106796116504854,237,0.1308016877637131
W078,248,0.8805970149253731,230,0.12608695652173912
W078,249,0.8627450980392157,385,0.07272727272727272
W078,250,0.8654708520179372,264,0.1553030303030303
W078,251,0.8575851393188855,354,0.08757062146892655
W078,252,0.8367346938775511,317,0.07255520504731862
W078,253,0.861003861003861,295,0.12203389830508475
W078,254,0.8713692946058091,271,0.11070110701107011
W078,255,0.9101796407185628,373,0.10455764075067024
W078,256,0.887459807073955,364,0.14560439560439561
W078,257,0.8724637681159421,377,0.08488063660477453
W078,258,0.8444444444444444,73,0.3835616438356164
W078,259,0.842948717948718,350,0.10857142857142857
W078,260,0.8656716417910447,398,0.15829145728643215
W078,261,0.8593272171253823,383,0.1462140992167102
W078,262,0.8474114441416893,410,0.1048780487804878
W078,263,0.8790035587188612,316,0.11075949367088607
W078,264,0.8717948717948718,357,0.12605042016806722
W078,265,0.8598130841121495,234,0.08547008547008547
W078,267,0.8571428571428571,396,0.09848484848484848
W078,268,0.8848314606741573,402,0.11442786069651742
W078,269,0.8807017543859649,320,0.109375
W078,270,0.8867924528301887,367,0.1335149863760218
W078,271,0.8830188679245283,293,0.09556313993174062
W078,272,0.8816568047337278,370,0.08648648648648649
W078,273,0.8784722222222222,323,0.10835913312693499
W078,274,0.8191489361702128,215,0.12558139534883722
W078,275,0.8815331010452961,318,0.09748427672955975
W078,276,0.8767123287671232,329,0.11246200607902736
W078,277,0.8565573770491803,275,0.11272727272727273
W078,278,0.8576779026217228,285,0.06315789473684211
W078,279,0.8506944444444444,307,0.06188925081433225
W078,280,0.8853754940711462,266,0.04887218045112782
W078,281,0.8293650793650794,282,0.10638297872340426
W078,282,0.8634361233480177,245,0.07346938775510205
W078,283,0.8606060606060606,371,0.1105121293800539
W078,284,0.8928571428571429,219,0.1050228310502283
W078,285,0.8934010152284264,215,0.08372093023255814
W078,286,0.868020304568528,225,0.12444444444444444
W078,287,0.8149779735682819,256,0.11328125
W078,288,0.8837920489296636,345,0.05217391304347826
W078,289,0.8633540372670807,353,0.08781869688385269
W078,290,0.8735632183908046,369,0.056910569105691054
W078,291,0.8727810650887574,375,0.09866666666666667
W078,292,0.8466666666666667,327,0.08256880733944955
W078,293,0.9094650205761317,280,0.13214285714285715
W078,294,0.8715596330275229,253,0.1383399209486166
W078,295,0.8513513513513513,268,0.17164179104477612
W078,296,0.8930817610062893,356,0.10674157303370786
W078,297,0.8555133079847909,290,0.09310344827586207
W078,298,0.8733766233766234,339,0.09144542772861357
W078,299,0.8944281524926686,376,0.09308510638297872
W078,300,0.8604651162790697,290,0.1103448275862069
W078,301,0.8820754716981132,240,0.11666666666666667
W078,302,0.8884892086330936,309,0.10032362459546926
W078,303,0.8704225352112676,390,0.08974358974358974
W078,304,0.8801169590643275,365,0.06301369863013699
W078,305,0.8922155688622755,205,0.18536585365853658
W078,306,0.8866279069767442,371,0.07277628032345014
W078,307,0.9169811320754717,280,0.05357142857142857
W078,308,0.8844884488448845,336,0.09821428571428571
W078,309,0.8373015873015873,268,0.05970149253731343
W078,310,0.8653198653198653,330,0.1
W078,311,0.870722433460076,295,0.10847457627118644
W078,312,0.9137380191693291,341,0.08211143695014662
W078,313,0.9060402684563759,329,0.09422492401215805
W078,314,0.868995633187773,242,0.05371900826446281
W078,315,0.8377192982456141,248,0.08064516129032258
W078,316,0.861671469740634,392,0.11479591836734694
W078,317,0.8566176470588235,304,0.10526315789473684
W078,318,0.8526912181303116,382,0.07591623036649214
W078,319,0.8975155279503105,350,0.08
W078,320,0.8976982097186701,428,0.08644859813084112
W078,321,0.9094076655052264,304,0.05592105263157895
W078,322,0.8802228412256268,392,0.08418367346938775
W078,323,0.9149560117302052,371,0.08086253369272237
W078,324,0.888,401,0.06483790523690773
W078,325,0.8900804289544236,396,0.05808080808080808
W078,326,0.8668478260869565,405,0.09135802469135802
W078,327,0.8575418994413407,381,0.06036745406824147
W078,328,0.8837209302325582,294,0.12244897959183673
W078,329,0.8655172413793103,309,0.061488673139158574
W078,330,0.8992537313432836,285,0.05964912280701754
W078,331,0.9087591240875912,298,0.08053691275167785
W078,332,0.8819188191881919,293,0.07508532423208192
W078,333,0.8398576512455516,301,0.0664451827242525
W078,334,0.8593272171253823,358,0.08659217877094973
W078,335,0.8809523809523809,332,0.1144578313253012
W078,336,0.8825503355704698,323,0.07739938080495357
W078,337,0.9150326797385621,170,0.1
W078,338,0.8893129770992366,320,0.18125
W078,339,0.89568345323741,298,0.06711409395973154
W078,340,0.8551724137931035,315,0.07936507936507936
W078,341,0.9058823529411765,442,0.038461538461538464
W078,342,0.8914285714285715,199,0.12060301507537688
W078,343,0.8770491803278688,272,0.10294117647058823
W078,344,0.9022988505747126,381,0.08661417322834646
W078,345,0.8939393939393939,357,0.07563025210084033
W078,346,0.9052369077306733,441,0.09070294784580499
W078,347,0.8542857142857143,376,0.06914893617021277
W078,348,0.852760736196319,202,0.19306930693069307
W078,349,0.832967032967033,525,0.13333333333333333
W078,350,0.8773784355179705,514,0.07976653696498054
W078,351,0.8876146788990825,477,0.0859538784067086
W078,352,0.8867924528301887,507,0.05917159763313609
W078,353,0.8843416370106761,615,0.08617886178861789
W078,354,0.8917748917748918,495,0.06666666666666667
W078,355,0.8984547461368654,503,0.09940357852882704
W078,356,0.8854961832061069,444,0.11486486486486487
W078,357,0.8426966292134831,385,0.07532467532467532
W078,359,0.8481308411214953,460,0.06956521739130435
W078,360,0.8555555555555555,403,0.10669975186104218
W078,361,0.9002493765586035,455,0.11868131868131868
W078,362,0.876010781671159,428,0.13317757009345793
W078,363,0.8401486988847584,313,0.14057507987220447
W078,364,0.8165137614678899,134,0.1865671641791045
W078,365,0.8319327731092437,390,0.08461538461538462
W078,366,0.8472622478386167,389,0.10796915167095116
W080,271,0.8274111675126904,235,0.16170212765957448
W080,272,0.7668393782383419,239,0.19246861924686193
W080,273,0.7587939698492462,245,0.18775510204081633
W080,274,0.806060606060606,193,0.14507772020725387
W080,275,0.8260869565217391,266,0.13533834586466165
W080,276,0.7899543378995434,248,0.11693548387096774
W080,277,0.8227848101265823,257,0.07782101167315175
W080,278,0.7783783783783784,209,0.11483253588516747
W080,279,0.798941798941799,210,0.1
W080,280,0.7805907172995781,275,0.13818181818181818
W080,281,0.8204081632653061,271,0.0959409594095941
W080,282,0.8097165991902834,276,0.10507246376811594
W080,283,0.7622950819672131,272,0.10294117647058823
W080,284,0.7850877192982456,258,0.11627906976744186
W080,285,0.7971014492753623,250,0.172
W080,286,0.808,276,0.09420289855072464
W080,287,0.6942148760330579,259,0.06563706563706563
W080,288,0.7161572052401747,267,0.14232209737827714
W080,289,0.7710843373493976,284,0.12323943661971831
W080,290,0.8354978354978355,269,0.1412639405204461
W080,291,0.8048780487804879,276,0.10869565217391304
W080,292,0.7914893617021277,257,0.08560311284046693
W080,293,0.8222996515679443,327,0.12232415902140673
W080,294,0.7837837837837838,278,0.0683453237410072
W080,295,0.8125,279,0.08243727598566308
W080,296,0.8162162162162162,214,0.13551401869158877
W080,297,0.7854785478547854,324,0.06481481481481481
W080,298,0.5068493150684932,186,0.6075268817204301
W080,299,0.5606694560669456,295,0.18983050847457628
W080,301,0.631578947368421,369,0.12466124661246612
W080,302,0.6798245614035088,280,0.18571428571428572
W080,303,0.7368421052631579,281,0.12099644128113879
W080,304,0.7859424920127795,376,0.1675531914893617
W080,305,0.7850467289719626,242,0.11570247933884298
W080,306,0.8385416666666666,219,0.1232876712328767
W080,307,0.8149606299212598,288,0.11805555555555555
W080,308,0.8608247422680413,223,0.13004484304932734
W080,309,0.8327645051194539,338,0.13313609467455623
W080,310,0.7960199004975125,248,0.18951612903225806
W080,311,0.7382198952879581,218,0.12385321100917432
W080,312,0.7896995708154506,272,0.14338235294117646
W080,313,0.776536312849162,217,0.17511520737327188
W080,314,0.7619047619047619,288,0.19791666666666666
W080,315,0.8181818181818182,319,0.13793103448275862
W080,316,0.7641509433962265,264,0.19696969696969696
W080,317,0.8198529411764706,315,0.1365079365079365
W080,318,0.8099173553719008,296,0.18243243243243243
W080,319,0.8208333333333333,283,0.1519434628975265
W080,320,0.7835497835497836,255,0.09411764705882353
W080,321,0.7990430622009569,245,0.1469387755102041
W080,322,0.8207547169811321,252,0.15873015873015872
W080,323,0.8163265306122449,238,0.17647058823529413
W080,324,0.7662835249042146,310,0.15806451612903225
W080,325,0.800711743772242,314,0.10509554140127389
W080,326,0.7526881720430108,314,0.11146496815286625
W080,327,0.7412935323383084,230,0.12608695652173912
W080,328,0.7648902821316614,388,0.17783505154639176
W080,329,0.7777777777777778,316,0.14556962025316456
W080,330,0.7510917030567685,260,0.11923076923076924
W080,331,0.8210116731517509,289,0.11072664359861592
W080,332,0.780327868852459,348,0.1235632183908046
W080,333,0.7888446215139442,278,0.09712230215827339
W080,334,0.6170212765957447,275,0.14545454545454545
W080,335,0.7443181818181818,238,0.2605042016806723
W080,336,0.7873303167420814,250,0.116
W080,337,0.7770700636942676,359,0.12534818941504178
W080,338,0.7520661157024794,280,0.1357142857142857
W080,339,0.7563025210084033,273,0.1282051282051282
W080,340,0.7838983050847458,281,0.1601423487544484
W080,341,0.7818181818181819,364,0.09340659340659341
W080,342,0.7936046511627907,397,0.13350125944584382
W080,343,0.8155339805825242,342,0.09649122807017543
W080,344,0.8024691358024691,362,0.10497237569060773
W080,345,0.6728395061728395,419,0.22673031026252982
W080,346,0.7095808383233533,351,0.04843304843304843
W080,347,0.7543103448275862,267,0.13108614232209737
W080,348,0.76,224,0.21875
W080,349,0.7341389728096677,373,0.1126005361930295
W080,350,0.7491749174917491,355,0.14647887323943662
W080,351,0.7804054054054054,349,0.1518624641833811
W080,352,0.78125,245,0.08571428571428572
W080,353,0.7750865051903114,315,0.08253968253968254
W080,354,0.7932692307692307,246,0.15447154471544716
W080,355,0.7181208053691275,342,0.1286549707602339
W080,356,0.814935064935065,348,0.11494252873563218
W080,357,0.7302052785923754,366,0.06830601092896176
W080,358,0.7747440273037542,331,0.1148036253776435
W080,359,0.7303754266211604,333,0.12012012012012012
W080,360,0.7630522088353414,275,0.09454545454545454
W080,361,0.7915057915057915,301,0.13953488372093023
W080,362,0.7844827586206896,278,0.16546762589928057
W080,363,0.8125,333,0.13513513513513514
W080,364,0.8194444444444444,251,0.1394422310756972
W080,365,0.7905982905982906,279,0.16129032258064516
W080,366,0.7606177606177607,302,0.1423841059602649
W080,367,0.7574626865671642,317,0.15457413249211358
W080,368,0.8109243697478992,280,0.15
W080,369,0.77734375,288,0.1111111111111111
W080,370,0.7430555555555556,320,0.1
W080,371,0.7349397590361446,274,0.09124087591240876
W080,372,0.7592592592592593,268,0.19402985074626866
W080,373,0.773109243697479,293,0.18771331058020477
W080,374,0.7168141592920354,263,0.14068441064638784
W080,375,0.7854077253218884,267,0.12734082397003746
W080,376,0.7448559670781894,282,0.13829787234042554
W080,377,0.729957805907173,277,0.1444043321299639
W080,378,0.7489177489177489,271,0.14760147601476015
W080,379,0.8061224489795918,330,0.10909090909090909
W080,380,0.7745901639344263,279,0.12544802867383512
W080,381,0.7348484848484849,311,0.15112540192926044
W080,382,0.75,235,0.1148936170212766
W080,383,0.7834394904458599,192,0.18229166666666666
W080,384,0.7443609022556391,293,0.09215017064846416
W080,385,0.7468354430379747,277,0.1444043321299639
W080,386,0.7341269841269841,276,0.08695652173913043
W080,387,0.7468354430379747,347,0.0893371757925072
W080,388,0.7717717717717718,363,0.08264462809917356
W080,389,0.782608695652174,303,0.0891089108910891
W080,390,0.7777777777777778,270,0.1
W080,391,0.7873754152823921,349,0.13753581661891118
W080,392,0.773972602739726,325,0.10153846153846154
W080,393,0.7625418060200669,337,0.11275964391691394
W080,394,0.7416666666666667,161,0.2546583850931677
W080,395,0.7642585551330798,294,0.1054421768707483
W080,396,0.8057324840764332,350,0.10285714285714286
W080,397,0.7823529411764706,383,0.1122715404699739
W080,398,0.752411575562701,355,0.12394366197183099
W080,399,0.7827586206896552,320,0.09375
W080,400,0.762589928057554,313,0.11182108626198083
W080,401,0.8107142857142857,323,0.13312693498452013
W080,402,0.7579365079365079,294,0.14285714285714285
W080,403,0.826530612244898,316,0.06962025316455696
W080,404,0.8049645390070922,320,0.11875
W080,405,0.7566666666666667,336,0.10714285714285714
W080,406,0.7766990291262136,255,0.19215686274509805
W080,407,0.8165680473372781,393,0.13994910941475827
W080,408,0.7381703470031545,350,0.09428571428571429
W080,409,0.7922077922077922,254,0.09055118110236221
W080,410,0.7777777777777778,426,0.176056338028169
W080,411,0.8287671232876712,343,0.14868804664723032
W080,412,0.7649122807017544,340,0.16176470588235295
W080,413,0.7565543071161048,308,0.1331168831168831
W080,414,0.7590361445783133,398,0.1658291457286432
W080,415,0.7626262626262627,256,0.2265625
W080,416,0.7737556561085973,266,0.16917293233082706
W080,417,0.7668161434977578,283,0.21201413427561838
W080,418,0.7424242424242424,175,0.24571428571428572
W080,419,0.686046511627907,141,0.3900709219858156
W080,420,0.7142857142857143,91,0.5384615384615384
W080,421,0.7238805970149254,236,0.4322033898305085
W080,422,0.5454545454545454,64,0.65625
W081,481,0.7635658914728682,325,0.20615384615384616
W081,482,0.7476635514018691,149,0.28187919463087246
W081,483,0.7167381974248928,313,0.25559105431309903
W081,484,0.7357859531772575,392,0.2372448979591837
W081,485,0.7571428571428571,408,0.14215686274509803
W081,486,0.7491749174917491,372,0.18548387096774194
W081,487,0.7297297297297297,311,0.2861736334405145
W081,488,0.7730263157894737,378,0.19576719576719576
W081,489,0.7305389221556886,390,0.14358974358974358
W081,490,0.7215686274509804,327,0.22018348623853212
W081,491,0.7867867867867868,403,0.17369727047146402
W081,492,0.7512820512820513,442,0.11764705882352941
W081,493,0.7116788321167883,317,0.13564668769716087
W081,494,0.7207792207792207,391,0.21227621483375958
W081,495,0.76,349,0.21203438395415472
W081,496,0.7887323943661971,337,0.1572700296735905
W081,497,0.7526501766784452,360,0.21388888888888888
W081,498,0.7655677655677655,324,0.1574074074074074
W081,499,0.7507598784194529,390,0.1564102564102564
W081,500,0.75,365,0.16712328767123288
W081,501,0.7661691542288557,252,0.20238095238095238
W081,502,0.7451923076923077,236,0.11864406779661017
W081,503,0.7558139534883721,127,0.3228346456692913
W081,504,0.7857142857142857,248,0.1532258064516129
W081,505,0.6647727272727273,227,0.22466960352422907
W081,506,0.8232323232323232,263,0.24714828897338403
W081,507,0.7228915662650602,233,0.2875536480686695
W081,508,0.7445887445887446,285,0.18947368421052632
W081,509,0.7521008403361344,297,0.19865319865319866
W081,510,0.7763157894736842,288,0.20833333333333334
W081,511,0.7695652173913043,284,0.19014084507042253
W081,512,0.7368421052631579,322,0.17391304347826086
W081,513,0.703030303030303,210,0.21428571428571427
W081,514,0.7748344370860927,199,0.24120603015075376
W081,515,0.7426900584795322,233,0.26609442060085836
W081,516,0.7701149425287356,230,0.24347826086956523
W081,517,0.7355371900826446,311,0.22186495176848875
W081,518,0.8199052132701422,253,0.16600790513833993
W081,519,0.7635135135135135,193,0.23316062176165803
W081,520,0.7185929648241206,244,0.18442622950819673
W081,521,0.7430167597765364,248,0.2782258064516129
W081,522,0.7629310344827587,319,0.2727272727272727
W081,523,0.7336683417085427,264,0.24621212121212122
W081,524,0.717391304347826,138,0.3333333333333333
W081,525,0.728,328,0.23780487804878048
W081,526,0.7926267281105991,282,0.23049645390070922
W081,527,0.79296875,349,0.2664756446991404
W081,528,0.7513513513513513,234,0.2094017094017094
W081,529,0.725,330,0.2727272727272727
W081,530,0.7215189873417721,141,0.4397163120567376
W081,531,0.7412587412587412,214,0.3317757009345794
W081,532,0.783410138248848,302,0.2814569536423841
W081,533,0.752895752895753,335,0.22686567164179106
W081,534,0.7107142857142857,364,0.23076923076923078
W081,535,0.7704280155642024,329,0.2188449848024316
W081,536,0.776536312849162,256,0.30078125
W081,537,0.6944444444444444,287,0.24738675958188153
W081,538,0.7644628099173554,349,0.30659025787965616
W081,539,0.7279411764705882,341,0.20234604105571846
W081,540,0.7148936170212766,306,0.23202614379084968
W081,541,0.7720588235294118,381,0.28608923884514437
W081,542,0.7370517928286853,343,0.26822157434402333
W081,543,0.7951807228915663,332,0.25
W081,544,0.6836158192090396,233,0.24034334763948498
W081,545,0.7770491803278688,436,0.30045871559633025
W081,546,0.735632183908046,237,0.26582278481012656
W081,547,0.7852760736196319,391,0.16624040920716113
W081,548,0.7439446366782007,359,0.19498607242339833
W081,549,0.760806916426513,414,0.16183574879227053
W081,550,0.7689243027888446,286,0.12237762237762238
W081,551,0.8,416,0.23076923076923078
W081,552,0.7013574660633484,288,0.2326388888888889
W081,553,0.7648902821316614,388,0.17783505154639176
W081,554,0.6834319526627219,443,0.23702031602708803
W081,555,0.7648809523809523,390,0.13846153846153847
W081,556,0.7737003058103975,392,0.16581632653061223
W081,557,0.7416666666666667,421,0.14489311163895488
W081,558,0.7737226277372263,331,0.17220543806646527
W081,559,0.7725947521865889,432,0.20601851851851852
W081,560,0.7474747474747475,375,0.208
W081,561,0.7623318385650224,547,0.1846435100548446
W081,562,0.7851851851851852,159,0.1509433962264151
W081,563,0.7597765363128491,449,0.2026726057906459
W081,564,0.7240356083086054,440,0.2340909090909091
W081,565,0.7082066869300911,396,0.1691919191919192
W081,566,0.7560975609756098,381,0.13910761154855644
W081,567,0.7076023391812866,401,0.14713216957605985
W081,568,0.7620481927710844,423,0.21513002364066194
W081,569,0.7509433962264151,318,0.16666666666666666
W081,570,0.7561576354679803,472,0.13983050847457626
W081,571,0.8090452261306532,449,0.11358574610244988
W081,572,0.7837150127226463,444,0.11486486486486487
W081,573,0.7857142857142857,435,0.22758620689655173
W081,574,0.7412060301507538,439,0.09339407744874716
W081,575,0.7368421052631579,402,0.19651741293532338
W081,576,0.7727272727272727,491,0.1934826883910387
W081,577,0.7857142857142857,561,0.22638146167557932
W081,578,0.7507788161993769,396,0.1893939393939394
W081,579,0.7667560321715817,476,0.21638655462184875
W081,580,0.7433628318584071,438,0.22602739726027396
W081,581,0.7995391705069125,524,0.1717557251908397
W081,582,0.7883720930232558,519,0.17148362235067438
W081,583,0.7412587412587412,352,0.1875
W081,584,0.7983425414364641,477,0.24109014675052412
W081,585,0.8240223463687151,464,0.22844827586206898
W081,586,0.8198433420365535,472,0.1885593220338983
W081,587,0.7696629213483146,442,0.19457013574660634
W081,588,0.7053140096618358,524,0.2099236641221374
W081,589,0.7054455445544554,545,0.25871559633027524
W081,590,0.7586206896551724,314,0.16878980891719744
W081,591,0.7791563275434243,520,0.225
W081,592,0.7655172413793103,560,0.22321428571428573
W081,593,0.8018018018018018,557,0.20287253141831238
W081,594,0.7719298245614035,139,0.5899280575539568
W083,243,0.7109826589595376,234,0.2606837606837607
W083,244,0.7635135135135135,190,0.22105263157894736
W083,245,0.723404255319149,414,0.20531400966183574
W083,246,0.7312775330396476,265,0.14339622641509434
W083,247,0.7511961722488039,250,0.164
W083,248,0.7254901960784313,198,0.22727272727272727
W083,249,0.7666666666666667,232,0.22413793103448276
W083,250,0.76,275,0.18181818181818182
W083,251,0.7478632478632479,298,0.21476510067114093
W083,252,0.7777777777777778,261,0.20689655172413793
W083,253,0.6875,237,0.189873417721519
W083,254,0.7251461988304093,221,0.22624434389140272
W083,255,0.7663551401869159,274,0.21897810218978103
W083,256,0.736,155,0.1935483870967742
W083,257,0.7565543071161048,369,0.2764227642276423
W083,258,0.7767857142857143,287,0.21951219512195122
W083,259,0.7727272727272727,259,0.23552123552123552
W083,260,0.7365853658536585,256,0.19921875
W083,261,0.7370689655172413,331,0.2990936555891239
W083,262,0.7647058823529411,265,0.2943396226415094
W083,263,0.7897727272727273,250,0.296
W083,264,0.8114285714285714,228,0.2324561403508772
W083,265,0.7609756097560976,260,0.21153846153846154
W083,266,0.8029556650246306,268,0.24253731343283583
W083,267,0.7444933920704846,289,0.21453287197231835
W083,268,0.7301587301587301,169,0.25443786982248523
W083,269,0.7348066298342542,253,0.2845849802371542
W083,270,0.71,293,0.3174061433447099
W083,271,0.7554585152838428,349,0.3438395415472779
W083,272,0.7291666666666666,131,0.26717557251908397
W083,273,0.7553191489361702,248,0.24193548387096775
W083,274,0.7987012987012987,207,0.2560386473429952
W083,275,0.6727272727272727,148,0.25675675675675674
W083,276,0.7534246575342466,286,0.23426573426573427
W083,277,0.7339449541284404,309,0.29449838187702265
W083,278,0.755868544600939,286,0.25524475524475526
W083,279,0.7361963190184049,232,0.2974137931034483
W083,280,0.7872340425531915,266,0.2932330827067669
W083,281,0.7938144329896907,277,0.2996389891696751
W083,282,0.8035714285714286,87,0.3563218390804598
W083,283,0.7172774869109948,320,0.403125
W083,284,0.8245614035087719,267,0.3595505617977528
W083,285,0.7570093457943925,291,0.2646048109965636
W083,286,0.7692307692307693,232,0.3275862068965517
W083,287,0.7741935483870968,270,0.3111111111111111
W083,288,0.7717391304347826,242,0.2396694214876033
W083,289,0.7422680412371134,266,0.2706766917293233
W083,290,0.7241379310344828,277,0.26714801444043323
W083,291,0.7987616099071208,428,0.24532710280373832
W083,292,0.7452830188679245,271,0.2177121771217712
W083,293,0.7352941176470589,213,0.20187793427230047
W083,294,0.762114537444934,306,0.2581699346405229
W083,295,0.7443181818181818,231,0.23809523809523808
W083,296,0.7514792899408284,235,0.28085106382978725
W083,297,0.6785714285714286,312,0.6410256410256411
W083,298,0.7318840579710145,351,0.21367521367521367
W083,299,0.7788461538461539,259,0.1969111969111969
W083,300,0.77,253,0.20948616600790515
W083,301,0.8,176,0.17613636363636365
W083,302,0.7572815533980582,264,0.2196969696969697
W083,303,0.7156862745098039,273,0.25274725274725274
W083,304,0.7637362637362637,241,0.24481327800829875
W083,305,0.7607655502392344,280,0.25357142857142856
W083,306,0.7777777777777778,289,0.25259515570934254
W083,307,0.7938144329896907,273,0.2893772893772894
W083,308,0.7777777777777778,290,0.28620689655172415
W083,309,0.7450199203187251,370,0.3216216216216216
W083,310,0.781021897810219,167,0.17964071856287425
W083,311,0.757201646090535,302,0.19536423841059603
W083,312,0.8274111675126904,247,0.20242914979757085
W083,313,0.7832699619771863,331,0.2054380664652568
W083,314,0.6590909090909091,194,0.31958762886597936
W083,315,0.7560975609756098,220,0.2545454545454545
W083,316,0.7653631284916201,250,0.284
W083,318,0.6408450704225352,206,0.3106796116504854
W083,319,0.7121951219512195,274,0.2518248175182482
W083,320,0.7475728155339806,286,0.27972027972027974
W083,321,0.7988826815642458,240,0.25416666666666665
W083,322,0.7511111111111111,276,0.18478260869565216
W083,323,0.7393162393162394,295,0.20677966101694914
W083,324,0.75,221,0.27601809954751133
W083,325,0.7938144329896907,360,0.19166666666666668
W083,326,0.7711864406779662,302,0.2185430463576159
W083,327,0.7364620938628159,368,0.24728260869565216
W083,328,0.7556390977443609,309,0.13915857605177995
W083,329,0.7801724137931034,278,0.16546762589928057
W083,330,0.7698744769874477,302,0.20860927152317882
W083,331,0.7573221757322176,286,0.16433566433566432
W083,332,0.675,264,0.24242424242424243
W083,333,0.7568807339449541,273,0.20146520146520147
W083,334,0.7164179104477612,341,0.21407624633431085
W083,335,0.7464387464387464,455,0.22857142857142856
W083,336,0.7678571428571429,362,0.2265193370165746
W083,337,0.7721518987341772,405,0.21975308641975308
W083,338,0.7752808988764045,323,0.17337461300309598
W083,339,0.8216374269005848,437,0.21739130434782608
W083,340,0.78,310,0.1935483870967742
W083,341,0.7920792079207921,355,0.14647887323943662
W083,342,0.8188679245283019,340,0.22058823529411764
W083,343,0.7658730158730159,308,0.18181818181818182
W083,344,0.7209302325581395,71,0.39436619718309857
W083,345,0.7745664739884393,439,0.21184510250569477
W083,346,0.7490494296577946,350,0.24857142857142858
W083,347,0.772093023255814,286,0.24825174825174826
W083,348,0.7913043478260869,144,0.2013888888888889
W083,349,0.7666666666666667,225,0.7333333333333333
W083,350,0.7543859649122807,159,0.6415094339622641
W083,351,0.6216216216216216,162,0.5432098765432098
W083,352,0.6394052044609665,357,0.24649859943977592
W083,353,0.7853881278538812,278,0.21223021582733814
W083,354,0.7814814814814814,352,0.23295454545454544
W083,355,0.81,366,0.18032786885245902
W083,356,0.7827715355805244,328,0.18597560975609756
W083,357,0.7738693467336684,252,0.21031746031746032
W083,358,0.7459016393442623,297,0.17845117845117844
W083,359,0.7780429594272077,475,0.11789473684210526
W083,360,0.7529880478087649,291,0.13745704467353953
W083,361,0.7953667953667953,288,0.10069444444444445
W083,362,0.7879746835443038,374,0.15508021390374332
W083,363,0.7836065573770492,375,0.18666666666666668
W083,364,0.7909604519774012,428,0.17289719626168223
W083,365,0.7682539682539683,377,0.16445623342175067
W083,366,0.7745098039215687,410,0.25365853658536586
W083,367,0.7943262411347518,363,0.2231404958677686
W083,368,0.7788461538461539,258,0.1937984496124031
W083,369,0.7940379403794038,462,0.2012987012987013
W083,370,0.8172413793103448,395,0.26582278481012656
W083,371,0.7801857585139319,401,0.19451371571072318
W083,372,0.7745454545454545,327,0.15902140672782875
W083,373,0.8094170403587444,540,0.17407407407407408
W083,374,0.7773279352226721,320,0.228125
W083,375,0.7777777777777778,424,0.2358490566037736
W083,376,0.7270408163265306,505,0.22376237623762377
W083,377,0.7864077669902912,391,0.20971867007672634
W083,378,0.7931034482758621,368,0.21195652173913043
W083,379,0.8222222222222222,363,0.256198347107438
W083,380,0.8093645484949833,379,0.21108179419525067
W083,381,0.7477744807121661,426,0.20892018779342722
W083,382,0.7650602409638554,436,0.23853211009174313
W083,383,0.7962962962962963,486,0.3333333333333333
W083,384,0.8163934426229508,410,0.25609756097560976
W083,385,0.7969348659003831,345,0.24347826086956523
W083,386,0.7554744525547445,387,0.29198966408268734
W083,387,0.7774086378737541,427,0.29508196721311475
W083,388,0.7870967741935484,422,0.26540284360189575
W083,389,0.8008658008658008,298,0.22483221476510068
W083,390,0.7914110429447853,431,0.24361948955916474
W083,391,0.7763496143958869,533,0.2701688555347092
W083,392,0.803680981595092,429,0.2400932400932401
W083,393,0.8009950248756219,298,0.32550335570469796
W083,394,0.7688172043010753,505,0.2633663366336634
W083,395,0.8095238095238095,377,0.27586206896551724
W083,396,0.7115384615384616,256,0.390625
W083,397,0.7752808988764045,275,0.3527272727272727
W083,398,0.8467153284671532,186,0.26344086021505375
W083,399,0.8045977011494253,119,0.2689075630252101
W083,400,0.7862595419847328,219,0.4018264840182648
W083,401,0.7703180212014135,530,0.4660377358490566
W083,402,0.8065693430656934,416,0.34134615384615385
W083,403,0.782608695652174,380,0.33421052631578946
W083,404,0.8115015974440895,432,0.27546296296296297
W083,405,0.8063063063063063,326,0.31901840490797545
W083,406,0.7529411764705882,380,0.32894736842105265
W083,407,0.7811158798283262,338,0.3106508875739645
W083,408,0.774390243902439,456,0.2807017543859649
W083,409,0.8664122137404581,369,0.2899728997289973
W083,410,0.8218181818181818,406,0.3226600985221675
W083,411,0.8473520249221184,488,0.3422131147540984
W083,412,0.8181818181818182,459,0.30501089324618735
W083,413,0.8011527377521613,511,0.32093933463796476
W083,414,0.7971830985915493,480,0.2604166666666667
W083,415,0.8076923076923077,396,0.2777777777777778
W083,416,0.8596491228070176,495,0.3090909090909091
W083,417,0.8154362416107382,447,0.3333333333333333
W083,418,0.8312236286919831,370,0.35945945945945945
W083,419,0.8418079096045198,279,0.3655913978494624
W083,420,0.8049792531120332,446,0.45964125560538116
W083,421,0.8417721518987342,275,0.4254545454545455
W083,422,0.8403614457831325,519,0.3603082851637765
W083,423,0.8661087866108786,385,0.37922077922077924
W083,424,0.807843137254902,378,0.3253968253968254
W083,425,0.8016304347826086,554,0.33574007220216606
W083,426,0.8006329113924051,478,0.3389121338912134
W083,427,0.8605341246290801,490,0.3122448979591837
W083,428,0.8241042345276873,430,0.28604651162790695
W083,429,0.8041543026706232,463,0.27213822894168466
W083,430,0.7975609756097561,598,0.31438127090301005
W083,431,0.8368794326241135,436,0.3532110091743119
W083,432,0.8290322580645161,466,0.33476394849785407
W083,433,0.8049382716049382,550,0.2636363636363636
W083,434,0.8523489932885906,386,0.22797927461139897
W083,435,0.8383233532934131,455,0.26593406593406593
W083,436,0.8543689320388349,283,0.27208480565371024
W083,437,0.8711864406779661,432,0.31712962962962965
W083,438,0.8363636363636363,257,0.35797665369649806
W083,439,0.8064516129032258,393,0.36895674300254455
W083,440,0.814935064935065,440,0.3
W083,441,0.8512396694214877,335,0.27761194029850744
W083,442,0.8642857142857143,413,0.3220338983050847
W083,443,0.7931034482758621,100,0.42
W083,444,0.8185840707964602,341,0.33724340175953077
W083,445,0.7828282828282829,283,0.3003533568904594
W083,446,0.8393574297188755,356,0.300561797752809
W083,447,0.7957446808510639,375,0.37333333333333335
W083,448,0.8181818181818182,237,0.39662447257383965
W083,449,0.7936507936507936,309,0.3883495145631068
W083,450,0.8072916666666666,283,0.3215547703180212
W083,451,0.7909836065573771,403,0.3945409429280397
W083,452,0.8586956521739131,325,0.4338461538461538
W083,453,0.7903930131004366,421,0.45605700712589076
W083,454,0.8010471204188482,340,0.43823529411764706
W083,455,0.8148148148148148,320,0.325
W083,456,0.8415841584158416,167,0.39520958083832336
W083,457,0.8106796116504854,278,0.2589928057553957
W083,458,0.819078947368421,447,0.319910514541387
W083,459,0.8461538461538461,450,0.30666666666666664
W083,460,0.8415300546448088,277,0.33935018050541516
W083,461,0.8214285714285714,413,0.3220338983050847
W083,462,0.7908163265306123,288,0.3194444444444444
W083,463,0.8308157099697885,506,0.3458498023715415
W083,464,0.8636363636363636,241,0.36099585062240663
W083,465,0.8565891472868217,397,0.3501259445843829
W083,466,0.7722222222222223,258,0.3023255813953488
W083,467,0.8009049773755657,344,0.35755813953488375
W083,468,0.7333333333333333,153,0.4117647058823529
W083,469,0.8181818181818182,67,0.6716417910447762
W083,470,0.7721518987341772,169,0.5325443786982249
W083,471,0.782608695652174,228,0.39473684210526316
W083,472,0.7241379310344828,170,0.3176470588235294
W083,473,0.8140495867768595,476,0.49159663865546216
W083,474,0.7924528301886793,473,0.4397463002114165
W083,475,0.807570977917981,449,0.29398663697104677
W083,476,0.8705882352941177,232,0.2672413793103448
W083,477,0.83,642,0.37694704049844235
W083,478,0.7923875432525952,419,0.31026252983293556
W083,479,0.8095238095238095,402,0.26865671641791045
W083,480,0.7788461538461539,439,0.28929384965831434
W083,481,0.795774647887324,383,0.2584856396866841
W083,482,0.8131147540983606,433,0.2956120092378753
W083,483,0.8249400479616307,582,0.28350515463917525
W083,484,0.7894736842105263,224,0.32142857142857145
W083,485,0.7927272727272727,391,0.2966751918158568
W083,486,0.8220858895705522,247,0.340080971659919
W083,487,0.7854406130268199,375,0.304
W083,488,0.8409090909090909,201,0.34328358208955223
W083,489,0.8666666666666667,57,0.47368421052631576
W083,490,0.7975708502024291,365,0.3232876712328767
W083,491,0.8649789029535865,322,0.2639751552795031
W083,492,0.8035714285714286,375,0.25333333333333335
W083,493,0.7913907284768212,408,0.25980392156862747
W083,494,0.8406779661016949,411,0.2822384428223844
W083,495,0.7763713080168776,327,0.27522935779816515
W083,496,0.8571428571428571,62,0.6612903225806451
W083,497,0.8264150943396227,377,0.29708222811671087
W083,498,0.8586206896551725,400,0.275
W083,499,0.7965517241379311,385,0.24675324675324675
W083,500,0.8208333333333333,333,0.27927927927927926
W083,501,0.8121546961325967,501,0.2774451097804391
W083,502,0.8055555555555556,440,0.2636363636363636
W083,503,0.8049792531120332,329,0.2674772036474164
W083,504,0.8616071428571429,346,0.35260115606936415
W083,505,0.8258426966292135,509,0.3005893909626719
W083,506,0.8565217391304348,313,0.26517571884984026
W083,507,0.8373493975903614,253,0.3438735177865613
W083,508,0.7854545454545454,389,0.2930591259640103
W083,509,0.8533724340175953,418,0.18421052631578946
W083,510,0.8417508417508418,373,0.2037533512064343
W083,511,0.8582375478927203,338,0.22781065088757396
W083,512,0.8354430379746836,413,0.23486682808716708
W083,513,0.8311258278145696,427,0.2927400468384075
W083,514,0.841688654353562,496,0.23588709677419356
W083,515,0.8537313432835821,453,0.26048565121412803
W083,516,0.8360128617363344,398,0.2185929648241206
W083,517,0.8321342925659473,560,0.25535714285714284
W083,518,0.8176470588235294,253,0.32806324110671936
W083,519,0.7891891891891892,247,0.25101214574898784
W083,520,0.8668941979522184,388,0.24484536082474226
W083,521,0.8190045248868778,302,0.2682119205298013
W083,522,0.8506787330316742,318,0.3050314465408805
W083,523,0.8340807174887892,320,0.303125
W083,524,0.8459119496855346,491,0.35234215885947046
W083,525,0.8402777777777778,402,0.2835820895522388
W083,526,0.8174273858921162,310,0.22258064516129034
W083,527,0.8315018315018315,359,0.2395543175487465
W083,528,0.8497267759562842,477,0.23270440251572327
W083,529,0.8805309734513275,309,0.2686084142394822
W083,530,0.8708791208791209,465,0.2172043010752688
W083,531,0.855072463768116,465,0.25806451612903225
W083,532,0.8543307086614174,328,0.22560975609756098
W083,533,0.7912087912087912,237,0.2320675105485232
W083,534,0.8112449799196787,320,0.221875
W083,535,0.8552631578947368,87,0.12643678160919541
W083,536,0.8357771260997068,430,0.2069767441860465
W083,537,0.8541666666666666,329,0.270516717325228
W083,538,0.8739495798319328,439,0.1867881548974943
W083,539,0.8137931034482758,204,0.28921568627450983
W083,540,0.8495575221238938,455,0.2549450549450549
W083,541,0.8676470588235294,292,0.3013698630136986
W083,542,0.8571428571428571,393,0.21628498727735368
W083,543,0.8653846153846154,348,0.25287356321839083
W083,544,0.8769230769230769,271,0.28044280442804426
W083,545,0.746268656716418,131,0.48854961832061067
W083,546,0.7475728155339806,305,0.32459016393442625
W083,547,0.8407407407407408,390,0.3076923076923077
W083,548,0.8440366972477065,301,0.2757475083056478
W083,549,0.8325358851674641,299,0.3010033444816054
W083,550,0.8258706467661692,277,0.2743682310469314
W083,551,0.8606965174129353,292,0.3116438356164384
W083,552,0.8502673796791443,279,0.32974910394265233
W083,553,0.875,295,0.34915254237288135
W083,554,0.869281045751634,253,0.3952569169960474
W083,555,0.9171270718232044,259,0.30115830115830117
W083,556,0.8205128205128205,104,0.25
W083,557,0.8701754385964913,374,0.23796791443850268
W083,558,0.8706896551724138,322,0.2795031055900621
W083,559,0.8533333333333334,421,0.4655581947743468
W083,560,0.7777777777777778,220,0.38636363636363635
W083,561,0.8333333333333334,319,0.30407523510971785
W083,562,0.8072289156626506,257,0.3540856031128405
W083,563,0.8502415458937198,306,0.3235294117647059
W083,564,0.8,231,0.329004329004329
W083,565,0.8465608465608465,284,0.3345070422535211
W083,566,0.8384615384615385,354,0.2655367231638418
W083,567,0.7852760736196319,255,0.3607843137254902
W083,568,0.8713450292397661,252,0.32142857142857145
W083,569,0.8802083333333334,288,0.3333333333333333
W083,570,0.8679245283018868,90,0.4111111111111111
W083,571,0.8377358490566038,402,0.3407960199004975
W083,572,0.8539823008849557,332,0.3192771084337349
W083,573,0.8310626702997275,495,0.2585858585858586
W083,574,0.8716577540106952,264,0.2916666666666667
W083,575,0.8325123152709359,333,0.39039039039039036
W083,576,0.8895027624309392,536,0.3246268656716418
W083,577,0.8830409356725146,417,0.17985611510791366
W083,578,0.871313672922252,496,0.24798387096774194
W083,579,0.88,337,0.258160237388724
W083,580,0.8434959349593496,675,0.27111111111111114
W083,581,0.8741092636579573,545,0.22752293577981653
W083,582,0.8767441860465116,614,0.2996742671009772
W083,583,0.8726851851851852,556,0.22302158273381295
W083,584,0.8584905660377359,285,0.256140350877193
W083,585,0.8687089715536105,632,0.27689873417721517
W083,586,0.8530927835051546,521,0.255278310940499
W083,587,0.8838174273858921,676,0.2869822485207101
W083,588,0.8790123456790123,552,0.266304347826087
W083,589,0.8785425101214575,634,0.22082018927444794
W083,590,0.8921161825726142,563,0.1438721136767318
W083,591,0.8601134215500945,617,0.1426256077795786
W083,592,0.8931623931623932,573,0.18324607329842932
W083,593,0.8888888888888888,529,0.166351606805293
W083,594,0.8923444976076556,547,0.23583180987202926
W083,595,0.8883495145631068,498,0.17269076305220885
W083,596,0.8930957683741648,579,0.22452504317789293
W083,597,0.8609958506224067,600,0.19666666666666666
W083,598,0.9097938144329897,486,0.20164609053497942
W083,599,0.8703703703703703,692,0.21965317919075145
W083,600,0.888631090487239,566,0.23851590106007067
W083,601,0.9168591224018475,609,0.2889983579638752
W083,602,0.8911111111111111,625,0.28
W083,603,0.9090909090909091,590,0.2542372881355932
W083,604,0.8436293436293436,692,0.2514450867052023
W083,605,0.8390804597701149,562,0.3807829181494662
W083,606,0.8366890380313199,699,0.3605150214592275
W083,607,0.8903061224489796,686,0.42857142857142855
W083,608,0.8686131386861314,636,0.35377358490566035
W083,609,0.8365384615384616,545,0.42752293577981654
W083,610,0.8732718894009217,684,0.3654970760233918
W083,611,0.8762376237623762,630,0.35873015873015873
W083,612,0.8464566929133859,823,0.3827460510328068
W083,613,0.8825065274151436,583,0.34305317324185247
W083,614,0.8009478672985783,513,0.5886939571150097
W083,615,0.826271186440678,825,0.42787878787878786
W083,616,0.8288770053475936,599,0.3756260434056761
W083,617,0.8564476885644768,683,0.39824304538799415
W083,618,0.8385744234800838,821,0.4190012180267966
W083,619,0.8381742738589212,728,0.33791208791208793
W083,620,0.8465804066543438,872,0.3795871559633027
W083,621,0.8725490196078431,686,0.40524781341107874
W083,622,0.8444846292947559,840,0.3416666666666667
W083,623,0.8090452261306532,650,0.38769230769230767
W083,624,0.8304093567251462,555,0.3837837837837838
W083,625,0.8333333333333334,598,0.43812709030100333
W083,626,0.8608058608058609,492,0.4451219512195122
W083,627,0.817910447761194,692,0.5158959537572254
W083,628,0.8469387755102041,803,0.38978829389788294
W083,629,0.8436781609195402,721,0.39667128987517336
W083,630,0.8259911894273128,760,0.4026315789473684
W083,631,0.8446808510638298,868,0.45852534562211983
W083,632,0.8464730290456431,846,0.4302600472813239
W083,633,0.8238805970149253,678,0.5058997050147492
W083,634,0.8455445544554455,921,0.4516829533116178
W083,635,0.8565022421524664,735,0.39319727891156464
W083,636,0.8553459119496856,821,0.4190012180267966
W083,637,0.8072289156626506,811,0.38594327990135635
W083,638,0.8441814595660749,778,0.34832904884318766
W083,639,0.8255578093306288,782,0.3695652173913043
W083,640,0.8300536672629696,937,0.4034151547491996
W083,641,0.8188539741219963,944,0.4269067796610169
W083,642,0.8793969849246231,397,0.4987405541561713
W083,643,0.8185745140388769,877,0.47206385404789053
W083,644,0.8074656188605108,818,0.37775061124694376
W083,645,0.7963386727688787,859,0.4912689173457509
W083,646,0.7670103092783506,1125,0.5688888888888889
W083,647,0.8436781609195402,813,0.46494464944649444
W083,648,0.7852882703777336,890,0.4348314606741573
W083,649,0.8592436974789915,863,0.4484356894553882
W083,650,0.8295454545454546,830,0.46987951807228917
W083,651,0.8069815195071869,988,0.507085020242915
W083,652,0.8458646616541353,565,0.5292035398230088
W083,653,0.804642166344294,1143,0.5476815398075241
W083,654,0.8435114503816794,526,0.5019011406844106
W083,655,0.8232931726907631,521,0.5220729366602687
W083,656,0.8194945848375451,600,0.5383333333333333
W083,657,0.8157894736842105,481,0.525987525987526
W083,658,0.8189415041782729,698,0.48567335243553006
W083,659,0.8386167146974063,642,0.45950155763239875
W083,660,0.8263888888888888,794,0.45591939546599497
W083,661,0.8013392857142857,819,0.452991452991453
W083,662,0.843687374749499,1016,0.5088582677165354
W083,663,0.8221343873517787,976,0.48155737704918034
W083,664,0.8202247191011236,490,0.45510204081632655
W083,665,0.8262806236080178,977,0.5404298874104401
W083,666,0.8222698072805139,968,0.5175619834710744
W083,667,0.7980997624703088,952,0.5577731092436975
W083,668,0.8184019370460048,879,0.5301478953356087
W083,669,0.8373205741626795,791,0.4715549936788875
W083,670,0.820675105485232,883,0.46319365798414497
W083,671,0.835509138381201,759,0.49538866930171277
W083,672,0.8181818181818182,860,0.5011627906976744
W083,673,0.8461538461538461,921,0.4495114006514658
W083,674,0.8236559139784946,945,0.5079365079365079
W083,675,0.8272727272727273,609,0.458128078817734
W083,676,0.8326086956521739,917,0.4983642311886587
W083,677,0.8336980306345733,797,0.42659974905897113
W083,678,0.8202764976958525,750,0.42133333333333334
W083,679,0.8344827586206897,786,0.44656488549618323
W083,680,0.8065217391304348,828,0.4444444444444444
W083,681,0.8267045454545454,682,0.4838709677419355
W083,682,0.8108695652173913,811,0.43279901356350187
W083,683,0.8422090729783037,1023,0.5043988269794721
W083,684,0.841025641025641,716,0.4553072625698324
W083,685,0.8397129186602871,899,0.5350389321468298
W083,686,0.8008565310492506,988,0.5273279352226721
W083,687,0.8064516129032258,880,0.4715909090909091
W083,688,0.7987987987987988,740,0.55
W088,196,0.7692307692307693,137,0.145985401459854
W088,197,0.7699115044247787,136,0.16911764705882354
W088,198,0.7346938775510204,171,0.14035087719298245
W088,199,0.7307692307692307,175,0.10857142857142857
W088,200,0.75,232,0.15517241379310345
W088,201,0.7037037037037037,95,0.14736842105263157
W088,202,0.7933333333333333,179,0.16201117318435754
W088,203,0.7395833333333334,110,0.12727272727272726
W088,204,0.7235772357723578,137,0.10218978102189781
W088,205,0.7358490566037735,193,0.17616580310880828
W088,206,0.7222222222222222,148,0.14864864864864866
W088,207,0.7473684210526316,117,0.18803418803418803
W088,208,0.7363636363636363,254,0.13385826771653545
W088,209,0.7929292929292929,237,0.16455696202531644
W088,210,0.7910447761194029,154,0.12987012987012986
W088,211,0.7902097902097902,194,0.26288659793814434
W088,212,0.7632508833922261,350,0.19142857142857142
W088,213,0.8191489361702128,230,0.1826086956521739
W088,214,0.8012820512820513,190,0.17894736842105263
W088,215,0.7890625,171,0.25146198830409355
W088,216,0.7616279069767442,223,0.22869955156950672
W088,217,0.813953488372093,156,0.17307692307692307
W088,218,0.7664670658682635,193,0.13471502590673576
W088,219,0.7593582887700535,237,0.2109704641350211
W088,220,0.7317073170731707,249,0.17670682730923695
W088,221,0.764102564102564,234,0.16666666666666666
W088,222,0.7591036414565826,404,0.11633663366336634
W088,223,0.751412429378531,212,0.1650943396226415
W088,224,0.8057851239669421,280,0.1357142857142857
W088,225,0.798219584569733,409,0.17603911980440098
W088,226,0.7853658536585366,230,0.10869565217391304
W088,227,0.7469879518072289,191,0.13089005235602094
W088,228,0.8025210084033614,277,0.1407942238267148
W088,229,0.7425149700598802,199,0.16080402010050251
W088,230,0.6444444444444445,122,0.26229508196721313
W088,231,0.7819148936170213,239,0.21338912133891214
W088,232,0.8028169014084507,255,0.16470588235294117
W088,233,0.7448979591836735,232,0.15517241379310345
W088,234,0.8226950354609929,151,0.06622516556291391
W088,235,0.7766323024054983,355,0.18028169014084508
W088,236,0.7808219178082192,167,0.12574850299401197
W088,237,0.86,69,0.2753623188405797
W088,238,0.8193832599118943,257,0.11673151750972763
W088,239,0.7657342657342657,336,0.1488095238095238
W088,240,0.7580645161290323,214,0.1308411214953271
W088,241,0.7982456140350878,291,0.21649484536082475
W088,242,0.7669902912621359,501,0.17764471057884232
W088,243,0.8321917808219178,334,0.12574850299401197
W088,244,0.8,53,0.24528301886792453
W088,245,0.76,236,0.15254237288135594
W088,246,0.7932692307692307,240,0.13333333333333333
W088,247,0.7785977859778598,326,0.1687116564417178
W088,248,0.7590361445783133,192,0.13541666666666666
W088,249,0.8285714285714286,218,0.19724770642201836
W088,250,0.8095238095238095,144,0.125
W088,251,0.8181818181818182,267,0.1348314606741573
W088,252,0.8388278388278388,335,0.18507462686567164
W088,253,0.7883597883597884,473,0.20084566596194503
W088,254,0.7417582417582418,210,0.13333333333333333
W088,255,0.8206896551724138,186,0.22043010752688172
W088,256,0.7818930041152263,279,0.12903225806451613
W088,257,0.7695852534562212,258,0.15891472868217055
W088,258,0.8083832335329342,198,0.15656565656565657
W088,259,0.7941176470588235,248,0.1774193548387097
W088,260,0.8043478260869565,220,0.16363636363636364
W088,261,0.7889447236180904,475,0.16210526315789472
W088,262,0.8109965635738832,345,0.1565217391304348
W088,263,0.8,115,0.17391304347826086
W088,264,0.7291666666666666,168,0.14285714285714285
W088,265,0.7529411764705882,109,0.22018348623853212
W088,266,0.8208092485549133,209,0.1722488038277512
W088,267,0.7962962962962963,305,0.11475409836065574
W088,268,0.8211920529801324,352,0.14204545454545456
W088,270,0.7680412371134021,243,0.20164609053497942
W088,271,0.7662337662337663,197,0.2182741116751269
W088,272,0.8235294117647058,157,0.1337579617834395
W088,273,0.8113207547169812,196,0.18877551020408162
W088,274,0.8348623853211009,290,0.2482758620689655
W088,275,0.7888198757763976,210,0.23333333333333334
W088,276,0.764367816091954,217,0.19815668202764977
W088,277,0.8015873015873016,151,0.16556291390728478
W088,278,0.784688995215311,250,0.164
W088,279,0.8118279569892473,228,0.18421052631578946
W088,280,0.7925531914893617,237,0.20675105485232068
W088,281,0.8086124401913876,267,0.21722846441947566
W088,282,0.8024691358024691,202,0.19801980198019803
W088,283,0.7861271676300579,225,0.2311111111111111
W088,284,0.7545454545454545,142,0.22535211267605634
W088,285,0.793918918918919,392,0.24489795918367346
W088,286,0.8187919463087249,376,0.2074468085106383
W088,287,0.8314606741573034,336,0.20535714285714285
W088,288,0.8057142857142857,423,0.17257683215130024
W088,289,0.7925170068027211,343,0.14285714285714285
W088,290,0.8020304568527918,245,0.19591836734693877
W088,291,0.8162544169611308,345,0.17971014492753623
W088,292,0.8494208494208494,314,0.1751592356687898
W088,293,0.7785714285714286,167,0.16167664670658682
W088,294,0.8037037037037037,322,0.16149068322981366
W088,295,0.791907514450867,439,0.21184510250569477
W088,296,0.7872340425531915,450,0.16444444444444445
W088,297,0.7814814814814814,334,0.19161676646706588
W088,298,0.7853107344632768,435,0.18620689655172415
W088,299,0.7857142857142857,379,0.1503957783641161
W088,300,0.8297297297297297,435,0.14942528735632185
W088,301,0.7922848664688428,391,0.13810741687979539
W088,302,0.8096676737160121,391,0.1534526854219949
W088,303,0.8421052631578947,335,0.20597014925373133
W088,304,0.7970149253731343,392,0.14540816326530612
W088,306,0.8371335504885994,366,0.16120218579234974
W088,307,0.7822085889570553,399,0.18295739348370926
W088,308,0.829971181556196,407,0.14742014742014742
W088,309,0.7672413793103449,270,0.14074074074074075
W088,310,0.8395061728395061,458,0.11572052401746726
W088,311,0.7142857142857143,219,0.3287671232876712
W088,312,0.8099173553719008,155,0.21935483870967742
W088,313,0.7380952380952381,315,0.2
W088,314,0.7743055555555556,376,0.23404255319148937
W088,315,0.7672413793103449,269,0.137546468401487
W088,316,0.8165938864628821,278,0.17625899280575538
W088,317,0.8164383561643835,461,0.20824295010845986
W088,318,0.7802197802197802,241,0.24481327800829875
W088,319,0.86,141,0.2907801418439716
W088,320,0.7702702702702703,374,0.20855614973262032
W088,321,0.8006042296072508,424,0.21933962264150944
W088,322,0.7941176470588235,374,0.18181818181818182
W088,323,0.7473684210526316,339,0.1592920353982301
W088,324,0.8076923076923077,293,0.20136518771331058
W088,325,0.7746478873239436,443,0.1986455981941309
W088,326,0.8301369863013699,437,0.16475972540045766
W088,327,0.7852760736196319,375,0.13066666666666665
W088,328,0.8353808353808354,492,0.17276422764227642
W088,329,0.8451327433628318,292,0.22602739726027396
W088,330,0.7783251231527094,254,0.20078740157480315
W088,331,0.7966903073286052,502,0.15737051792828685
W088,332,0.7910447761194029,394,0.14974619289340102
W088,333,0.8164556962025317,374,0.15508021390374332
W088,334,0.7222222222222222,303,0.22772277227722773
W088,335,0.7545454545454545,288,0.2361111111111111
W088,336,0.8478260869565217,188,0.26595744680851063
W088,337,0.7866108786610879,296,0.19256756756756757
W088,338,0.7946768060836502,348,0.2442528735632184
W088,339,0.7766323024054983,342,0.14912280701754385
W088,340,0.8042704626334519,337,0.1661721068249258
W088,341,0.7988165680473372,409,0.17359413202933985
W088,342,0.7968337730870713,435,0.12873563218390804
W088,343,0.7875,296,0.1891891891891892
W088,344,0.7896103896103897,460,0.16304347826086957
W088,345,0.7875,386,0.17098445595854922
W088,346,0.8347107438016529,416,0.12740384615384615
W088,347,0.7896825396825397,309,0.18446601941747573
W088,348,0.777511961722488,485,0.13814432989690723
W088,349,0.7584097859327217,409,0.20048899755501223
W088,350,0.7982062780269058,525,0.15047619047619049
W088,351,0.8097251585623678,565,0.16283185840707964
W088,352,0.7832369942196532,418,0.1722488038277512
W088,353,0.794425087108014,346,0.17052023121387283
W088,354,0.8,456,0.1118421052631579
W088,355,0.8534278959810875,527,0.19734345351043645
W088,356,0.833729216152019,503,0.16302186878727634
W088,357,0.8017492711370262,433,0.20785219399538107
W088,358,0.7115384615384616,151,0.31125827814569534
W088,359,0.7492163009404389,387,0.17571059431524547
W088,360,0.825503355704698,188,0.2074468085106383
W088,361,0.7888888888888889,115,0.21739130434782608
W088,362,0.7789757412398922,431,0.13921113689095127
W088,363,0.7817679558011049,430,0.15813953488372093
W088,364,0.7962962962962963,259,0.16602316602316602
W088,365,0.8235294117647058,335,0.1880597014925373
W088,366,0.7423728813559322,364,0.18956043956043955
W088,367,0.8410852713178295,310,0.16774193548387098
W088,368,0.7763157894736842,366,0.16939890710382513
W088,369,0.7701612903225806,300,0.17333333333333334
W088,370,0.7903225806451613,317,0.21766561514195584
W088,371,0.8032786885245902,367,0.16893732970027248
W088,372,0.7782258064516129,299,0.1705685618729097
W088,373,0.7939560439560439,441,0.1746031746031746
W088,374,0.7924944812362031,512,0.115234375
W088,375,0.7694704049844237,379,0.15303430079155672
W088,376,0.8136792452830188,491,0.1364562118126273
W088,377,0.8387096774193549,404,0.15594059405940594
W088,378,0.8105263157894737,331,0.13897280966767372
W088,379,0.8167202572347267,345,0.09855072463768116
W088,380,0.8192771084337349,490,0.15306122448979592
W088,381,0.8657718120805369,194,0.23195876288659795
W088,382,0.7967332123411979,639,0.13771517996870108
W088,383,0.7850467289719626,133,0.19548872180451127
W088,384,0.8028571428571428,419,0.16467780429594273
W088,385,0.8320209973753281,421,0.09501187648456057
W088,386,0.8031914893617021,230,0.1826086956521739
W088,387,0.8099173553719008,555,0.12792792792792793
W088,388,0.7885196374622356,385,0.14025974025974025
W088,389,0.7931873479318735,482,0.14730290456431536
W088,390,0.8324468085106383,443,0.15124153498871332
W088,391,0.8247191011235955,498,0.10642570281124498
W088,392,0.7871396895787139,529,0.14744801512287334
W088,393,0.8086253369272237,431,0.13921113689095127
W088,394,0.7554347826086957,458,0.1965065502183406
W088,395,0.8464052287581699,351,0.1282051282051282
W088,396,0.7932960893854749,419,0.14558472553699284
W088,397,0.8102189781021898,340,0.19411764705882353
W088,398,0.7888198757763976,388,0.17010309278350516
W088,399,0.8186666666666667,446,0.1591928251121076
W088,400,0.7986111111111112,342,0.15789473684210525
W088,401,0.8066666666666666,175,0.14285714285714285
W088,402,0.7835497835497836,535,0.13644859813084112
W088,403,0.7907801418439716,315,0.10476190476190476
W088,404,0.84688995215311,279,0.25089605734767023
W088,405,0.717391304347826,69,0.3333333333333333
W088,406,0.8016528925619835,162,0.25308641975308643
W088,407,0.8395522388059702,311,0.1382636655948553
W088,408,0.8143939393939394,316,0.16455696202531644
W088,409,0.8528301886792453,304,0.12828947368421054
W088,410,0.8108108108108109,305,0.15081967213114755
W088,411,0.7709923664122137,175,0.25142857142857145
W088,412,0.8177777777777778,274,0.17883211678832117
W088,413,0.784688995215311,247,0.15384615384615385
W088,414,0.809322033898305,266,0.11278195488721804
W088,415,0.7926267281105991,268,0.19029850746268656
W088,416,0.8200692041522492,342,0.15497076023391812
W088,417,0.8093385214007782,297,0.13468013468013468
W088,418,0.7786259541984732,152,0.13815789473684212
W088,419,0.744,152,0.17763157894736842
W088,420,0.84251968503937,318,0.20125786163522014
W088,421,0.7961165048543689,241,0.14522821576763487
W088,422,0.8243243243243243,344,0.13953488372093023
W088,423,0.7991452991452992,275,0.14909090909090908
W088,424,0.7707006369426752,190,0.1736842105263158
W088,425,0.8561151079136691,165,0.15757575757575756
W088,426,0.8095238095238095,349,0.15759312320916904
W088,427,0.875,165,0.17575757575757575
W088,428,0.7604166666666666,132,0.2727272727272727
W088,429,0.7027027027027027,68,0.45588235294117646
W088,431,0.780952380952381,135,0.2222222222222222
W088,432,0.6707317073170732,111,0.26126126126126126
W088,433,0.7317073170731707,107,0.2336448598130841
W088,434,0.7932960893854749,446,0.19730941704035873
W088,435,0.7799442896935933,403,0.10918114143920596
W088,436,0.8206521739130435,426,0.13615023474178403
W088,437,0.7839506172839507,369,0.12195121951219512
W088,438,0.8103448275862069,203,0.14285714285714285
W088,439,0.7885572139303483,504,0.20238095238095238
W088,440,0.7734939759036145,511,0.18786692759295498
W088,441,0.771513353115727,386,0.12694300518134716
W088,442,0.8480176211453745,498,0.08835341365461848
W088,443,0.8014184397163121,342,0.17543859649122806
W088,444,0.8408071748878924,528,0.1553030303030303
W088,445,0.8208333333333333,553,0.13200723327305605
W088,446,0.8444444444444444,406,0.22413793103448276
W088,447,0.7694369973190348,429,0.13053613053613053
W088,448,0.8060453400503779,452,0.12168141592920353
W088,449,0.75,301,0.1893687707641196
W088,450,0.6666666666666666,117,0.8205128205128205
W088,452,0.753731343283582,223,0.3991031390134529
W088,453,0.8027681660899654,352,0.17897727272727273
W088,454,0.7896551724137931,339,0.14454277286135694
W088,455,0.778816199376947,367,0.12534059945504086
W088,456,0.7956989247311828,334,0.16467065868263472
W088,457,0.8175824175824176,528,0.13825757575757575
W088,458,0.85,86,0.3023255813953488
W088,459,0.7788461538461539,408,0.23529411764705882
W088,460,0.8278008298755186,556,0.13309352517985612
W088,461,0.8118811881188119,365,0.16986301369863013
W088,462,0.7970588235294118,400,0.15
W088,463,0.863905325443787,607,0.16474464579901152
W088,464,0.8257575757575758,635,0.16850393700787403
W088,465,0.8666666666666667,104,0.1346153846153846
W088,466,0.8088888888888889,268,0.16044776119402984
W088,467,0.8123791102514507,585,0.11623931623931624
W088,468,0.8214285714285714,569,0.11423550087873462
W088,469,0.8235294117647058,203,0.1625615763546798
W088,470,0.7896825396825397,291,0.13402061855670103
W088,471,0.8210526315789474,449,0.15367483296213807
W088,472,0.8095238095238095,619,0.1518578352180937
W088,473,0.7965738758029979,569,0.17926186291739896
W088,474,0.8114143920595533,506,0.20355731225296442
W088,475,0.7839721254355401,407,0.29484029484029484
W088,476,0.8144578313253013,550,0.24545454545454545
W088,477,0.8609625668449198,439,0.1480637813211845
W088,478,0.8195121951219512,523,0.21606118546845124
W088,479,0.8674948240165632,585,0.17435897435897435
W088,480,0.7520325203252033,313,0.21405750798722045
W088,481,0.8096514745308311,449,0.16926503340757237
W088,482,0.8062015503875969,488,0.2069672131147541
W088,483,0.8240740740740741,535,0.1925233644859813
W088,484,0.8433179723502304,273,0.20512820512820512
W088,485,0.7934508816120907,531,0.2523540489642185
W088,486,0.8027522935779816,537,0.18808193668528864
W088,487,0.7873754152823921,389,0.2262210796915167
W088,488,0.8351351351351352,437,0.15331807780320367
W088,489,0.8275862068965517,505,0.19603960396039605
W088,490,0.8220140515222483,518,0.17567567567567569
W088,491,0.841541755888651,528,0.11553030303030302
W088,492,0.8433734939759037,415,0.2
W088,493,0.8447837150127226,493,0.2028397565922921
W088,494,0.8213166144200627,410,0.22195121951219512
W088,495,0.8054298642533937,287,0.22996515679442509
W088,496,0.8283582089552238,508,0.20866141732283464
W088,497,0.8210526315789474,117,0.18803418803418803
W088,498,0.8344827586206897,528,0.17613636363636365
W088,499,0.8165680473372781,209,0.19138755980861244
W088,500,0.8176895306859205,667,0.16941529235382308
W088,501,0.7,155,0.22580645161290322
W088,502,0.8085585585585585,557,0.20287253141831238
W088,503,0.8033707865168539,442,0.19457013574660634
W088,504,0.8189655172413793,436,0.2018348623853211
W088,505,0.7904761904761904,170,0.38235294117647056
W088,506,0.7914438502673797,240,0.22083333333333333
W088,507,0.7741935483870968,116,0.46551724137931033
W088,508,0.772972972972973,257,0.2801556420233463
W088,509,0.8054054054054054,249,0.2570281124497992
W088,510,0.7918552036199095,273,0.19047619047619047
W088,511,0.8581560283687943,189,0.25396825396825395
W088,512,0.7615894039735099,208,0.27403846153846156
W088,513,0.8264150943396227,352,0.2471590909090909
W088,514,0.856,294,0.14965986394557823
W088,515,0.8389513108614233,358,0.2541899441340782
W088,516,0.8391304347826087,310,0.25806451612903225
W088,517,0.8465116279069768,309,0.3042071197411003
W088,518,0.8206896551724138,338,0.14201183431952663
W088,519,0.8467741935483871,310,0.2
W088,520,0.7956521739130434,286,0.1958041958041958
W088,521,0.8278388278388278,339,0.19469026548672566
W088,522,0.7755905511811023,308,0.17532467532467533
W088,523,0.7722007722007722,321,0.19314641744548286
W088,524,0.7711267605633803,341,0.16715542521994134
W088,525,0.8285714285714286,243,0.27983539094650206
W088,526,0.7909836065573771,345,0.2927536231884058
W088,527,0.7873134328358209,349,0.23209169054441262
W088,528,0.8054474708171206,324,0.20679012345679013
W088,529,0.7844827586206896,191,0.39267015706806285
W088,530,0.8909090909090909,171,0.3567251461988304
W088,531,0.8264642082429501,622,0.25884244372990356
W088,532,0.8088235294117647,97,0.29896907216494845
W088,533,0.820040899795501,647,0.24420401854714066
W088,534,0.7537878787878788,342,0.22807017543859648
W088,535,0.8386411889596603,583,0.19210977701543738
W088,536,0.8258928571428571,553,0.189873417721519
W088,537,0.8262411347517731,384,0.265625
W088,538,0.7724719101123596,566,0.3710247349823322
W088,539,0.8190954773869347,565,0.29557522123893804
W088,540,0.7350649350649351,593,0.35075885328836426
W088,541,0.804,409,0.38875305623471884
W088,542,0.7558823529411764,602,0.43521594684385384
W088,543,0.6645569620253164,307,0.48534201954397393
W088,544,0.6556016597510373,393,0.38676844783715014
W088,545,0.62,208,0.5192307692307693
W089,128,0.7538461538461538,296,0.12162162162162163
W089,129,0.717948717948718,256,0.0859375
W089,130,0.7737226277372263,160,0.14375
W089,131,0.7564102564102564,167,0.0658682634730539
W089,132,0.6748466257668712,188,0.13297872340425532
W089,133,0.7470588235294118,180,0.05555555555555555
W089,134,0.7294117647058823,192,0.11458333333333333
W089,135,0.7708333333333334,223,0.13901345291479822
W089,136,0.7451737451737451,294,0.11904761904761904
W089,137,0.8164556962025317,176,0.10227272727272728
W089,138,0.7047619047619048,231,0.09090909090909091
W089,139,0.6996047430830039,286,0.11538461538461539
W089,140,0.705607476635514,241,0.11203319502074689
W089,141,0.7695652173913043,248,0.07258064516129033
W089,142,0.8098591549295775,158,0.10126582278481013
W089,143,0.7306501547987616,352,0.08238636363636363
W089,144,0.7058823529411765,73,0.0684931506849315
W089,145,0.7389705882352942,310,0.12258064516129032
W089,146,0.7631578947368421,164,0.07317073170731707
W089,147,0.7692307692307693,241,0.08298755186721991
W089,148,0.7923076923076923,150,0.13333333333333333
W089,149,0.7354838709677419,170,0.08823529411764706
W089,150,0.6894977168949772,237,0.0759493670886076
W089,151,0.7477477477477478,254,0.12598425196850394
W089,152,0.7473684210526316,220,0.13636363636363635
W089,153,0.7649769585253456,257,0.1556420233463035
W089,154,0.7857142857142857,226,0.07079646017699115
W089,155,0.7699115044247787,128,0.1171875
W089,156,0.7264957264957265,129,0.09302325581395349
W089,157,0.7945945945945946,200,0.075
W089,158,0.75,174,0.12643678160919541
W089,159,0.7988165680473372,188,0.10106382978723404
W089,160,0.7482517482517482,166,0.13855421686746988
W089,161,0.7814207650273224,200,0.085
W089,162,0.7623762376237624,227,0.11013215859030837
W089,163,0.7659574468085106,206,0.08737864077669903
W089,164,0.777027027027027,178,0.16853932584269662
W089,165,0.6727272727272727,127,0.13385826771653545
W089,166,0.7574257425742574,222,0.09009009009009009
W089,167,0.679144385026738,203,0.07881773399014778
W089,168,0.7523809523809524,253,0.16996047430830039
W089,169,0.8125,175,0.08571428571428572
W089,170,0.7268722466960352,273,0.1684981684981685
W089,171,0.7289377289377289,339,0.19469026548672566
W089,172,0.732484076433121,191,0.17801047120418848
W089,173,0.7889908256880734,122,0.10655737704918032
W089,174,0.7692307692307693,188,0.10106382978723404
W089,175,0.7661691542288557,228,0.11842105263157894
W089,176,0.8547486033519553,191,0.06282722513089005
W089,177,0.7581699346405228,175,0.12571428571428572
W089,178,0.7411167512690355,218,0.0963302752293578
W089,179,0.8050847457627118,279,0.15412186379928317
W089,180,0.7805907172995781,265,0.10566037735849057
W089,181,0.7564575645756457,318,0.14779874213836477
W089,182,0.8086642599277978,302,0.08278145695364239
W089,183,0.7619047619047619,205,0.18048780487804877
W089,184,0.782608695652174,187,0.13903743315508021
W089,185,0.7101449275362319,240,0.1375
W089,186,0.6530612244897959,100,0.51
W089,187,0.6850828729281768,245,0.2612244897959184
W089,188,0.7205882352941176,243,0.16049382716049382
W089,189,0.7159533073929961,285,0.09824561403508772
W089,190,0.7349397590361446,184,0.09782608695652174
W089,191,0.7751479289940828,192,0.11979166666666667
W089,192,0.717391304347826,212,0.1320754716981132
W089,193,0.7616580310880829,225,0.14222222222222222
W089,194,0.8043478260869565,160,0.1375
W089,195,0.766798418972332,301,0.15946843853820597
W089,196,0.7804878048780488,50,0.18
W089,197,0.7470588235294118,197,0.13705583756345177
W089,198,0.7440476190476191,215,0.2186046511627907
W089,199,0.7464788732394366,170,0.16470588235294117
W089,200,0.7650273224043715,213,0.14084507042253522
W089,201,0.7574468085106383,262,0.10305343511450382
W089,202,0.7912087912087912,111,0.18018018018018017
W089,203,0.7287234042553191,234,0.19658119658119658
W089,204,0.75,182,0.16483516483516483
W089,205,0.7705882352941177,211,0.1943127962085308
W089,206,0.7671232876712328,264,0.17045454545454544
W089,207,0.7837837837837838,147,0.4965986394557823
W089,208,0.7747747747747747,140,0.20714285714285716
W089,209,0.7658402203856749,420,0.1357142857142857
W089,210,0.8014440433212996,314,0.1178343949044586
W089,211,0.7692307692307693,266,0.12030075187969924
W089,212,0.7436974789915967,263,0.09505703422053231
W089,213,0.7626112759643917,393,0.14249363867684478
W089,214,0.7516556291390728,351,0.1396011396011396
W089,215,0.8018018018018018,255,0.12941176470588237
W089,216,0.7980295566502463,229,0.11353711790393013
W089,217,0.7794117647058824,230,0.11304347826086956
W089,218,0.8277777777777777,203,0.11330049261083744
W089,219,0.75,200,0.12
W089,220,0.7193675889328063,290,0.12758620689655173
W089,221,0.7569060773480663,418,0.1339712918660287
W089,222,0.7535714285714286,319,0.12225705329153605
W089,223,0.7372262773722628,305,0.10163934426229508
W089,224,0.7567567567567568,255,0.12941176470588237
W089,225,0.7094972067039106,209,0.14354066985645933
W089,226,0.803030303030303,165,0.2
W089,227,0.7463414634146341,231,0.11255411255411256
W089,228,0.7373737373737373,106,0.0660377358490566
W089,229,0.7613168724279835,283,0.1413427561837456
W089,230,0.7986577181208053,157,0.050955414012738856
W089,231,0.8351063829787234,217,0.1336405529953917
W089,232,0.7277777777777777,218,0.1743119266055046
W089,233,0.7638888888888888,253,0.14624505928853754
W089,234,0.7962962962962963,332,0.18674698795180722
W089,235,0.7806451612903226,180,0.1388888888888889
W089,236,0.7710280373831776,264,0.1893939393939394
W089,237,0.6821192052980133,176,0.14204545454545456
W089,238,0.801980198019802,122,0.1721311475409836
W089,239,0.7159533073929961,309,0.16828478964401294
W089,240,0.7527272727272727,344,0.2005813953488372
W089,241,0.7277777777777777,204,0.11764705882352941
W089,242,0.7373737373737373,227,0.1277533039647577
W089,243,0.7591623036649214,228,0.16228070175438597
W089,244,0.7837837837837838,217,0.14746543778801843
W089,245,0.7037037037037037,95,0.14736842105263157
W089,246,0.780952380952381,236,0.11016949152542373
W089,247,0.7584269662921348,205,0.13170731707317074
W089,248,0.7675276752767528,306,0.11437908496732026
W089,249,0.7703703703703704,152,0.1118421052631579
W089,250,0.7658227848101266,177,0.10734463276836158
W089,251,0.8037383177570093,123,0.13008130081300814
W089,252,0.7459016393442623,282,0.1347517730496454
W089,253,0.7699530516431925,246,0.13414634146341464
W089,254,0.7408759124087592,315,0.13015873015873017
W089,255,0.7918552036199095,245,0.09795918367346938
W089,256,0.8363636363636363,143,0.23076923076923078
W089,257,0.7424242424242424,246,0.1951219512195122
W089,258,0.8286852589641435,300,0.16333333333333333
W089,259,0.8181818181818182,223,0.11210762331838565
W089,260,0.7631578947368421,212,0.10377358490566038
W089,261,0.7806451612903226,178,0.12921348314606743
W089,262,0.7275362318840579,403,0.14392059553349876
W089,263,0.825,88,0.09090909090909091
W089,264,0.7927927927927928,255,0.12941176470588237
W089,265,0.7471698113207547,324,0.18209876543209877
W089,266,0.8068965517241379,162,0.10493827160493827
W089,267,0.59375,150,0.5733333333333334
W089,268,0.7142857142857143,374,0.40106951871657753
W089,269,0.8137254901960784,187,0.45454545454545453
W089,270,0.5952380952380952,148,0.43243243243243246
W089,271,0.755,267,0.250936329588015
W089,272,0.7192982456140351,219,0.2191780821917808
W089,273,0.7384615384615385,233,0.1630901287553648
W089,274,0.7888888888888889,210,0.14285714285714285
W089,275,0.827906976744186,255,0.1568627450980392
W089,276,0.8145695364238411,175,0.13714285714285715
W089,277,0.7786259541984732,299,0.12374581939799331
W089,278,0.7407407407407407,255,0.15294117647058825
W089,279,0.7883597883597884,219,0.136986301369863
W089,281,0.7526881720430108,213,0.1267605633802817
W089,282,0.7747747747747747,386,0.13730569948186527
W089,283,0.8068669527896996,256,0.08984375
W089,284,0.7969543147208121,232,0.15086206896551724
W089,285,0.7567567567567568,220,0.1590909090909091
W089,286,0.7659574468085106,330,0.14545454545454545
W089,287,0.74,442,0.09502262443438914
W089,288,0.76,355,0.08450704225352113
W089,289,0.7602339181286549,385,0.11168831168831168
W089,290,0.7897435897435897,433,0.09930715935334873
W089,291,0.7836538461538461,466,0.1072961373390558
W089,292,0.8024691358024691,179,0.09497206703910614
W089,293,0.7888349514563107,462,0.10822510822510822
W089,294,0.803030303030303,367,0.1008174386920981
W089,295,0.7916666666666666,153,0.058823529411764705
W089,296,0.8109756097560976,349,0.06017191977077364
W089,297,0.8156424581005587,401,0.10723192019950124
W089,298,0.7908309455587392,390,0.10512820512820513
W089,299,0.8244047619047619,377,0.10875331564986737
W089,300,0.8429003021148036,358,0.07541899441340782
W089,301,0.7875354107648725,396,0.10858585858585859
W089,302,0.7268041237113402,261,0.2567049808429119
W089,303,0.7777777777777778,230,0.21739130434782608
W089,304,0.7756756756756756,459,0.19389978213507625
W089,305,0.7845303867403315,437,0.17162471395881007
W089,306,0.7754569190600522,452,0.15265486725663716
W089,307,0.74,67,0.2537313432835821
W089,308,0.7603911980440098,492,0.16869918699186992
W089,309,0.7781954887218046,338,0.21301775147928995
W089,310,0.7888888888888889,404,0.10891089108910891
W089,311,0.8199233716475096,312,0.16346153846153846
W089,312,0.7994505494505495,430,0.15348837209302327
W089,313,0.7235772357723578,457,0.1925601750547046
W089,314,0.7777777777777778,345,0.1391304347826087
W089,315,0.7894736842105263,180,0.15555555555555556
W089,316,0.7582089552238805,382,0.12303664921465969
W089,317,0.8037383177570093,249,0.14056224899598393
W089,318,0.7625698324022346,410,0.12682926829268293
W089,319,0.7924944812362031,503,0.09940357852882704
W089,320,0.7864077669902912,479,0.13987473903966596
W089,321,0.8154761904761905,415,0.19036144578313252
W089,322,0.8126801152737753,423,0.17966903073286053
W089,323,0.7837301587301587,567,0.1111111111111111
W089,324,0.8151815181518152,367,0.17438692098092642
W089,325,0.75,427,0.297423887587822
W089,326,0.8228699551569507,513,0.13060428849902533
W089,327,0.834070796460177,513,0.1189083820662768
W089,328,0.8114558472553699,482,0.13070539419087138
W089,329,0.7720588235294118,305,0.10819672131147541
W089,330,0.7720739219712526,544,0.10477941176470588
W089,331,0.8368421052631579,426,0.107981220657277
W089,332,0.8006535947712419,353,0.13314447592067988
W089,333,0.830379746835443,444,0.11036036036036036
W089,334,0.8394160583941606,472,0.1292372881355932
W089,335,0.8147058823529412,391,0.13043478260869565
W089,336,0.774074074074074,316,0.14556962025316456
W089,337,0.8082788671023965,515,0.1087378640776699
W089,338,0.8059071729957806,265,0.10566037735849057
W089,339,0.7884615384615384,403,0.0967741935483871
W089,340,0.7926136363636364,406,0.1330049261083744
W089,341,0.7989556135770235,422,0.0924170616113744
W089,342,0.8152866242038217,338,0.07100591715976332
W089,343,0.7879581151832461,443,0.13769751693002258
W089,344,0.775811209439528,397,0.14609571788413098
W089,345,0.7971014492753623,409,0.15647921760391198
W089,346,0.7818627450980392,476,0.14285714285714285
W089,347,0.7945205479452054,409,0.10757946210268948
W089,348,0.753731343283582,455,0.11648351648351649
W089,349,0.7795698924731183,422,0.11848341232227488
W089,350,0.7959183673469388,438,0.1050228310502283
W089,351,0.7804878048780488,417,0.11510791366906475
W089,352,0.8105515587529976,457,0.087527352297593
W089,353,0.7965260545905707,436,0.07568807339449542
W089,354,0.8609271523178808,334,0.09580838323353294
W089,355,0.7857142857142857,458,0.08296943231441048
W089,356,0.8061224489795918,435,0.09885057471264368
W089,357,0.8042553191489362,267,0.1198501872659176
W089,358,0.8106796116504854,466,0.11587982832618025
W089,359,0.8211586901763224,453,0.12362030905077263
W089,360,0.7688442211055276,232,0.14224137931034483
W089,361,0.7942386831275721,269,0.09665427509293681
W089,362,0.8757062146892656,190,0.06842105263157895
W089,363,0.7363636363636363,140,0.21428571428571427
W089,364,0.7954545454545454,410,0.14146341463414633
W089,365,0.7871853546910755,503,0.1312127236580517
W089,366,0.7408376963350786,436,0.12385321100917432
W089,367,0.7737789203084833,455,0.14505494505494507
W089,368,0.7818181818181819,434,0.11290322580645161
W089,369,0.8073878627968337,428,0.11448598130841121
W089,370,0.80625,523,0.08221797323135756
W089,371,0.7946666666666666,419,0.10501193317422435
W089,372,0.7746835443037975,452,0.1261061946902655
W089,373,0.7730496453900709,478,0.11506276150627615
W089,374,0.7668161434977578,498,0.10441767068273092
W089,375,0.7577639751552795,546,0.11538461538461539
W089,376,0.801452784503632,453,0.08830022075055188
W089,377,0.7789256198347108,527,0.08159392789373814
W089,378,0.8044077134986226,409,0.11246943765281174
W089,379,0.7729083665338645,284,0.11619718309859155
W089,380,0.8154506437768241,513,0.09161793372319688
W089,381,0.8148148148148148,415,0.0891566265060241
W089,382,0.7765237020316027,497,0.10865191146881288
W089,383,0.8333333333333334,251,0.11553784860557768
W089,384,0.7947019867549668,530,0.14528301886792452
W089,385,0.7692307692307693,263,0.11026615969581749
W089,386,0.7936507936507936,443,0.14672686230248308
W089,387,0.7905759162303665,435,0.12183908045977011
W089,388,0.7642857142857142,317,0.1167192429022082
W089,389,0.7753479125248509,552,0.08876811594202899
W089,390,0.773224043715847,411,0.10948905109489052
W089,391,0.8148148148148148,449,0.15812917594654788
W089,392,0.8044692737430168,404,0.11386138613861387
W089,393,0.8317073170731707,463,0.11447084233261338
W089,394,0.814176245210728,579,0.09844559585492228
W089,395,0.7953367875647669,455,0.15164835164835164
W089,396,0.7809278350515464,460,0.1565217391304348
W089,397,0.7972602739726027,427,0.1451990632318501
W089,398,0.8162291169451074,483,0.13250517598343686
W089,399,0.8290398126463701,484,0.11776859504132231
W089,400,0.7904761904761904,461,0.08893709327548807
W089,401,0.7695852534562212,480,0.09583333333333334
W089,402,0.7741935483870968,192,0.19270833333333334
W089,403,0.8095238095238095,261,0.19540229885057472
W089,404,0.7927350427350427,540,0.13333333333333333
W089,405,0.7818181818181819,249,0.11646586345381527
W089,406,0.7910447761194029,319,0.15987460815047022
W089,407,0.7816091954022989,109,0.2018348623853211
W089,408,0.7626112759643917,385,0.12467532467532468
W089,409,0.7836990595611285,359,0.11142061281337047
W089,410,0.8167330677290837,274,0.08394160583941605
W089,411,0.7799227799227799,298,0.13087248322147652
W089,412,0.7695852534562212,236,0.08050847457627118
W089,413,0.79,221,0.09502262443438914
W089,414,0.7675438596491229,261,0.12643678160919541
W089,415,0.7307692307692307,292,0.1095890410958904
W089,416,0.8373983739837398,429,0.13986013986013987
W089,417,0.7928571428571428,324,0.13580246913580246
W089,418,0.7799043062200957,229,0.08733624454148471
W089,419,0.7781954887218046,292,0.08904109589041095
W089,420,0.7969924812030075,150,0.11333333333333333
W089,421,0.8076923076923077,298,0.12751677852348994
W089,422,0.7730769230769231,287,0.09407665505226481
W089,423,0.8083333333333333,269,0.10780669144981413
W089,424,0.7744360902255639,297,0.10437710437710437
W089,425,0.7357512953367875,225,0.14222222222222222
W089,426,0.8355437665782494,408,0.07598039215686274
W089,427,0.8048780487804879,190,0.1368421052631579
W089,428,0.8121827411167513,216,0.08796296296296297
W089,429,0.7774647887323943,392,0.09438775510204081
W089,430,0.8272727272727273,236,0.06779661016949153
W089,431,0.7887323943661971,155,0.08387096774193549
W089,432,0.7701863354037267,187,0.13903743315508021
W089,433,0.59375,51,0.37254901960784315
W089,434,0.7683397683397684,312,0.16987179487179488
W089,435,0.75,150,0.14666666666666667
W089,436,0.7804878048780488,233,0.12017167381974249
W089,437,0.8035087719298246,639,0.107981220657277
W089,438,0.7865168539325843,522,0.1475095785440613
W089,439,0.7678571428571429,320,0.125
W089,440,0.8055555555555556,474,0.08860759493670886
W089,441,0.8,201,0.12935323383084577
W089,442,0.8197879858657244,617,0.08265802269043761
W089,443,0.7824933687002652,411,0.0827250608272506
W089,444,0.8034188034188035,511,0.08414872798434442
W089,445,0.7678571428571429,436,0.3577981651376147
W089,446,0.7873303167420814,246,0.1016260162601626
W089,447,0.7642679900744417,439,0.08200455580865604
W089,448,0.8017857142857143,613,0.0864600326264274
W089,449,0.7974683544303798,339,0.06784660766961652
W089,450,0.8516949152542372,509,0.07269155206286837
W089,451,0.7927927927927928,370,0.1
W089,452,0.7928870292887029,537,0.10986964618249534
W089,453,0.8270676691729323,289,0.07958477508650519
W089,454,0.8181818181818182,169,0.28402366863905326
W089,455,0.7902439024390244,456,0.10087719298245613
W089,456,0.8146341463414634,230,0.10869565217391304
W089,457,0.8458498023715415,270,0.06296296296296296
W089,458,0.8082901554404145,214,0.09813084112149532
W089,459,0.8198529411764706,307,0.11400651465798045
W089,460,0.8248587570621468,395,0.10379746835443038
W089,462,0.8029925187032418,451,0.11086474501108648
W089,463,0.7816901408450704,464,0.08189655172413793
W089,464,0.803030303030303,428,0.07476635514018691
W089,465,0.830423940149626,439,0.08656036446469248
W089,466,0.7978494623655914,509,0.08644400785854617
W089,467,0.8292134831460675,479,0.0709812108559499
W089,468,0.8818181818181818,122,0.09836065573770492
W089,469,0.8107142857142857,302,0.0728476821192053
W089,470,0.7840172786177105,512,0.095703125
W089,471,0.7816091954022989,277,0.05776173285198556
W089,472,0.8587570621468926,188,0.05851063829787234
W089,473,0.8,427,0.08665105386416862
W089,474,0.8202247191011236,486,0.08436213991769548
W089,475,0.8192090395480226,578,0.08131487889273356
W089,476,0.811965811965812,518,0.09652509652509653
W089,477,0.8136020151133502,433,0.08314087759815242
W089,478,0.8344086021505376,504,0.07738095238095238
W089,479,0.8149882903981265,471,0.09341825902335456
W089,480,0.8176638176638177,386,0.09067357512953368
W089,481,0.8168724279835391,532,0.08646616541353383
W089,482,0.817966903073286,482,0.12240663900414937
W089,483,0.8125,206,0.14563106796116504
W089,484,0.8490990990990991,487,0.08829568788501027
W089,485,0.8144796380090498,494,0.10526315789473684
W089,486,0.835820895522388,302,0.11258278145695365
W089,487,0.8071748878923767,249,0.10441767068273092
W089,488,0.8012170385395537,527,0.06451612903225806
W089,489,0.8278529980657641,564,0.08333333333333333
W089,490,0.8034934497816594,494,0.0728744939271255
W089,491,0.8247191011235955,466,0.045064377682403435
W089,492,0.8337801608579088,429,0.13053613053613053
W089,493,0.820040899795501,529,0.07561436672967864
W089,494,0.8194130925507901,482,0.08091286307053942
W089,495,0.8400954653937948,455,0.07912087912087912
W089,496,0.8378839590443686,643,0.08864696734059098
W089,497,0.8,482,0.07676348547717843
W089,498,0.7975077881619937,362,0.1132596685082873
W089,499,0.8206106870229007,557,0.059245960502693
W089,500,0.8158995815899581,263,0.09125475285171103
W089,501,0.8668280871670703,455,0.09230769230769231
W089,502,0.7900874635568513,371,0.07547169811320754
W089,503,0.8337129840546698,475,0.07578947368421053
W089,504,0.7689243027888446,275,0.08727272727272728
W089,505,0.8122977346278317,341,0.093841642228739
W089,506,0.8167202572347267,344,0.09593023255813954
W089,507,0.7310344827586207,190,0.23684210526315788
W089,508,0.8160676532769556,515,0.08155339805825243
W089,509,0.7832167832167832,317,0.09779179810725552
W089,510,0.8138528138528138,260,0.11153846153846154
W089,511,0.8195991091314031,483,0.07039337474120083
W089,512,0.8607594936708861,512,0.07421875
W089,513,0.834983498349835,335,0.0955223880597015
W089,514,0.8292682926829268,262,0.21755725190839695
W089,515,0.8561643835616438,354,0.1751412429378531
W089,516,0.8243626062322946,393,0.10178117048346055
W089,517,0.8493827160493828,449,0.09799554565701558
W089,518,0.8306010928961749,404,0.09405940594059406
W089,519,0.8493975903614458,369,0.1002710027100271
W089,520,0.8591549295774648,325,0.12615384615384614
W089,521,0.8157894736842105,254,0.10236220472440945
W089,522,0.8140845070422535,391,0.09207161125319693
W089,523,0.8408488063660478,420,0.10238095238095238
W089,524,0.846820809248555,387,0.10594315245478036
W089,525,0.8021201413427562,312,0.09294871794871795
W089,526,0.8389423076923077,479,0.1315240083507307
W089,527,0.8291316526610645,414,0.13768115942028986
W089,528,0.8305785123966942,273,0.11355311355311355
W089,529,0.8535980148883374,448,0.10044642857142858
W089,530,0.8379888268156425,403,0.11166253101736973
W089,531,0.8325123152709359,456,0.10964912280701754
W089,532,0.8488372093023255,372,0.07526881720430108
W089,533,0.8597785977859779,303,0.10561056105610561
W089,534,0.8483754512635379,623,0.11075441412520064
W089,535,0.8381742738589212,278,0.13309352517985612
W089,536,0.8712374581939799,654,0.0856269113149847
W089,537,0.8585131894484412,453,0.07947019867549669
W089,538,0.8659127625201939,658,0.05927051671732523
W089,539,0.8453427065026362,609,0.06568144499178982
W089,540,0.8405511811023622,549,0.07468123861566485
W089,541,0.8525754884547069,606,0.07095709570957096
W089,542,0.8452200303490136,709,0.07052186177715092
W089,543,0.8664383561643836,632,0.0759493670886076
W089,544,0.8571428571428571,448,0.078125
W089,545,0.851581508515815,876,0.06164383561643835
W089,546,0.8404726735598228,730,0.07260273972602739
W089,547,0.8725038402457758,694,0.06195965417867435
W089,548,0.8699300699300699,757,0.05548216644649934
W089,549,0.837037037037037,591,0.08629441624365482
W089,550,0.8857142857142857,835,0.07784431137724551
W089,551,0.8609077598828697,738,0.07452574525745258
W089,552,0.8847631241997439,823,0.05103280680437424
W089,553,0.8820143884892087,743,0.06460296096904442
W089,554,0.8464912280701754,740,0.07567567567567568
W089,555,0.8689189189189189,796,0.07035175879396985
W089,556,0.8213166144200627,350,0.08857142857142856
W089,557,0.8462686567164179,720,0.06944444444444445
W089,558,0.8445440956651719,717,0.06694560669456066
W089,559,0.8639760837070254,715,0.06433566433566433
W089,560,0.8668639053254438,720,0.06111111111111111
W089,561,0.8348294434470377,602,0.07475083056478406
W089,562,0.849493487698987,724,0.04558011049723757
W089,563,0.8615591397849462,787,0.054637865311308764
W089,564,0.8562691131498471,706,0.07365439093484419
W089,565,0.5441176470588235,95,0.28421052631578947
W089,566,0.8525073746312685,730,0.07123287671232877
W094,370,0.7033898305084746,333,0.2912912912912913
W094,371,0.7550200803212851,322,0.2267080745341615
W094,372,0.7478632478632479,322,0.2732919254658385
W094,373,0.7846153846153846,238,0.18067226890756302
W094,374,0.7083333333333334,196,0.2653061224489796
W094,375,0.7647058823529411,187,0.2727272727272727
W094,376,0.7553516819571865,474,0.310126582278481
W094,377,0.7634069400630915,406,0.21921182266009853
W094,378,0.7620967741935484,314,0.21019108280254778
W094,379,0.8861788617886179,355,0.30704225352112674
W094,380,0.75,282,0.2624113475177305
W094,381,0.7447698744769874,336,0.28869047619047616
W094,382,0.7695473251028807,327,0.25688073394495414
W094,383,0.7195945945945946,384,0.22916666666666666
W094,384,0.7854251012145749,295,0.16271186440677965
W094,385,0.7795918367346939,302,0.18874172185430463
W094,386,0.7581227436823105,341,0.187683284457478
W094,387,0.7872340425531915,302,0.22185430463576158
W094,388,0.75,318,0.22012578616352202
W094,389,0.7707006369426752,387,0.18863049095607234
W094,390,0.8169014084507042,345,0.17681159420289855
W094,391,0.8141592920353983,273,0.17216117216117216
W094,392,0.7412280701754386,286,0.20279720279720279
W094,393,0.7792642140468228,373,0.19839142091152814
W094,394,0.7272727272727273,337,0.24925816023738873
W094,395,0.739938080495356,382,0.1544502617801047
W094,396,0.7484276729559748,372,0.14516129032258066
W094,397,0.8053435114503816,330,0.20606060606060606
W094,398,0.7935103244837758,372,0.08870967741935484
W094,399,0.7547892720306514,320,0.184375
W094,400,0.7936507936507936,323,0.21981424148606812
W094,401,0.7839721254355401,390,0.2641025641025641
W094,402,0.7672955974842768,201,0.208955223880597
W094,403,0.7733333333333333,416,0.27884615384615385
W094,404,0.5769230769230769,63,0.5873015873015873
W094,405,0.7457627118644068,176,0.32954545454545453
W094,406,0.7692307692307693,488,0.2807377049180328
W094,407,0.7529880478087649,378,0.335978835978836
W094,408,0.7896678966789668,357,0.24089635854341737
W094,409,0.7786259541984732,351,0.2535612535612536
W094,410,0.771505376344086,445,0.16404494382022472
W094,411,0.7777777777777778,446,0.21300448430493274
W094,412,0.7878787878787878,173,0.23699421965317918
W094,413,0.7822222222222223,287,0.21602787456445993
W094,414,0.7796610169491526,466,0.24034334763948498
W094,415,0.8242424242424242,431,0.23433874709976799
W094,416,0.7874251497005988,430,0.22325581395348837
W094,417,0.8264984227129337,392,0.1913265306122449
W094,418,0.8222222222222222,443,0.1873589164785553
W094,419,0.8178294573643411,327,0.21100917431192662
W094,420,0.8012422360248447,420,0.23333333333333334
W094,421,0.8045602605863192,366,0.16120218579234974
W094,422,0.7854545454545454,359,0.233983286908078
W094,423,0.7916666666666666,345,0.16521739130434782
W094,424,0.7730061349693251,412,0.2087378640776699
W094,425,0.776937618147448,653,0.18989280245022971
W094,426,0.8140096618357487,493,0.16024340770791076
W094,427,0.780952380952381,157,0.33121019108280253
W094,428,0.7920489296636085,404,0.1905940594059406
W094,429,0.8041958041958042,501,0.1437125748502994
W094,430,0.8273381294964028,480,0.13125
W094,431,0.7900874635568513,393,0.1272264631043257
W094,432,0.8371134020618557,547,0.113345521023766
W094,433,0.8235294117647058,301,0.15282392026578073
W094,434,0.8349514563106796,381,0.1889763779527559
W094,435,0.7898089171974523,358,0.12290502793296089
W094,436,0.7582417582417582,333,0.18018018018018017
W094,437,0.7822085889570553,376,0.13297872340425532
W094,438,0.80625,569,0.15641476274165203
W094,439,0.8337349397590361,483,0.14078674948240166
W094,440,0.8240740740740741,391,0.17135549872122763
W094,441,0.8240223463687151,419,0.14558472553699284
W094,442,0.7868852459016393,344,0.11337209302325581
W094,443,0.784,446,0.1591928251121076
W094,444,0.8496932515337423,390,0.1641025641025641
W094,445,0.8222811671087533,431,0.12529002320185614
W094,446,0.8264248704663213,440,0.12272727272727273
W094,447,0.8096330275229358,499,0.12625250501002003
W094,448,0.8013468013468014,364,0.18406593406593408
W094,449,0.7608695652173914,275,0.16363636363636364
W094,450,0.8357142857142857,487,0.1375770020533881
W094,451,0.8120104438642297,438,0.12557077625570776
W094,452,0.8045325779036827,416,0.15144230769230768
W094,453,0.8082191780821918,356,0.1797752808988764
W094,454,0.8166666666666667,435,0.1724137931034483
W094,455,0.7909090909090909,407,0.1891891891891892
W094,456,0.8567073170731707,390,0.15897435897435896
W094,457,0.7710843373493976,322,0.2267080745341615
W094,458,0.7982456140350878,304,0.25
W094,459,0.8211382113821138,300,0.18
W094,460,0.8112582781456954,386,0.21761658031088082
W094,461,0.8379204892966361,414,0.21014492753623187
W094,462,0.8301886792452831,394,0.19289340101522842
W094,463,0.8107344632768362,428,0.17289719626168223
W094,464,0.8564593301435407,510,0.1803921568627451
W094,465,0.852803738317757,507,0.15581854043392504
W094,466,0.7380952380952381,305,0.4491803278688525
W094,467,0.8421052631578947,338,0.3254437869822485
W094,468,0.8551724137931035,392,0.2602040816326531
W094,469,0.8279569892473119,341,0.18181818181818182
W094,470,0.871900826446281,311,0.22186495176848875
W094,471,0.8639455782312925,358,0.1787709497206704
W094,472,0.8237547892720306,320,0.184375
W094,473,0.8438438438438438,499,0.33266533066132264
W094,474,0.8618181818181818,353,0.22096317280453256
W094,475,0.8415094339622642,329,0.1945288753799392
W094,477,0.7752808988764045,139,0.3597122302158273
W094,478,0.7936507936507936,157,0.19745222929936307
W094,479,0.8165137614678899,140,0.22142857142857142
W094,480,0.849112426035503,444,0.23873873873873874
W094,481,0.5363128491620112,318,0.4371069182389937
W094,482,0.7085953878406709,702,0.32051282051282054
W094,483,0.738255033557047,1111,0.19531953195319532
W094,484,0.7777777777777778,994,0.07645875251509054
W094,485,0.8006134969325154,444,0.26576576576576577
W094,486,0.8516483516483516,455,0.2
W094,487,0.8510028653295129,411,0.15085158150851583
W094,488,0.8637532133676092,445,0.1258426966292135
W094,489,0.8805555555555555,428,0.1588785046728972
W094,490,0.7523809523809524,726,0.1322314049586777
W094,491,0.65527950310559,671,0.5201192250372578
W094,493,0.6902106567534076,1016,0.20570866141732283
W094,494,0.7247706422018348,316,0.310126582278481
W094,495,0.7366771159874608,1227,0.2200488997555012
W094,496,0.7855504587155964,1061,0.17813383600377003
W094,497,0.7911857292759706,1157,0.1763180639585134
W094,498,0.815365551425031,1009,0.2001982160555005
W094,499,0.887905604719764,398,0.14824120603015076
W094,500,0.8742138364779874,373,0.14745308310991956
W094,501,0.8916967509025271,328,0.15548780487804878
W094,502,0.8647959183673469,462,0.15151515151515152
W094,503,0.916083916083916,337,0.1513353115727003
W094,504,0.8559077809798271,402,0.13681592039800994
W094,505,0.8981481481481481,381,0.14960629921259844
W094,506,0.8558558558558559,380,0.12368421052631579
W094,507,0.8629441624365483,461,0.14533622559652928
W094,508,0.9205298013245033,352,0.14204545454545456
W094,509,0.84,278,0.1906474820143885
W094,510,0.8992805755395683,348,0.20114942528735633
W094,511,0.8524590163934426,365,0.1643835616438356
W094,512,0.8592592592592593,338,0.20118343195266272
W094,513,0.8858131487889274,345,0.16231884057971013
W094,514,0.8679245283018868,426,0.2535211267605634
W094,515,0.8002070393374742,1090,0.11376146788990826
W094,516,0.47540983606557374,114,0.4649122807017544
W094,517,0.9113475177304965,344,0.18023255813953487
W094,518,0.8534704370179949,464,0.16163793103448276
W094,519,0.8787878787878788,482,0.17842323651452283
W094,520,0.8045738045738046,594,0.19023569023569023
W094,521,0.875,434,0.1336405529953917
W094,522,0.8725490196078431,486,0.16049382716049382
W094,523,0.9126984126984127,442,0.14479638009049775
W094,524,0.853125,365,0.1232876712328767
W094,525,0.7466124661246613,972,0.24074074074074073
W094,526,0.8024691358024691,1494,0.18674698795180722
